CVE_ID,Description,Severity,CVSS_Score,CWE,Year
CVE-2020-0001,"In getProcessRecordLocked of ActivityManagerService.java isolated apps are not handled correctly. This could lead to local escalation of privilege with no additional execution privileges needed. User interaction is not needed for exploitation. Product: Android Versions: Android-8.0, Android-8.1, Android-9, and Android-10 Android ID: A-140055304",HIGH,7.8,NVD-CWE-noinfo,2020
CVE-2020-0002,"In ih264d_init_decoder of ih264d_api.c, there is a possible out of bounds write due to a use after free. This could lead to remote code execution with no additional execution privileges needed. User interaction is needed for exploitation Product: Android Versions: Android-8.0, Android-8.1, Android-9, and Android-10 Android ID: A-142602711",HIGH,8.8,CWE-416,2020
CVE-2020-0003,"In onCreate of InstallStart.java, there is a possible package validation bypass due to a time-of-check time-of-use vulnerability. This could lead to local escalation of privilege with no additional execution privileges needed. User interaction is needed for exploitation. Product: Android Versions: Android-8.0 Android ID: A-140195904",MEDIUM,6.7,CWE-367,2020
CVE-2020-0004,"In generateCrop of WallpaperManagerService.java, there is a possible sysui crash due to image exceeding maximum texture size. This could lead to local denial of service with no additional execution privileges needed. User interaction is not needed for exploitation.Product: AndroidVersions: Android-8.0 Android-8.1 Android-9 Android-10Android ID: A-120847476",MEDIUM,5.5,CWE-755,2020
CVE-2020-0005,"In btm_read_remote_ext_features_complete of btm_acl.cc, there is a possible out of bounds write due to a missing bounds check. This could lead to local escalation of privilege with System execution privileges needed. User interaction is not needed for exploitation.Product: AndroidVersions: Android-8.0 Android-8.1 Android-9 Android-10Android ID: A-141552859",MEDIUM,6.7,CWE-787,2020
CVE-2020-0006,"In rw_i93_send_cmd_write_single_block of rw_i93.cc, there is a possible information disclosure of heap memory due to uninitialized data. This could lead to remote information disclosure in the NFC server with no additional execution privileges needed. User interaction is needed for exploitation. Product: Android Versions: Android-8.0, Android-8.1, Android-9, and Android-10 Android ID: A-139738828",MEDIUM,6.5,CWE-908,2020
CVE-2020-0007,"In flattenString8 of Sensor.cpp, there is a possible information disclosure of heap memory due to uninitialized data. This could lead to local information disclosure with no additional execution privileges needed. User interaction is not needed for exploitation. Product: Android Versions: Android-8.0, Android-8.1, Android-9, and Android-10 Android ID: A-141890807",MEDIUM,5.5,CWE-908,2020
CVE-2020-0008,"In LowEnergyClient::MtuChangedCallback of low_energy_client.cc, there is a possible out of bounds read due to a race condition. This could lead to local information disclosure with no additional execution privileges needed. User interaction is not needed for exploitation. Product: Android Versions: Android-8.0, Android-8.1, Android-9, and Android-10 Android ID: A-142558228",MEDIUM,4.7,CWE-125,2020
CVE-2020-0009,"In calc_vm_may_flags of ashmem.c, there is a possible arbitrary write to shared memory due to a permissions bypass. This could lead to local escalation of privilege by corrupting memory shared between processes, with no additional execution privileges needed. User interaction is not needed for exploitation. Product: Android Versions: Android kernel Android ID: A-142938932",MEDIUM,5.5,CWE-276,2020
CVE-2020-0010,"In fpc_ta_get_build_info of fpc_ta_kpi.c, there is a possible out of bounds write due to a missing bounds check. This could lead to local escalation of privilege with System execution privileges needed. User interaction is not needed for exploitation.Product: AndroidVersions: Android kernelAndroid ID: A-137014293References: N/A",MEDIUM,6.7,CWE-787,2020
CVE-2020-0011,"In get_auth_result of fpc_ta_hw_auth.c, there is a possible out of bounds write due to a missing bounds check. This could lead to local escalation of privilege with System execution privileges needed. User interaction is not needed for exploitation.Product: AndroidVersions: Android kernelAndroid ID: A-137648045References: N/A",MEDIUM,6.7,CWE-787,2020
CVE-2020-0012,"In fpc_ta_pn_get_unencrypted_image of fpc_ta_pn.c, there is a possible out of bounds write due to a missing bounds check. This could lead to local escalation of privilege with System execution privileges needed. User interaction is not needed for exploitation.Product: AndroidVersions: Android kernelAndroid ID: A-137648844",MEDIUM,6.7,CWE-787,2020
CVE-2020-0014,It is possible for a malicious application to construct a TYPE_TOAST window manually and make that window clickable. This could lead to a local escalation of privilege with no additional execution privileges needed. User action is needed for exploitation.Product: AndroidVersions: Android-8.0 Android-8.1 Android-9 Android-10Android ID: A-128674520,MEDIUM,5.5,CWE-1021,2020
CVE-2020-0015,"In onCreate of CertInstaller.java, there is a possible way to overlay the Certificate Installation dialog by a malicious application. This could lead to local escalation of privilege with no additional execution privileges needed. User interaction is needed for exploitation.Product: AndroidVersions: Android-8.0 Android-8.1 Android-9 Android-10Android ID: A-139017101",HIGH,7.8,NVD-CWE-noinfo,2020
CVE-2020-0016,"In the Broadcom Nexus firmware, there is an insecure default password. This could lead to local escalation of privilege in the kernel with no additional execution privileges needed. User interaction is not needed for exploitation.Product: AndroidVersions: Android SoCAndroid ID: A-171413483",HIGH,7.8,CWE-798,2020
CVE-2020-0017,"In multiple places, it was possible for the primary user’s dictionary to be visible to and modifiable by secondary users. This could lead to local information disclosure with no additional execution privileges needed. User interaction is needed for exploitation.Product: AndroidVersions: Android-8.0 Android-8.1 Android-9 Android-10Android ID: A-123232892",MEDIUM,4.4,NVD-CWE-noinfo,2020
CVE-2020-0018,"In MotionEntry::appendDescription of InputDispatcher.cpp, there is a possible log information disclosure. This could lead to local disclosure of user input with System execution privileges needed. User interaction is not needed for exploitation.Product: AndroidVersions: Android-8.0 Android-8.1 Android-9 Android-10Android ID: A-139945049",MEDIUM,4.4,CWE-532,2020
CVE-2020-0019,"In the Broadcom Nexus firmware, there is an insecure default password. This could lead to local information disclosure in the kernel with no additional execution privileges needed. User interaction is not needed for exploitation.Product: AndroidVersions: Android SoCAndroid ID: A-171413798",MEDIUM,5.5,CWE-1188,2020
CVE-2020-0020,"In getAttributeRange of ExifInterface.java, there is a possible failure to redact location information from media files due to an incorrect bounds check. This could lead to local information disclosure with User execution privileges needed. User interaction is not needed for exploitation.Product: AndroidVersions: Android-10Android ID: A-143118731",MEDIUM,5.5,CWE-119,2020
CVE-2020-0021,"In removeUnusedPackagesLPw of PackageManagerService.java, there is a possible permanent denial-of-service due to a missing package dependency test. This could lead to remote denial of service with User execution privileges needed. User interaction is not needed for exploitation.Product: AndroidVersions: Android-10Android ID: A-141413692",MEDIUM,6.5,CWE-476,2020
CVE-2020-0022,"In reassemble_and_dispatch of packet_fragmenter.cc, there is possible out of bounds write due to an incorrect bounds calculation. This could lead to remote code execution over Bluetooth with no additional execution privileges needed. User interaction is not needed for exploitation.Product: AndroidVersions: Android-8.0 Android-8.1 Android-9 Android-10Android ID: A-143894715",HIGH,8.8,CWE-682,2020
CVE-2020-0023,"In setPhonebookAccessPermission of AdapterService.java, there is a possible disclosure of user contacts over bluetooth due to a missing permission check. This could lead to local information disclosure if a malicious app enables contacts over a bluetooth connection, with User execution privileges needed. User interaction is not needed for exploitation.Product: AndroidVersions: Android-10Android ID: A-145130871",MEDIUM,5.5,CWE-862,2020
CVE-2020-0024,"In onCreate of SettingsBaseActivity.java, there is a possible unauthorized setting modification due to a permissions bypass. This could lead to local escalation of privilege with no additional execution privileges needed. User interaction is needed for exploitation.Product: AndroidVersions: Android-8.1 Android-9 Android-10 Android-8.0Android ID: A-137015265",HIGH,7.8,CWE-276,2020
CVE-2020-0025,"In deletePackageVersionedInternal of PackageManagerService.java, there is a possible way to exit Screen Pinning due to a permissions bypass. This could lead to local escalation of privilege with no additional execution privileges needed. User interaction is not needed for exploitation.Product: AndroidVersions: Android-11Android ID: A-135604684",HIGH,7.8,NVD-CWE-noinfo,2020
CVE-2020-0026,"In Parcel::continueWrite of Parcel.cpp, there is possible memory corruption due to a use after free. This could lead to local escalation of privilege with no additional execution privileges needed. User interaction is not needed for exploitation.Product: AndroidVersions: Android-8.0 Android-8.1 Android-9 Android-10Android ID: A-140419401",HIGH,7.8,CWE-416,2020
CVE-2020-0027,"In HidRawSensor::batch of HidRawSensor.cpp, there is a possible out of bounds write due to an unexpected switch fallthrough. This could lead to local escalation of privilege with no additional execution privileges needed. User interaction is not needed for exploitation.Product: AndroidVersions: Android-8.0 Android-8.1 Android-9 Android-10Android ID: A-144040966",HIGH,7.8,CWE-787,2020
CVE-2020-0028,"In notifyNetworkTested and related functions of NetworkMonitor.java, there is a possible bypass of private DNS settings. This could lead to remote information disclosure with no additional execution privileges needed. User interaction is needed for exploitation.Product: AndroidVersions: Android-9Android ID: A-122652057",MEDIUM,6.5,NVD-CWE-noinfo,2020
CVE-2020-0029,"In the WifiConfigManager, there is a possible storage of location history which can only be deleted by triggering a factory reset. This could lead to local information disclosure with System execution privileges needed. User interaction is not needed for exploitation.Product: AndroidVersions: Android-10Android ID: A-140065828",LOW,2.3,CWE-200,2020
CVE-2020-0030,"In binder_thread_release of binder.c, there is a possible use after free due to a race condition. This could lead to local escalation of privilege with no additional execution privileges needed. User interaction is not needed for exploitation.Product: AndroidVersions: Android kernelAndroid ID: A-145286050References: Upstream kernel",HIGH,7.0,CWE-362,2020
CVE-2020-0031,"In triggerAugmentedAutofillLocked and related functions of Session.java, it is possible for Augmented Autofill to display sensitive information to the user inappropriately. This could lead to local information disclosure with no additional execution privileges needed. User interaction is needed for exploitation.Product: AndroidVersions: Android-10Android ID: A-141703197",MEDIUM,5.0,CWE-200,2020
CVE-2020-0032,"In ih264d_release_display_bufs of ih264d_utils.c, there is a possible out of bounds write due to a heap buffer overflow. This could lead to remote code execution with no additional execution privileges needed. User interaction is needed for exploitation.Product: AndroidVersions: Android-8.0 Android-8.1 Android-9 Android-10Android ID: A-145364230",HIGH,8.8,CWE-787,2020
CVE-2020-0033,"In CryptoPlugin::decrypt of CryptoPlugin.cpp, there is a possible out of bounds write due to stale pointer. This could lead to local escalation of privilege with no additional execution privileges needed. User interaction is not needed for exploitation.Product: AndroidVersions: Android-8.0 Android-8.1 Android-9 Android-10Android ID: A-144351324",HIGH,7.8,CWE-119,2020
CVE-2020-0034,"In vp8_decode_frame of decodeframe.c, there is a possible out of bounds read due to improper input validation. This could lead to remote information disclosure if error correction were turned on, with no additional execution privileges needed. User interaction is not needed for exploitation.Product: AndroidVersions: Android-8.0 Android-8.1Android ID: A-62458770",HIGH,7.5,CWE-125,2020
CVE-2020-0035,"In query of TelephonyProvider.java, there is a possible access to SIM card info due to a missing permission check. This could lead to local information disclosure with no additional execution privileges needed. User interaction is not needed for exploitation.Product: AndroidVersions: Android-8.0 Android-8.1 Android-9Android ID: A-140622024",MEDIUM,5.5,CWE-862,2020
CVE-2020-0036,"In hasPermissions of PermissionMonitor.java, there is a possible access to restricted permissions due to a permissions bypass. This could lead to local escalation of privilege with no additional execution privileges needed. User interaction is not needed for exploitation.Product: AndroidVersions: Android-8.0 Android-8.1 Android-9 Android-10Android ID: A-144679405",HIGH,7.8,CWE-863,2020
CVE-2020-0037,"In rw_i93_sm_set_read_only of rw_i93.cc, there is a possible out of bounds read due to a missing bounds check. This could lead to remote information disclosure over NFC with no additional execution privileges needed. User interaction is not needed for exploitation.Product: AndroidVersions: Android-8.0 Android-8.1 Android-9 Android-10Android ID: A-143106535",HIGH,7.5,CWE-125,2020
CVE-2020-0038,"In rw_i93_sm_update_ndef of rw_i93.cc, there is a possible read of uninitialized data due to a missing bounds check. This could lead to remote information disclosure with no additional execution privileges needed. User interaction is not needed for exploitation.Product: AndroidVersions: Android-8.0 Android-8.1 Android-9 Android-10Android ID: A-143109193",HIGH,7.5,CWE-125,2020
CVE-2020-0039,"In rw_i93_sm_update_ndef of rw_i93.cc, there is a possible read of uninitialized data due to a missing bounds check. This could lead to remote information disclosure with no additional execution privileges needed. User interaction is not needed for exploitation.Product: AndroidVersions: Android-8.0 Android-8.1 Android-9 Android-10Android ID: A-143155861",HIGH,7.5,CWE-125,2020
CVE-2020-0041,"In binder_transaction of binder.c, there is a possible out of bounds write due to an incorrect bounds check. This could lead to local escalation of privilege with no additional execution privileges needed. User interaction is not needed for exploitation.Product: AndroidVersions: Android kernelAndroid ID: A-145988638References: Upstream kernel",HIGH,7.8,CWE-20,2020
CVE-2020-0042,"In fpc_ta_hw_auth_unwrap_key of fpc_ta_hw_auth_qsee.c, there is a possible out of bounds read due to a missing bounds check. This could lead to local information disclosure with System execution privileges needed. User interaction is not needed for exploitation.Product: AndroidVersions: Android kernelAndroid ID: A-137649599",MEDIUM,4.4,CWE-125,2020
CVE-2020-0043,"In authorize_enrol of fpc_ta_hw_auth.c, there is a possible out of bounds read due to a missing bounds check. This could lead to local information disclosure with System execution privileges needed. User interaction is not needed for exploitation.Product: AndroidVersions: Android kernelAndroid ID: A-137650218",MEDIUM,4.4,CWE-125,2020
CVE-2020-0044,"In set_nonce of fpc_ta_qc_auth.c, there is a possible out of bounds read due to a missing bounds check. This could lead to local information disclosure with System execution privileges needed. User interaction is not needed for exploitation.Product: AndroidVersions: Android kernelAndroid ID: A-137650219",MEDIUM,4.4,CWE-125,2020
CVE-2020-0045,"In StatsService::command of StatsService.cpp, there is possible memory corruption due to a race condition. This could lead to local escalation of privilege with System execution privileges needed. User interaction is not needed for exploitation.Product: AndroidVersions: Android-10Android ID: A-141243101",MEDIUM,6.4,CWE-362,2020
CVE-2020-0046,"In DrmPlugin::releaseSecureStops of DrmPlugin.cpp, there is a possible out of bounds write due to a heap buffer overflow. This could lead to local escalation of privilege with no additional execution privileges needed. User interaction is not needed for exploitation.Product: AndroidVersions: Android-10Android ID: A-137284652",HIGH,7.8,CWE-787,2020
CVE-2020-0047,"In setMasterMute of AudioService.java, there is a missing permission check. This could lead to local silencing of audio with no additional execution privileges needed. User interaction is not needed for exploitation.Product: AndroidVersions: Android-10Android ID: A-141622311",LOW,3.3,CWE-862,2020
CVE-2020-0048,"In onTransact of IAudioFlinger.cpp, there is a possible stack information leak due to uninitialized data. This could lead to local information disclosure with no additional execution privileges needed. User interaction is not needed for exploitation.Product: AndroidVersions: Android-10Android ID: A-139417189",MEDIUM,5.5,CWE-908,2020
CVE-2020-0049,"In onReadBuffer() of StreamingSource.cpp, there is a possible information disclosure due to uninitialized data. This could lead to remote information disclosure with no additional execution privileges needed. User interaction is needed for exploitation.Product: AndroidVersions: Android-10Android ID: A-140177694",MEDIUM,6.5,CWE-908,2020
CVE-2020-0050,"In nfa_hciu_send_msg of nfa_hci_utils.cc, there is a possible out of bounds write due to improper input validation. This could lead to local escalation of privilege in the NFC server with System execution privileges needed. User interaction is not needed for exploitation.Product: AndroidVersions: Android-10Android ID: A-124521372",MEDIUM,6.7,CWE-20,2020
CVE-2020-0051,"In onCreate of SettingsHomepageActivity, there is a possible tapjacking attack. This could lead to local escalation of privilege in Settings with no additional execution privileges needed. User interaction is needed for exploitation.Product: AndroidVersions: Android-10Android ID: A-138442483",HIGH,7.8,CWE-1021,2020
CVE-2020-0052,"In smsSelected of AnswerFragment.java, there is a way to send an SMS from the lock screen due to a permissions bypass. This could lead to local escalation of privilege on the lock screen with no additional execution privileges needed. User interaction is needed for exploitation.Product: AndroidVersions: Android-10Android ID: A-137102479",MEDIUM,4.3,CWE-306,2020
CVE-2020-0053,"In convertHidlNanDataPathInitiatorRequestToLegacy, and convertHidlNanDataPathIndicationResponseToLegacy of hidl_struct_util.cpp, there is a possible out of bounds write due to a missing bounds check. This could lead to local escalation of privilege with System execution privileges needed. User interaction is not needed for exploitation.Product: AndroidVersions: Android-10Android ID: A-143789898",MEDIUM,6.7,CWE-787,2020
CVE-2020-0054,"In WifiNetworkSuggestionsManager of WifiNetworkSuggestionsManager.java, there is a possible permission revocation due to a missing permission check. This could lead to local escalation of privilege with no additional execution privileges needed. User interaction is not needed for exploitation.Product: AndroidVersions: Android-10Android ID: A-146642727",HIGH,7.8,CWE-862,2020
CVE-2020-0055,"In l2c_link_process_num_completed_pkts of l2c_link.cc, there is a possible out of bounds read due to a missing bounds check. This could lead to local information disclosure with no additional execution privileges needed. User interaction is not needed for exploitation.Product: AndroidVersions: Android-10Android ID: A-141617601",MEDIUM,5.5,CWE-125,2020
CVE-2020-0056,"In btu_hcif_connection_comp_evt of btu_hcif.cc, there is a possible out of bounds read due to a missing bounds check. This could lead to local information disclosure with no additional execution privileges needed. User interaction is not needed for exploitation.Product: AndroidVersions: Android-10Android ID: A-141619686",MEDIUM,5.5,CWE-125,2020
CVE-2020-0057,"In btm_process_inq_results of btm_inq.cc, there is a possible out of bounds read due to a missing bounds check. This could lead to local information disclosure with no additional execution privileges needed. User interaction is not needed for exploitation.Product: AndroidVersions: Android-10Android ID: A-141620271",MEDIUM,5.5,CWE-125,2020
CVE-2020-0058,"In l2c_rcv_acl_data of l2c_main.cc, there is a possible out of bounds read due to an incorrect bounds check. This could lead to local information disclosure with System execution privileges needed. User interaction is not needed for exploitation.Product: AndroidVersions: Android-10Android ID: A-141745011",MEDIUM,4.4,CWE-125,2020
CVE-2020-0059,"In btm_ble_batchscan_filter_track_adv_vse_cback of btm_ble_batchscan.cc, there is a possible out of bounds read due to a missing bounds check. This could lead to local information disclosure with no additional execution privileges needed. User interaction is not needed for exploitation.Product: AndroidVersions: Android-10Android ID: A-142543524",MEDIUM,5.5,CWE-125,2020
CVE-2020-0060,"In query of SmsProvider.java and MmsSmsProvider.java, there is a possible permission bypass due to SQL injection. This could lead to local information disclosure with System execution privileges needed. User interaction is not needed for exploitation.Product: AndroidVersions: Android-10Android ID: A-143229845",MEDIUM,4.4,CWE-89,2020
CVE-2020-0061,"In Pixel Recorder, there is a possible permissions bypass allowing arbitrary apps to record audio. This could lead to local information disclosure with no additional execution privileges needed. User interaction is not needed for exploitation.Product: AndroidVersions: Android kernelAndroid ID: A-145504977",MEDIUM,5.5,NVD-CWE-noinfo,2020
CVE-2020-0062,"In Euicc, there is a possible information disclosure due to an included test Certificate. This could lead to remote information disclosure with no additional execution privileges needed. User interaction is not needed for exploitation.Product: AndroidVersions: Android kernelAndroid ID: A-143232031",HIGH,7.5,CWE-200,2020
CVE-2020-0063,"In SurfaceFlinger, it is possible to override UI confirmation screen protected by the TEE. This could lead to local escalation of privilege with no additional execution privileges needed. User interaction is needed for exploitation.Product: AndroidVersions: Android kernelAndroid ID: A-143128911",HIGH,7.3,NVD-CWE-noinfo,2020
CVE-2020-0064,An improper authorization while processing the provisioning data.Product: AndroidVersions: Android SoCAndroid ID: A-149866855,MEDIUM,5.5,NVD-CWE-noinfo,2020
CVE-2020-0065,An improper authorization in the receiver component of the Android Suite Daemon.Product: AndroidVersions: Android SoCAndroid ID: A-149813448,MEDIUM,5.5,NVD-CWE-noinfo,2020
CVE-2020-0066,"In the netlink driver, there is a possible out of bounds write due to a race condition. This could lead to local escalation of privilege with System execution privileges needed. User interaction is not needed for exploitation.Product: AndroidVersions: Android kernelAndroid ID: A-65025077",MEDIUM,6.4,CWE-362,2020
CVE-2020-0067,"In f2fs_xattr_generic_list of xattr.c, there is a possible out of bounds read due to a missing bounds check. This could lead to local information disclosure with System execution privileges needed. User interaction is not required for exploitation.Product: Android. Versions: Android kernel. Android ID: A-120551147.",MEDIUM,4.4,CWE-125,2020
CVE-2020-0068,"In crus_afe_get_param of msm-cirrus-playback.c, there is a possible out of bounds read due to an integer overflow. This could lead to local information disclosure with System execution privileges needed. User interaction is not needed for exploitation.Product: Android. Versions: Android kernel. Android ID: A-139354541",MEDIUM,4.4,CWE-125,2020
CVE-2020-0069,"In the ioctl handlers of the Mediatek Command Queue driver, there is a possible out of bounds write due to insufficient input sanitization and missing SELinux restrictions. This could lead to local escalation of privilege with no additional execution privileges needed. User interaction is not needed for exploitation.Product: AndroidVersions: Android kernelAndroid ID: A-147882143References: M-ALPS04356754",HIGH,7.8,CWE-787,2020
CVE-2020-0070,"In rw_t2t_update_lock_attributes of rw_t2t_ndef.cc, there is a possible out of bounds write due to a missing bounds check. This could lead to remote code execution over NFC with no additional execution privileges needed. User interaction is not needed for exploitation.Product: AndroidVersions: Android-8.0 Android-8.1 Android-9 Android-10Android ID: A-148159613",CRITICAL,9.8,CWE-787,2020
CVE-2020-0071,"In rw_t2t_extract_default_locks_info of rw_t2t_ndef.cc, there is a possible out of bounds write due to a missing bounds check. This could lead to remote code execution over NFC with no additional execution privileges needed. User interaction is not needed for exploitation.Product: AndroidVersions: Android-8.0 Android-8.1 Android-9 Android-10Android ID: A-147310721",CRITICAL,9.8,CWE-787,2020
CVE-2020-0072,"In rw_t2t_handle_tlv_detect_rsp of rw_t2t_ndef.cc, there is a possible out of bounds write due to a missing bounds check. This could lead to remote code execution over NFC with no additional execution privileges needed. User interaction is not needed for exploitation.Product: AndroidVersions: Android-8.0 Android-8.1 Android-9 Android-10Android ID: A-147310271",CRITICAL,9.8,CWE-787,2020
CVE-2020-0073,"In rw_t2t_handle_tlv_detect_rsp of rw_t2t_ndef.cc, there is a possible out of bounds write due to a missing bounds check. This could lead to remote code execution over NFC with no additional execution privileges needed. User interaction is not needed for exploitation.Product: AndroidVersions: Android-8.0 Android-8.1 Android-9 Android-10Android ID: A-147309942",CRITICAL,9.8,CWE-787,2020
CVE-2020-0074,"In verifyIntentFiltersIfNeeded of PackageManagerService.java, there is a possible settings bypass allowing an app to become the default handler for arbitrary domains. This could lead to local escalation of privilege with User execution privileges needed. User interaction is not needed for exploitation.Product: AndroidVersions: Android-11 Android-8.0 Android-8.1 Android-9 Android-10Android ID: A-146204120",HIGH,7.8,CWE-269,2020
CVE-2020-0075,"In set_shared_key of the FPC IRIS TrustZone app, there is a possible out of bounds read due to a missing bounds check. This could lead to local information disclosure with System execution privileges needed. User interaction is not needed for exploitation.Product: AndroidVersions: Android kernelAndroid ID: A-146057864",MEDIUM,4.4,CWE-125,2020
CVE-2020-0076,"In get_auth_result of the FPC IRIS TrustZone app, there is a possible out of bounds write due to a missing bounds check. This could lead to local escalation of privilege with System execution privileges needed. User interaction is not needed for exploitation.Product: AndroidVersions: Android kernelAndroid ID: A-146056878",MEDIUM,6.7,CWE-787,2020
CVE-2020-0077,"In authorize_enroll of the FPC IRIS TrustZone app, there is a possible out of bounds read due to a missing bounds check. This could lead to local information disclosure with System execution privileges needed. User interaction is not needed for exploitation.Product: AndroidVersions: Android kernelAndroid ID: A-146055840",MEDIUM,4.4,CWE-125,2020
CVE-2020-0078,"In releaseSecureStops of DrmPlugin.cpp, there is a possible out of bounds write due to a missing bounds check. This could lead to local escalation of privilege with no additional execution privileges needed. User interaction is not needed for exploitation.Product: AndroidVersions: Android-9 Android-10Android ID: A-144766455",HIGH,7.8,CWE-787,2020
CVE-2020-0079,"In decrypt_1_2 of CryptoPlugin.cpp, there is a possible out of bounds write due to stale pointer. This could lead to local escalation of privilege with no additional execution privileges needed. User interaction is not needed for exploitation.Product: AndroidVersions: Android-9 Android-10Android ID: A-144506242",HIGH,7.8,CWE-787,2020
CVE-2020-0080,"In onOpActiveChanged and related methods of AppOpsControllerImpl.java, there is a possible way to display an app overlaying other apps without the notification icon that it's overlaying. This could lead to local escalation of privilege with User execution privileges needed. User interaction is needed for exploitation.Product: AndroidVersions: Android-10Android ID: A-144092031",HIGH,7.8,NVD-CWE-noinfo,2020
CVE-2020-0081,"In finalize of AssetManager.java, there is possible memory corruption due to a double free. This could lead to local escalation of privilege with no additional execution privileges needed. User interaction is not needed for exploitation.Product: AndroidVersions: Android-8.0 Android-8.1 Android-9 Android-10Android ID: A-144028297",HIGH,7.8,CWE-415,2020
CVE-2020-0082,"In ExternalVibration of ExternalVibration.java, there is a possible activation of an arbitrary intent due to unsafe deserialization. This could lead to local escalation of privilege to system_server with no additional execution privileges needed. User interaction is not needed for exploitation.Product: AndroidVersions: Android-10Android ID: A-140417434",HIGH,7.8,CWE-502,2020
CVE-2020-0083,"In setRequirePmfInternal of sta_network.cpp, there is a possible default value being improperly applied due to a logic error. This could lead to remote denial of service with no additional execution privileges needed. User interaction is not needed for exploitation.Product: AndroidVersions: Android-10Android ID: A-142797954",HIGH,7.5,NVD-CWE-noinfo,2020
CVE-2020-0084,"In several functions of NotificationManagerService.java, there are missing permission checks. This could lead to local escalation of privilege by creating fake system notifications with no additional execution privileges needed. User interaction is not needed for exploitation.Product: AndroidVersions: Android-10Android ID: A-143339775",HIGH,7.8,CWE-862,2020
CVE-2020-0085,"In setBluetoothTethering of PanService.java, there is a possible permission bypass due to a missing permission check. This could lead to local escalation of privilege to activate tethering with no additional execution privileges needed. User interaction is not needed for exploitation.Product: AndroidVersions: Android-10Android ID: A-134487438",HIGH,7.8,CWE-862,2020
CVE-2020-0086,"In readCString of Parcel.cpp, there is a possible out of bounds write due to an integer overflow. This could lead to arbitrary code execution if IntSan were not enabled, which it is by default. No additional execution privileges are required. User interaction is not needed for exploitation. Product: Android Versions: Android-10 Android ID: A-131859347",CRITICAL,9.8,CWE-190,2020
CVE-2020-0087,"In getProcessPss of ActivityManagerService.java, there is a possible side channel information disclosure. This could lead to local information disclosure with no additional execution privileges needed. User interaction is needed for exploitation.Product: AndroidVersions: Android-10Android ID: A-127989044",MEDIUM,5.5,CWE-863,2020
CVE-2020-0088,"In parseTrackFragmentRun of MPEG4Extractor.cpp, there is possible resource exhaustion due to improper input validation. This could lead to remote denial of service with no additional execution privileges needed. User interaction is needed for exploitation.Product: AndroidVersions: Android-10Android ID: A-124389881",MEDIUM,6.5,CWE-400,2020
CVE-2020-0089,"In the audio server, there is a missing permission check. This could lead to local escalation of privilege regarding audio settings with no additional execution privileges needed. User interaction is not needed for exploitation.Product: AndroidVersions: Android-11Android ID: A-137015603",HIGH,7.8,CWE-862,2020
CVE-2020-0090,An improper authorization in the receiver component of Email.Product: AndroidVersions: Android SoCAndroid ID: A-149813048,MEDIUM,5.5,NVD-CWE-noinfo,2020
CVE-2020-0091,"In mnld, an incorrect configuration in driver_cfg of mnld for meta factory mode.Product: AndroidVersions: Android SoCAndroid ID: A-149808700",MEDIUM,5.5,NVD-CWE-noinfo,2020
CVE-2020-0092,"In setHideSensitive of NotificationStackScrollLayout.java, there is a possible disclosure of sensitive notification content due to a permissions bypass. This could lead to local information disclosure with no additional execution privileges needed. User interaction is needed for exploitation.Product: AndroidVersions: Android-10Android ID: A-145135488",MEDIUM,5.0,CWE-200,2020
CVE-2020-0093,"In exif_data_save_data_entry of exif-data.c, there is a possible out of bounds read due to a missing bounds check. This could lead to local information disclosure with no additional execution privileges needed. User interaction is needed for exploitation.Product: AndroidVersions: Android-8.0 Android-8.1 Android-9 Android-10Android ID: A-148705132",MEDIUM,5.0,CWE-125,2020
CVE-2020-0094,"In setImageHeight and setImageWidth of ExifUtils.cpp, there is a possible out of bounds write due to an incorrect bounds check. This could lead to local escalation of privilege with no additional execution privileges needed. User interaction is not needed for exploitation.Product: AndroidVersions: Android-9 Android-10Android ID: A-148223871",HIGH,7.8,CWE-787,2020
CVE-2020-0096,"In startActivities of ActivityStartController.java, there is a possible escalation of privilege due to a confused deputy. This could lead to local escalation of privilege with no additional execution privileges needed. User interaction is not needed for exploitation.Product: AndroidVersions: Android-8.0 Android-8.1 Android-9Android ID: A-145669109",HIGH,7.8,NVD-CWE-noinfo,2020
CVE-2020-0097,"In various methods of PackageManagerService.java, there is a possible permission bypass due to a missing condition for system apps. This could lead to local escalation of privilege with User privileges needed. User interaction is not needed for exploitation.Product: AndroidVersions: Android-9 Android-10Android ID: A-145981139",HIGH,7.8,CWE-863,2020
CVE-2020-0098,"In navigateUpToLocked of ActivityStack.java, there is a possible permission bypass due to a confused deputy. This could lead to local escalation of privilege with no additional execution privileges needed. User interaction is not needed for exploitation.Product: AndroidVersions: Android-10 Android-8.0 Android-8.1 Android-9Android ID: A-144285917",HIGH,7.8,NVD-CWE-noinfo,2020
CVE-2020-0099,"In addWindow of WindowManagerService.java, there is a possible window overlay attack due to an insecure default value. This could lead to local escalation of privilege via tapjacking with no additional execution privileges needed. User interaction is needed for exploitation.Product: AndroidVersions: Android-8.0 Android-8.1 Android-9 Android-10Android ID: A-141745510",HIGH,7.8,CWE-1188,2020
CVE-2020-0100,"In onTransact of IHDCP.cpp, there is a possible out of bounds read due to incorrect error handling. This could lead to local information disclosure of data from a privileged process with no additional execution privileges needed. User interaction is not needed for exploitation.Product: AndroidVersions: Android-8.1 Android-8.0Android ID: A-150156584",MEDIUM,5.5,CWE-125,2020
CVE-2020-0101,"In BnCrypto::onTransact of ICrypto.cpp, there is a possible information disclosure due to uninitialized data. This could lead to local information disclosure with System execution privileges needed. User interaction is not needed for exploitation.Product: AndroidVersions: Android-8.0 Android-8.1 Android-9 Android-10Android ID: A-144767096",MEDIUM,5.5,CWE-908,2020
CVE-2020-0102,"In GattServer::SendResponse of gatt_server.cc, there is a possible out of bounds write due to an incorrect bounds check. This could lead to local escalation of privilege with User execution privileges needed. User interaction is not needed for exploitation.Product: AndroidVersions: Android-8.0 Android-8.1 Android-9 Android-10Android ID: A-143231677",HIGH,7.8,CWE-787,2020
CVE-2020-0103,"In a2dp_aac_decoder_cleanup of a2dp_aac_decoder.cc, there is a possible invalid free due to memory corruption. This could lead to remote code execution with no additional execution privileges needed. User interaction is not needed for exploitation.Product: AndroidVersions: Android-10 Android-9Android ID: A-148107188",CRITICAL,9.8,CWE-763,2020
CVE-2020-0104,"In onShowingStateChanged of KeyguardStateMonitor.java, there is a possible inappropriate read due to a logic error. This could lead to local information disclosure of keyguard-protected data with no additional execution privileges needed. User interaction is not needed for exploitation.Product: AndroidVersions: Android-9 Android-10Android ID: A-144430870",MEDIUM,5.5,NVD-CWE-noinfo,2020
CVE-2020-0105,"In onKeyguardVisibilityChanged of key_store_service.cpp, there is a missing permission check. This could lead to local escalation of privilege, allowing apps to use keyguard-bound keys when the screen is locked, with no additional execution privileges needed. User interaction is not needed for exploitation.Product: AndroidVersions: Android-9 Android-10Android ID: A-144285084",HIGH,7.8,CWE-862,2020
CVE-2020-0106,"In getCellLocation of PhoneInterfaceManager.java, there is a possible permission bypass due to a missing SDK version check. This could lead to local information disclosure with no additional execution privileges needed. User interaction is not needed for exploitation.Product: AndroidVersions: Android-10Android ID: A-148414207",MEDIUM,5.5,CWE-862,2020
CVE-2020-0107,"In getUiccCardsInfo of PhoneInterfaceManager.java, there is a possible permissions bypass due to improper input validation. This could lead to local information disclosure with no additional execution privileges needed. User interaction is not needed for exploitation.Product: AndroidVersions: Android-10Android ID: A-146570216",MEDIUM,5.5,CWE-862,2020
CVE-2020-0108,"In postNotification of ServiceRecord.java, there is a possible bypass of foreground process restrictions due to an uncaught exception. This could lead to local escalation of privilege with no additional execution privileges needed. User interaction is not needed for exploitation.Product: AndroidVersions: Android-10 Android-8.1 Android-9Android ID: A-140108616",HIGH,7.8,CWE-755,2020
CVE-2020-0109,"In simulatePackageSuspendBroadcast of NotificationManagerService.java, there is a missing permission check. This could lead to local escalation of privilege by creating fake system notifications with no additional execution privileges needed. User interaction is not needed for exploitation.Product: AndroidVersions: Android-9 Android-10Android ID: A-148059175",HIGH,7.8,CWE-862,2020
CVE-2020-0110,"In psi_write of psi.c, there is a possible out of bounds write due to a missing bounds check. This could lead to local escalation of privilege with no additional execution privileges needed. User interaction is not needed for exploitation.Product: AndroidVersions: Android kernelAndroid ID: A-148159562References: Upstream kernel",HIGH,7.8,CWE-787,2020
CVE-2020-0113,"In sendCaptureResult of Camera3OutputUtils.cpp, there is a possible out of bounds read due to a use after free. This could lead to local information disclosure with no additional execution privileges needed. User interaction is not needed for exploitation.Product: AndroidVersions: Android-10 Android-9Android ID: A-150944913",MEDIUM,5.5,CWE-125,2020
CVE-2020-0114,"In onCreateSliceProvider of KeyguardSliceProvider.java, there is a possible confused deputy due to a PendingIntent error. This could lead to local escalation of privilege that allows actions performed as the System UI, with no additional execution privileges needed. User interaction is not needed for exploitation.Product: AndroidVersions: Android-10Android ID: A-147606347",HIGH,7.8,NVD-CWE-noinfo,2020
CVE-2020-0115,"In verifyIntentFiltersIfNeeded of PackageManagerService.java, there is a possible settings bypass allowing an app to become the default handler for arbitrary domains. This could lead to local escalation of privilege with User execution privileges needed. User interaction is not needed for exploitation.Product: AndroidVersions: Android-8.1 Android-9 Android-10 Android-8.0Android ID: A-150038428",HIGH,7.8,CWE-863,2020
CVE-2020-0116,"In checkSystemLocationAccess of LocationAccessPolicy.java, there is a possible bypass of user profile isolation due to a permissions bypass. This could lead to local information disclosure with no additional execution privileges needed. User interaction is not needed for exploitation.Product: AndroidVersions: Android-10Android ID: A-151330809",MEDIUM,5.5,NVD-CWE-noinfo,2020
CVE-2020-0117,"In aes_cmac of aes_cmac.cc, there is a possible out of bounds write due to an integer overflow. This could lead to remote code execution in the bluetooth server with no additional execution privileges needed. User interaction is not needed for exploitation.Product: AndroidVersions: Android-8.1 Android-9 Android-10 Android-8.0Android ID: A-151155194",CRITICAL,9.8,CWE-190,2020
CVE-2020-0118,"In addListener of RegionSamplingThread.cpp, there is a possible out of bounds write due to improper input validation. This could lead to local escalation of privilege with no additional execution privileges needed. User interaction is needed for exploitation.Product: AndroidVersions: Android-10Android ID: A-150904694",HIGH,7.8,CWE-20,2020
CVE-2020-0119,"In addOrUpdateNetworkInternal and related functions of WifiConfigManager.java, there is a possible man in the middle attack due to improper certificate validation. This could lead to remote information disclosure with no additional execution privileges needed. User interaction is needed for exploitation.Product: AndroidVersions: Android-10Android ID: A-150500247",MEDIUM,5.3,CWE-295,2020
CVE-2020-0120,"In notifyErrorForPendingRequests of QCamera3HWI.cpp, there is a possible out of bounds write due to a heap buffer overflow. This could lead to local escalation of privilege with no additional execution privileges needed. User interaction is not needed for exploitation.Product: AndroidVersions: Android-10Android ID: A-149995442",HIGH,7.8,CWE-787,2020
CVE-2020-0121,"In updateUidProcState of AppOpsService.java, there is a possible permission bypass due to a logic error. This could lead to local information disclosure of location data with User execution privileges needed. User interaction is not needed for exploitation.Product: AndroidVersions: Android-10Android ID: A-148180766",MEDIUM,5.5,NVD-CWE-noinfo,2020
CVE-2020-0122,"In the permission declaration for com.google.android.providers.gsf.permission.WRITE_GSERVICES in AndroidManifest.xml, there is a possible permissions bypass. This could lead to local escalation of privilege with System execution privileges needed. User interaction is not needed for exploitation.Product: AndroidVersions: Android-8.0 Android-8.1 Android-9 Android-10Android ID: A-147247775",MEDIUM,6.7,CWE-276,2020
CVE-2020-0123,There is a possible out of bounds write due to an incorrect bounds check.Product: AndroidVersions: Android SoCAndroid ID: A-149871374,CRITICAL,9.8,CWE-787,2020
CVE-2020-0124,"In markBootComplete of InstalldNativeService.cpp, there is a possible out of bounds write due to a missing bounds check. This could lead to local escalation of privilege with System execution privileges needed. User interaction is not needed for exploitation.Product: AndroidVersions: Android-10Android ID: A-140237592",MEDIUM,6.7,CWE-787,2020
CVE-2020-0125,"In mediadrm, there is a possible out of bounds read due to a missing bounds check. This could lead to local information disclosure with no additional execution privileges needed. User interaction is not needed for exploitation.Product: AndroidVersions: Android-11Android ID: A-137282168",MEDIUM,5.5,CWE-125,2020
CVE-2020-0126,"In multiple functions in DrmPlugin.cpp, there is a possible use after free due to a race condition. This could lead to local code execution with System execution privileges required. User interaction is not needed for exploitation.Product: AndroidVersions: Android-10Android ID: A-137878930",MEDIUM,6.4,CWE-362,2020
CVE-2020-0127,"In AudioStream::decode of AudioGroup.cpp, there is a possible out of bounds read due to a missing bounds check. This could lead to remote information disclosure in the phone process with no additional execution privileges needed. User interaction is needed for exploitation.Product: AndroidVersions: Android-10Android ID: A-140054506",MEDIUM,6.5,CWE-125,2020
CVE-2020-0128,"In addPacket of AMPEG4ElementaryAssembler, there is an out of bounds read due to an integer overflow. This could lead to remote information disclosure with no additional execution privileges required. User interaction is not needed for exploitation.Product: AndroidVersions: Android-10Android ID: A-123940919",HIGH,7.5,CWE-125,2020
CVE-2020-0129,"In SetData of btm_ble_multi_adv.cc, there is a possible out-of-bound write due to an incorrect bounds check. This could lead to local escalation of privilege with no additional execution privileges needed. User interaction is not needed for exploitation.Product: AndroidVersions: Android-10Android ID: A-123292010",HIGH,7.8,CWE-787,2020
CVE-2020-0130,"In screencap, there is a possible command injection due to improper input validation. This could lead to local escalation of privilege in a system process with User execution privileges needed. User interaction is not needed for exploitation.Product: AndroidVersions: Android-11Android ID: A-123230379",HIGH,7.8,CWE-20,2020
CVE-2020-0131,"In parseChunk of MPEG4Extractor.cpp, there is a possible out of bounds write due to incompletely initialized data. This could lead to remote code execution with no additional execution privileges needed. User interaction is needed for exploitation.Product: AndroidVersions: Android-10Android ID: A-151159638",HIGH,8.8,CWE-787,2020
CVE-2020-0132,"In BnAAudioService::onTransact of IAAudioService.cpp, there is a possible out of bounds read due to unsafe deserialization. This could lead to local information disclosure with no additional execution privileges needed. User interaction is not needed for exploitation.Product: AndroidVersions: Android-10Android ID: A-139473816",MEDIUM,5.5,CWE-125,2020
CVE-2020-0133,"In MockLocationAppPreferenceController.java, it is possible to mock the GPS location of the device due to a permissions bypass. This could lead to local escalation of privilege with User execution privileges needed. User interaction is needed for exploitation.Product: AndroidVersions: Android-10Android ID: A-145136060",HIGH,7.3,CWE-276,2020
CVE-2020-0134,"In BnDrm::onTransact of IDrm.cpp, there is a possible information disclosure due to uninitialized data. This could lead to local information disclosure with no additional execution privileges needed. User interaction is not needed for exploitation.Product: AndroidVersions: Android-10Android ID: A-146052771",MEDIUM,5.5,CWE-909,2020
CVE-2020-0135,"In dump of RollbackManagerServiceImpl.java, there is a possible backup metadata exposure due to a missing permission check. This could lead to local information disclosure with System execution privileges needed. User interaction is not needed for exploitation.Product: AndroidVersions: Android-10Android ID: A-150949837",MEDIUM,4.4,CWE-862,2020
CVE-2020-0136,"In multiple locations of Parcel.cpp, there is a possible out-of-bounds write due to an integer overflow. This could lead to local escalation of privilege in the system server with no additional execution privileges needed. User interaction is not needed for exploitation.Product: AndroidVersions: Android-10Android ID: A-120078455",HIGH,7.8,CWE-190,2020
CVE-2020-0137,"In setIPv6AddrGenMode of NetworkManagementService.java, there is a possible bypass of networking permissions due to a missing permission check. This could lead to local escalation of privilege with no additional execution privileges needed. User interaction is not needed for exploitation.Product: AndroidVersions: Android-10Android ID: A-141920289",HIGH,7.8,CWE-862,2020
CVE-2020-0138,"In get_element_attr_rsp of btif_rc.cc, there is a possible out of bounds write due to a missing bounds check. This could lead to remote code execution if bluetoothtbd were used, which it isn't in typical Android platforms, with no additional execution privileges needed. User interaction is not needed for exploitation.Product: AndroidVersions: Android-10Android ID: A-142878416",CRITICAL,9.8,CWE-787,2020
CVE-2020-0139,"In NDEF_MsgValidate of ndef_utils.c, there is a possible out of bounds read due to an integer overflow. This could lead to local information disclosure if a malformed NFC tag is provided by the firmware. System execution privileges are needed and user interaction is not needed for exploitation.Product: AndroidVersions: Android-10Android ID: A-145520471",MEDIUM,4.4,CWE-125,2020
CVE-2020-0140,"In rw_i93_sm_detect_ndef of rw_i93.c, there is a possible information disclosure due to a missing bounds check. This could lead to remote information disclosure with no additional execution privileges needed. User interaction is not needed for exploitation.Product: AndroidVersions: Android-10Android ID: A-146053215",HIGH,7.5,CWE-125,2020
CVE-2020-0141,"In OutputBuffersArray::realloc of CCodecBuffers.cpp, there is a possible heap disclosure due to a race condition. This could lead to remote information disclosure with System execution privileges needed. User interaction is needed for exploitation.Product: AndroidVersions: Android-10Android ID: A-142544793",MEDIUM,4.4,CWE-362,2020
CVE-2020-0142,"In rw_i93_sm_format of rw_i93.c, there is a possible information disclosure due to a missing bounds check. This could lead to remote information disclosure with no additional execution privileges needed. User interaction is not needed for exploitation.Product: AndroidVersions: Android-10Android ID: A-146435761",HIGH,7.5,CWE-125,2020
CVE-2020-0143,"In nfa_dm_ndef_find_next_handler of nfa_dm_ndef.c, there is a possible out of bounds read due to a missing bounds check. This could lead to local information disclosure of heap data via compromised device firmware with System execution privileges needed. User interaction is not needed for exploitation.Product: AndroidVersions: Android-10Android ID: A-145597277",MEDIUM,4.4,CWE-125,2020
CVE-2020-0144,"In btm_proc_sp_req_evt of btm_sec.cc, there is a possible out of bounds read due to a missing bounds check. This could lead to local information disclosure via compromised device firmware with System execution privileges needed. User interaction is not needed for exploitation.Product: AndroidVersions: Android-10Android ID: A-142543497",MEDIUM,4.4,CWE-125,2020
CVE-2020-0145,"In btm_simple_pair_complete of btm_sec.cc, there is a possible out of bounds read due to a missing bounds check. This could lead to local information disclosure via compromised device firmware with System execution privileges needed. User interaction is not needed for exploitation.Product: AndroidVersions: Android-10Android ID: A-142544079",MEDIUM,4.4,CWE-125,2020
CVE-2020-0146,"In btu_hcif_hardware_error_evt of btu_hcif.cc, there is a possible out of bounds read due to a missing bounds check. This could lead to local information disclosure via compromised device firmware with System execution privileges needed. User interaction is not needed for exploitation.Product: AndroidVersions: Android-10Android ID: A-142546561",MEDIUM,4.4,CWE-125,2020
CVE-2020-0147,"In btu_hcif_esco_connection_chg_evt of btu_hcif.cc, there is a possible out of bounds read due to a missing bounds check. This could lead to local information disclosure via compromised device firmware with System execution privileges needed. User interaction is not needed for exploitation.Product: AndroidVersions: Android-10Android ID: A-142638392",MEDIUM,4.4,CWE-125,2020
CVE-2020-0148,"In btu_hcif_pin_code_request_evt, btu_hcif_link_key_request_evt, and btu_hcif_link_key_notification_evt of btu_hcif.cc, there is a possible out of bounds read due to a missing bounds check. This could lead to local information disclosure via compromised device firmware with System execution privileges needed. User interaction is not needed for exploitation.Product: AndroidVersions: Android-10Android ID: A-142638492",MEDIUM,4.4,CWE-125,2020
CVE-2020-0149,"In btu_hcif_mode_change_evt of btu_hcif.cc, there is a possible out of bounds read due to a missing bounds check. This could lead to local information disclosure via compromised device firmware with System execution privileges needed. User interaction is not needed for exploitation.Product: AndroidVersions: Android-10Android ID: A-142544089",MEDIUM,4.4,CWE-125,2020
CVE-2020-0150,"In rw_t3t_message_set_block_list of rw_t3t.cc, there is a possible out of bounds write due to a missing bounds check. This could lead to local escalation of privilege with no additional execution privileges needed. User interaction is not needed for exploitation.Product: AndroidVersions: Android-10Android ID: A-142280329",HIGH,7.8,CWE-787,2020
CVE-2020-0151,In avb_vbmeta_image_verify of avb_vbmeta_image.c there is a possible out of bounds read due to a missing bounds check. This could lead to a local information disclosure with System execution privileges needed. User interaction is not needed for exploitation.Product: AndroidVersions: Android-10Android ID: A-133164384,MEDIUM,4.4,CWE-125,2020
CVE-2020-0152,"In avb_vbmeta_image_verify of avb_vbmeta_image.c, there is a possible out of bounds read due to a missing bounds check. This could lead to local information disclosure with System execution privileges needed. User interaction is not needed for exploitation.Product: AndroidVersions: Android-10Android ID: A-145992159",MEDIUM,4.4,CWE-125,2020
CVE-2020-0153,"In phNxpNciHal_write_ext of phNxpNciHal_ext.cc, there is a possible out of bounds write due to a missing bounds check. This could lead to local escalation of privilege with System execution privileges needed. User interaction is not needed for exploitation.Product: AndroidVersions: Android-10Android ID: A-139733543",MEDIUM,6.7,CWE-787,2020
CVE-2020-0154,"In nci_proc_core_rsp of nci_hrcv.cc, there is a possible out of bounds read due to an incorrect bounds check. This could lead to local information disclosure via compromised device firmware with System execution privileges needed. User interaction is not needed for exploitation.Product: AndroidVersions: Android-10Android ID: A-141550919",MEDIUM,4.4,CWE-125,2020
CVE-2020-0155,"In phNxpNciHal_send_ese_hal_cmd of phNxpNciHal_ext.cc, there is a possible out of bounds write due to a missing bounds check. This could lead to local escalation of privilege with User execution privileges needed. User interaction is not needed for exploitation.Product: AndroidVersions: Android-10Android ID: A-139736386",HIGH,7.8,CWE-787,2020
CVE-2020-0156,"In NxpNfc::ioctl of NxpNfc.cpp, there is a possible out of bounds read due to a missing bounds check. This could lead to local information disclosure with User execution privileges needed. User interaction is not needed for exploitation.Product: AndroidVersions: Android-10Android ID: A-139736127",MEDIUM,5.5,CWE-125,2020
CVE-2020-0157,"In nfa_hci_conn_cback of nfa_hci_main.cc, there is a possible out of bounds read due to a missing bounds check. This could lead to remote information disclosure via compromised device firmware with System execution privileges needed. User interaction is not needed for exploitation.Product: AndroidVersions: Android-10Android ID: A-139740814",MEDIUM,4.9,CWE-125,2020
CVE-2020-0158,"In nfc_ncif_proc_t3t_polling_ntf of nfc_ncif.cc, there is a possible out of bounds read due to a missing bounds check. This could lead to local information disclosure with System execution privileges needed. User interaction is not needed for exploitation.Product: AndroidVersions: Android-10Android ID: A-141547128",MEDIUM,4.4,CWE-125,2020
CVE-2020-0159,"In rw_mfc_writeBlock of rw_mfc.cc, there is a possible out of bounds read due to an incorrect bounds check. This could lead to local information disclosure with System execution privileges needed. User interaction is needed for exploitation.Product: AndroidVersions: Android-10Android ID: A-140768035",MEDIUM,5.5,CWE-125,2020
CVE-2020-0160,"In setSyncSampleParams of SampleTable.cpp, there is possible resource exhaustion due to a missing bounds check. This could lead to remote denial of service with no additional execution privileges needed. User interaction is needed for exploitation.Product: AndroidVersions: Android-10Android ID: A-124771364",HIGH,8.8,CWE-20,2020
CVE-2020-0161,"In parseChunk of MPEG4Extractor.cpp, there is possible resource exhaustion due to improper input validation. This could lead to remote denial of service with no additional execution privileges needed. User interaction is needed for exploitation.Product: AndroidVersions: Android-10Android ID: A-127973550",MEDIUM,6.5,CWE-20,2020
CVE-2020-0162,"In parseSampleAuxiliaryInformationOffsets of MPEG4Extractor.cpp, there is possible resource exhaustion due to improper input validation. This could lead to remote denial of service with no additional execution privileges needed. User interaction is needed for exploitation.Product: AndroidVersions: Android-10Android ID: A-124526959",MEDIUM,6.5,CWE-20,2020
CVE-2020-0163,"In parseSampleAuxiliaryInformationSizes of MPEG4Extractor.cpp, there is possible resource exhaustion due to improper input validation. This could lead to remote denial of service with no additional execution privileges needed. User interaction is needed for exploitation.Product: AndroidVersions: Android-10Android ID: A-124525515",MEDIUM,6.5,CWE-20,2020
CVE-2020-0164,"In phNxpNciHal_NfcDep_cmd_ext of phNxpNciHal_NfcDepSWPrio.cc, there is a possible out of bounds read due to a missing bounds check. This could lead to local information disclosure with System execution privileges needed. User interaction is not needed for exploitation.Product: AndroidVersions: Android-10Android ID: A-139736125",MEDIUM,4.4,CWE-125,2020
CVE-2020-0165,"In phNxpNciHal_NfcDep_cmd_ext of phNxpNciHal_NfcDepSWPrio.cc, there is a possible out of bounds write due to a missing bounds check. This could lead to local escalation of privilege via compromised device firmware with System execution privileges needed. User interaction is not needed for exploitation.Product: AndroidVersions: Android-10Android ID: A-139532977",MEDIUM,6.7,CWE-787,2020
CVE-2020-0166,"In multiple functions of URI.java, there is a possible escalation of privilege due to missing validation in the parceling of URI information. This could lead to a local escalation of privilege with no additional execution privileges needed. User interaction is not needed for exploitation.Product: AndroidVersions: Android-10Android ID: A-124526860",HIGH,7.8,CWE-20,2020
CVE-2020-0167,"In load of ResourceTypes.cpp, there is a possible out of bounds read due to an integer overflow. This could lead to local information disclosure with no additional execution privileges needed. User interaction is needed for exploitation.Product: AndroidVersions: Android-10Android ID: A-129475100",MEDIUM,5.5,CWE-125,2020
CVE-2020-0168,"In impeg2_fmt_conv_yuv420p_to_yuv420sp_uv of impeg2_format_conv.c, there is a possible out of bounds write due to a missing bounds check. This could lead to remote code execution with no additional execution privileges needed. User interaction is needed for exploitation.Product: AndroidVersions: Android-10Android ID: A-137798382",HIGH,8.8,CWE-787,2020
CVE-2020-0169,"In RTTTL_Event of eas_rtttl.c, there is possible resource exhaustion due to a missing bounds check. This could lead to remote denial of service with no additional execution privileges needed. User interaction is needed for exploitation.Product: AndroidVersions: Android-10Android ID: A-123700383",MEDIUM,6.5,CWE-20,2020
CVE-2020-0170,"In IMY_Event of eas_imelody.c, there is possible resource exhaustion due to a missing bounds check. This could lead to remote denial of service with no additional execution privileges needed. User interaction is needed for exploitation.Product: AndroidVersions: Android-10Android ID: A-127310810",MEDIUM,6.5,CWE-20,2020
CVE-2020-0171,"In Parse_lart of eas_mdls.c, there is possible resource exhaustion due to a missing bounds check. This could lead to remote denial of service with no additional execution privileges needed. User interaction is needed for exploitation.Product: AndroidVersions: Android-10Android ID: A-127313223",MEDIUM,6.5,CWE-20,2020
CVE-2020-0172,"In Parse_art of eas_mdls.c, there is possible resource exhaustion due to a missing bounds check. This could lead to remote denial of service with no additional execution privileges needed. User interaction is needed for exploitation.Product: AndroidVersions: Android-10Android ID: A-127312550",MEDIUM,6.5,CWE-20,2020
CVE-2020-0173,"In Parse_lins of eas_mdls.c, there is possible resource exhaustion due to improper input validation. This could lead to remote denial of service with no additional execution privileges needed. User interaction is needed for exploitation.Product: AndroidVersions: Android-10Android ID: A-127313764",MEDIUM,6.5,CWE-20,2020
CVE-2020-0174,"In Parse_ptbl of eas_mdls.c, there is possible resource exhaustion due to a missing bounds check. This could lead to remote denial of service with no additional execution privileges needed. User interaction is needed for exploitation.Product: AndroidVersions: Android-10Android ID: A-127313537",MEDIUM,6.5,CWE-20,2020
CVE-2020-0175,"In XMF_ReadNode of eas_xmf.c, there is possible resource exhaustion due to improper input validation. This could lead to remote denial of service with no additional execution privileges needed. User interaction is needed for exploitation.Product: AndroidVersions: Android-10Android ID: A-126380818",MEDIUM,6.5,CWE-20,2020
CVE-2020-0176,"In avdt_msg_prs_rej of avdt_msg.cc, there is a possible out-of-bounds read due to improper input validation. This could lead to remote information disclosure with no additional execution privileges needed. User interaction is not needed for exploitation.Product: AndroidVersions: Android-10Android ID: A-79702484",HIGH,7.5,CWE-20,2020
CVE-2020-0177,"In connect() of PanService.java, there is a possible permissions bypass. This could lead to local escalation of privilege to change network connection settings with no additional execution privileges needed. User interaction is not needed for exploitation.Product: AndroidVersions: Android-10Android ID: A-126206353",MEDIUM,5.5,CWE-862,2020
CVE-2020-0178,"In getAllConfigFlags of SettingsProvider.cpp, there is a possible illegal read due to a missing permission check. This could lead to local information disclosure of config flags with no additional execution privileges needed. User interaction is not needed for exploitation.Product: AndroidVersions: Android-10Android ID: A-143299398",MEDIUM,5.5,CWE-862,2020
CVE-2020-0179,"In doSendObjectInfo of MtpServer.cpp, there is a possible path traversal attack due to insufficient input validation. This could lead to local escalation of privilege with no additional execution privileges needed. User interaction is required for exploitation.Product: AndroidVersions: Android-10Android ID: A-130656917",HIGH,7.8,CWE-20,2020
CVE-2020-0180,"In GetOpusHeaderBuffers() of OpusHeader.cpp, there is a possible out of bounds read due to a missing bounds check. This could lead to remote information disclosure with no additional execution privileges needed. User interaction is needed for exploitation.Product: AndroidVersions: Android-10Android ID: A-142861738",MEDIUM,6.5,CWE-125,2020
CVE-2020-0181,"In exif_data_load_data_thumbnail of exif-data.c, there is a possible denial of service due to an integer overflow. This could lead to remote denial of service with no additional execution privileges needed. User interaction is not needed for exploitation.Product: AndroidVersions: Android-10Android ID: A-145075076",HIGH,7.5,CWE-190,2020
CVE-2020-0182,"In exif_entry_get_value of exif-entry.c, there is a possible out of bounds read due to a missing bounds check. This could lead to local information disclosure with no additional execution privileges needed. User interaction is not needed for exploitation.Product: AndroidVersions: Android-10Android ID: A-147140917",MEDIUM,6.5,CWE-125,2020
CVE-2020-0183,"In handleMessage of BluetoothManagerService, there is an incomplete reset. This could lead to local escalation of privilege with no additional execution privileges needed. User interaction is needed for exploitation.Product: AndroidVersions: Android-10Android ID: A-110181479",HIGH,7.8,CWE-459,2020
CVE-2020-0184,"In ihevcd_ref_list() of ihevcd_ref_list.c, there is a possible infinite loop due to a missing bounds check. This could lead to remote denial of service with no additional execution privileges needed. User interaction is needed for exploitation.Product: AndroidVersions: Android-10Android ID: A-141688974",MEDIUM,6.5,CWE-835,2020
CVE-2020-0185,"In avrc_pars_browsing_cmd of avrc_pars_tg.cc, there is a possible out of bounds read due to a missing bounds check. This could lead to local information disclosure with no additional execution privileges needed. User interaction is not needed for exploitation.Product: AndroidVersions: Android-10Android ID: A-79945152",MEDIUM,5.5,CWE-125,2020
CVE-2020-0186,"In hal_fd_init of hal_fd.cc, there is a possible out of bounds write due to an incorrect bounds check. This could lead to local escalation of privilege with System execution privileges needed. User interaction is not needed for exploitation.Product: AndroidVersions: Android-10Android ID: A-146144463",MEDIUM,6.7,CWE-787,2020
CVE-2020-0187,"In engineSetMode of BaseBlockCipher.java, there is a possible incorrect cryptographic algorithm chosen due to an incomplete comparison. This could lead to local information disclosure with no additional execution privileges needed. User interaction is not needed for exploitation.Product: AndroidVersions: Android-10Android ID: A-148517383",MEDIUM,5.5,NVD-CWE-Other,2020
CVE-2020-0188,"In onCreatePermissionRequest of SettingsSliceProvider.java, there is a possible permissions bypass due to a PendingIntent error. This could lead to local escalation of privilege with User execution privileges needed. User interaction is not needed for exploitation.Product: AndroidVersions: Android-10Android ID: A-147355897",HIGH,7.8,NVD-CWE-noinfo,2020
CVE-2020-0189,"In ihevcd_decode() of ihevcd_decode.c, there is possible resource exhaustion due to an infinite loop. This could lead to remote denial of service with no additional execution privileges needed. User interaction is needed for exploitation.Product: AndroidVersions: Android-10Android ID: A-139939283",MEDIUM,6.5,CWE-835,2020
CVE-2020-0190,"In ideint_weave_blk of ideint_utils.c, there is a possible out of bounds write due to a heap buffer overflow. This could lead to remote code execution with no additional execution privileges needed. User interaction is needed for exploitation.Product: AndroidVersions: Android-10Android ID: A-140324890",HIGH,8.8,CWE-787,2020
CVE-2020-0191,"In ih264d_update_default_index_list() of ih264d_dpb_mgr.c, there is a possible out of bounds read due to a logic error. This could lead to remote information disclosure with no additional execution privileges needed. User interaction is needed for exploitation.Product: AndroidVersions: Android-10Android ID: A-140561484",MEDIUM,6.5,CWE-125,2020
CVE-2020-0192,"In ih264d_decode_slice_thread of ih264d_thread_parse_decode.c, there is a possible out of bounds read due to improper input validation. This could lead to remote information disclosure with no additional execution privileges needed. User interaction is needed for exploitation.Product: AndroidVersions: Android-10Android ID: A-144687080",MEDIUM,6.5,CWE-20,2020
CVE-2020-0193,"In ihevc_intra_pred_chroma_mode_3_to_9_av8 of ihevc_intra_pred_chroma_mode_3_to_9.s, there is a possible out of bounds read due to a heap buffer overflow. This could lead to remote information disclosure with no additional execution privileges needed. User interaction is needed for exploitation.Product: AndroidVersions: Android-10Android ID: A-144595488",MEDIUM,6.5,CWE-125,2020
CVE-2020-0194,"In ihevcd_parse_slice_header of ihevcd_parse_slice_header.c, there is a possible out of bounds write due to an integer overflow. This could lead to remote code execution with no additional execution privileges needed. User interaction is needed for exploitation.Product: AndroidVersions: Android-10Android ID: A-143826590",HIGH,8.8,CWE-190,2020
CVE-2020-0195,"In ihevcd_iquant_itrans_recon_ctb of ihevcd_iquant_itrans_recon_ctb.c and related functions, there is a possible information disclosure due to uninitialized data. This could lead to remote information disclosure with no additional execution privileges needed. User interaction is needed for exploitation.Product: AndroidVersions: Android-10Android ID: A-144686961",MEDIUM,6.5,CWE-908,2020
CVE-2020-0196,"In RegisterNotificationResponse::GetEvent of register_notification_packet.cc, there is a possible abort due to improper input validation. This could lead to remote denial of service of the Bluetooth service, over Bluetooth, with no additional execution privileges needed. User interaction is not needed for exploitation.Product: AndroidVersions: Android-10Android ID: A-144066833",MEDIUM,6.5,CWE-20,2020
CVE-2020-0197,"In InitDataParser::parsePssh of InitDataParser.cpp, there is a possible out of bounds read due to a missing bounds check. This could lead to local information disclosure with no additional execution privileges needed. User interaction is not needed for exploitation.Product: AndroidVersions: Android-10Android ID: A-137370379",MEDIUM,5.5,CWE-125,2020
CVE-2020-0198,"In exif_data_load_data_content of exif-data.c, there is a possible UBSAN abort due to an integer overflow. This could lead to remote denial of service with no additional execution privileges needed. User interaction is needed for exploitation.Product: AndroidVersions: Android-10Android ID: A-146428941",HIGH,7.5,CWE-190,2020
CVE-2020-0199,"In TimeCheck::TimeCheckThread::threadLoop of TimeCheck.cpp, there is a possible use-after-free due to a race condition. This could lead to local information disclosure with System execution privileges needed. User interaction is not needed for exploitation.Product: AndroidVersions: Android-10Android ID: A-142142406",MEDIUM,4.1,CWE-362,2020
CVE-2020-0200,"In ReadLittleEndian of raw_bit_reader.cc, there is a possible out of bounds read due to a missing bounds check. This could lead to remote information disclosure in the media server with no additional execution privileges needed. User interaction is needed for exploitation.Product: AndroidVersions: Android-10Android ID: A-147231862",MEDIUM,6.5,CWE-125,2020
CVE-2020-0201,In showSecurityFields of WifiConfigController.java there is a possible credential leak due to a confused deputy. This could lead to remote escalation of privilege with no additional execution privileges needed. User interaction is not needed for exploitation.Product: AndroidVersions: Android-10Android ID: A-143601727,CRITICAL,9.8,NVD-CWE-noinfo,2020
CVE-2020-0202,"In onHandleIntent of TraceService.java, there is a possible bypass of developer settings requirements for capturing system traces due to a missing permission check. This could lead to local escalation of privilege with no additional execution privileges needed. User interaction is needed for exploitation. Product: Android Versions: Android-11 Android ID: A-142936525",HIGH,7.8,CWE-862,2020
CVE-2020-0203,"In freeIsolatedUidLocked of ProcessList.java, there is a possible UID reuse due to improper cleanup. This could lead to local escalation of privilege between constrained processes with no additional execution privileges needed. User interaction is not needed for exploitation.Product: AndroidVersions: Android-10Android ID: A-146313311",HIGH,7.8,CWE-404,2020
CVE-2020-0204,"In InstallPackage of package.cpp, there is a possible bypass of a signature check due to a Time of Check/Time of Use condition. This could lead to local escalation of privilege by allowing a bypass of the initial zip file signature check for an OS update with no additional execution privileges needed. User interaction is needed for exploitation.Product: AndroidVersions: Android-10Android ID: A-136498130",HIGH,7.0,CWE-367,2020
CVE-2020-0205,"In the DaalaBitReader constructor of entropy_decoder.cc, there is a possible out of bounds read due to a missing bounds check. This could lead to remote information disclosure in the media server with no additional execution privileges needed. User interaction is needed for exploitation.Product: AndroidVersions: Android-10Android ID: A-147234020",MEDIUM,6.5,CWE-125,2020
CVE-2020-0206,"In the settings app, there is a possible app crash due to improper input validation. This could lead to local denial of service of the Settings app with User execution privileges needed. User interaction is not needed for exploitation.Product: AndroidVersions: Android-10Android ID: A-136005061",MEDIUM,5.5,CWE-20,2020
CVE-2020-0207,"In next_marker of jdmarker.c, there is a possible out of bounds read due to improper input validation. This could lead to remote information disclosure with no additional execution privileges needed. User interaction is needed for exploitation.Product: AndroidVersions: Android-10Android ID: A-135532289",MEDIUM,6.5,CWE-20,2020
CVE-2020-0208,"In multiple functions of AccountManager.java, there is a possible permissions bypass. This could lead to local escalation of privilege with no additional execution privileges needed. User interaction is not needed for exploitation.Product: AndroidVersions: Android-10Android ID: A-145207098",HIGH,7.8,CWE-276,2020
CVE-2020-0209,"In multiple functions of AccountManager.java, there is a possible permissions bypass. This could lead to local escalation of privilege with no additional execution privileges needed. User interaction is not needed for exploitation.Product: AndroidVersions: Android-10Android ID: A-145206842",HIGH,7.8,CWE-276,2020
CVE-2020-0210,"In removeSharedAccountAsUser of AccountManager.java, there is a possible permissions bypass to a confused deputy. This could lead to local escalation of privilege with User execution privileges needed. User interaction is not needed for exploitation.Product: AndroidVersions: Android-10Android ID: A-145206763",HIGH,7.8,CWE-610,2020
CVE-2020-0211,"In SumCompoundHorizontalTaps of convolve_neon.cc, there is a possible out of bounds read due to a missing bounds check. This could lead to remote information disclosure with no additional execution privileges needed. User interaction is needed for exploitation.Product: AndroidVersions: Android-10Android ID: A-147491773",MEDIUM,6.5,CWE-125,2020
CVE-2020-0212,"In _onBufferDestroyed of InputBufferManager.cpp, there is a possible out of bounds read due to a use after free. This could lead to remote information disclosure with no additional execution privileges needed. User interaction is needed for exploitation.Product: AndroidVersions: Android-10Android ID: A-135140854",MEDIUM,6.5,CWE-125,2020
CVE-2020-0213,"In hevcd_fmt_conv_420sp_to_420sp_av8 of ihevcd_fmt_conv_420sp_to_420sp.s, there is a possible out of bounds write due to a heap buffer overflow. This could lead to remote information disclosure with no additional execution privileges needed. User interaction is needed for exploitation. Product: Android Versions: Android-10 Android-11 Android ID: A-143464314",MEDIUM,6.5,CWE-787,2020
CVE-2020-0214,"In ce_t4t_process_select_file_cmd of ce_t4t.cc, there is a possible out of bounds read due to an incorrect bounds check. This could lead to remote information disclosure with no additional execution privileges needed. User interaction is not needed for exploitation.Product: AndroidVersions: Android-10Android ID: A-140292264",HIGH,7.5,CWE-125,2020
CVE-2020-0215,"In onCreate of ConfirmConnectActivity.java, there is a possible leak of Bluetooth information due to a permissions bypass. This could lead to local escalation of privilege that exposes a pairing Bluetooth MAC address with no additional execution privileges needed. User interaction is needed for exploitation. Product: Android Versions: Android-9 Android-10 Android-11 Android-8.0 Android-8.1 Android ID: A-140417248",HIGH,7.8,CWE-276,2020
CVE-2020-0216,"In phNciNfc_RecvMfResp of phNxpExtns_MifareStd.cpp, there is a possible out of bounds write due to an integer overflow. This could lead to local escalation of privilege with no additional execution privileges needed. User interaction is needed for exploitation.Product: AndroidVersions: Android-10Android ID: A-126204073",HIGH,7.8,CWE-190,2020
CVE-2020-0217,"In RW_T4tPresenceCheck of rw_t4t.cc, there is a possible out of bounds write due to a missing bounds check. This could lead to remote code execution with no additional execution privileges needed. User interaction is not needed for exploitation.Product: AndroidVersions: Android-10Android ID: A-141331405",CRITICAL,9.8,CWE-787,2020
CVE-2020-0218,"In loadSoundModel and related functions of SoundTriggerHwService.cpp, there is possible out of bounds write due to a race condition. This could lead to local escalation of privilege with no additional execution privileges needed. User interaction is not needed for exploitation.Product: AndroidVersions: Android-10Android ID: A-136005905",HIGH,7.0,CWE-362,2020
CVE-2020-0219,In onCreate of SliceDeepLinkSpringBoard.java there is a possible insecure Intent. This could lead to local elevation of privilege with no additional execution privileges needed. User interaction is not needed for exploitation.Product: AndroidVersions: Android-10Android ID: A-122836081,HIGH,7.8,CWE-476,2020
CVE-2020-0220,"In crus_afe_callback of msm-cirrus-playback.c, there is a possible out of bounds write due to a missing bounds check. This could lead to local escalation of privilege with System execution privileges needed. User interaction is not needed for exploitation.Product: AndroidVersions: Android kernelAndroid ID: A-139739561",MEDIUM,6.7,CWE-787,2020
CVE-2020-0221,"Airbrush FW's scratch memory allocator is susceptible to numeric overflow. When the overflow occurs, the next allocation could potentially return a pointer within the previous allocation's memory, which could lead to improper memory access.Product: AndroidVersions: Android kernelAndroid ID: A-135772851",CRITICAL,9.8,CWE-682,2020
CVE-2020-0223,"This is an unbounded write into kernel global memory, via a user-controlled buffer size.Product: AndroidVersions: Android kernelAndroid ID: A-135130450",CRITICAL,9.8,CWE-787,2020
CVE-2020-0224,"In FastKeyAccumulator::GetKeysSlow of keys.cc, there is a possible out of bounds write due to type confusion. This could lead to remote code execution when processing a proxy configuration with no additional execution privileges needed. User interaction is not needed for exploitation.Product: AndroidVersions: Android-8.0 Android-8.1 Android-9 Android-10Android ID: A-147664838",CRITICAL,9.8,CWE-787,2020
CVE-2020-0225,"In a2dp_vendor_ldac_decoder_decode_packet of a2dp_vendor_ldac_decoder.cc, there is a possible out of bounds write due to a missing bounds check. This could lead to remote code execution with no additional execution privileges needed. User interaction is not needed for exploitation.Product: AndroidVersions: Android-10Android ID: A-142546668",CRITICAL,9.8,CWE-787,2020
CVE-2020-0226,"In createWithSurfaceParent of Client.cpp, there is a possible out of bounds write due to type confusion. This could lead to local escalation of privilege in the graphics server with no additional execution privileges needed. User interaction is not needed for exploitation.Product: AndroidVersions: Android-10Android ID: A-150226994",HIGH,7.8,CWE-787,2020
CVE-2020-0227,"In onCommand of CompanionDeviceManagerService.java, there is a possible permissions bypass due to a missing permission check. This could lead to local escalation of privilege allowing background data usage or launching from the background, with no additional execution privileges needed. User interaction is not needed for exploitation.Product: AndroidVersions: Android-8.0 Android-8.1 Android-9 Android-10Android ID: A-129476618",HIGH,7.8,CWE-862,2020
CVE-2020-0228,There is an improper configuration of recorder related service. Product: AndroidVersions: Android SoCAndroid ID: A-156333723,HIGH,7.5,NVD-CWE-noinfo,2020
CVE-2020-0229,There is a possible out of bounds write due to an incorrect bounds check.Product: AndroidVersions: Android SoCAndroid ID: A-156333725,CRITICAL,9.8,CWE-787,2020
CVE-2020-0230,There is a possible out of bounds write due to an incorrect bounds check. Product: AndroidVersions: Android SoCAndroid ID: A-156337262,CRITICAL,9.8,CWE-787,2020
CVE-2020-0231,There is a possible out of bounds write due to an incorrect bounds check. Product: AndroidVersions: Android SoCAndroid ID: A-156333727,CRITICAL,9.8,CWE-787,2020
CVE-2020-0232,"Function abc_pcie_issue_dma_xfer_sync creates a transfer object, adds it to the session object then continues to work with it. A concurrent thread could retrieve created transfer object from the session object and delete it using abc_pcie_dma_user_xfer_clean. If this happens, abc_pcie_start_dma_xfer and abc_pcie_wait_dma_xfer in the original thread will trigger UAF when working with the transfer object.Product: AndroidVersions: Android kernelAndroid ID: A-151453714",CRITICAL,9.8,CWE-416,2020
CVE-2020-0233,"In main of main.cpp, there is possible memory corruption due to a use after free. This could lead to local escalation of privilege with no additional execution privileges needed. User interaction is not needed for exploitation.Product: AndroidVersions: Android kernelAndroid ID: A-150225255",HIGH,7.8,CWE-416,2020
CVE-2020-0234,"In crus_afe_get_param of msm-cirrus-playback.c, there is a possible out of bounds write due to a missing bounds check. This could lead to local escalation of privilege with no additional execution privileges needed. User interaction is not needed for exploitation.Product: AndroidVersions: Android kernelAndroid ID: A-148189280",HIGH,7.8,CWE-787,2020
CVE-2020-0235,"In crus_sp_shared_ioctl we first copy 4 bytes from userdata into ""size"" variable, and then use that variable as the size parameter for ""copy_from_user"", ending up overwriting memory following ""crus_sp_hdr"". ""crus_sp_hdr"" is a static variable, of type ""struct crus_sp_ioctl_header"".Product: AndroidVersions: Android kernelAndroid ID: A-135129430",CRITICAL,9.8,CWE-787,2020
CVE-2020-0236,"In A2DP_GetCodecType of a2dp_codec_config, there is a possible out-of-bounds read due to improper input validation. This could lead to remote information disclosure with no additional execution privileges needed. User interaction is not needed for exploitation. Product: Android, Versions: Android-10, Android ID: A-79703353.",HIGH,7.5,CWE-20,2020
CVE-2020-0238,"In updatePreferenceIntents of AccountTypePreferenceLoader, there is a possible confused deputy attack due to a race condition. This could lead to local escalation of privilege and launching privileged activities with no additional execution privileges needed. User interaction is not needed for exploitation.Product: AndroidVersions: Android-8.1 Android-9 Android-10 Android-8.0Android ID: A-150946634",HIGH,7.0,CWE-367,2020
CVE-2020-0239,"In getDocumentMetadata of DocumentsContract.java, there is a possible disclosure of location metadata from a file due to a permissions bypass. This could lead to local information disclosure from a file (eg. a photo) containing location metadata with no additional execution privileges needed. User interaction is not needed for exploitation.Product: AndroidVersions: Android-9 Android-10Android ID: A-151095863",MEDIUM,5.5,CWE-862,2020
CVE-2020-0240,"In NewFixedDoubleArray of factory.cc, there is a possible out of bounds write due to an integer overflow. This could lead to remote code execution with no additional execution privileges needed. User interaction is needed for exploitation.Product: AndroidVersions: Android-10Android ID: A-150706594",HIGH,8.8,CWE-190,2020
CVE-2020-0241,"In NuPlayerStreamListener of NuPlayerStreamListener.cpp, there is possible memory corruption due to a double free. This could lead to local escalation of privilege with no additional execution privileges needed. User interaction is not needed for exploitation.Product: AndroidVersions: Android-8.0 Android-8.1 Android-9 Android-10Android ID: A-151456667",HIGH,7.8,CWE-415,2020
CVE-2020-0242,"In reset of NuPlayerDriver.cpp, there is a possible use-after-free due to improper locking. This could lead to local escalation of privilege in the media server with no additional execution privileges needed. User interaction is not needed for exploitation.Product: AndroidVersions: Android-8.0 Android-8.1 Android-9 Android-10Android ID: A-151643722",HIGH,7.8,CWE-416,2020
CVE-2020-0243,"In clearPropValue of MediaAnalyticsItem.cpp, there is a possible use-after-free due to improper locking. This could lead to local escalation of privilege in the media server with no additional execution privileges needed. User interaction is not needed for exploitation.Product: AndroidVersions: Android-9 Android-10 Android-8.0 Android-8.1Android ID: A-151644303",HIGH,7.8,CWE-416,2020
CVE-2020-0244,"In writeBurstBufferBytes of SPDIFEncoder.cpp, there is a possible out of bounds read due to an incorrect bounds check. This could lead to local information disclosure with no clear exfiltration path, with no additional execution privileges needed. User interaction is needed for exploitation.Product: AndroidVersions: Android-11Android ID: A-145262423",MEDIUM,5.5,CWE-125,2020
CVE-2020-0245,"In DecodeFrameCombinedMode of combined_decode.cpp, there is a possible out of bounds write due to a heap buffer overflow. This could lead to remote information disclosure with no additional execution privileges needed. User interaction is needed for exploitation.Product: AndroidVersions: Android-11 Android-8.0 Android-8.1 Android-9 Android-10Android ID: A-152496149",HIGH,8.8,CWE-787,2020
CVE-2020-0246,"In getCarrierPrivilegeStatus of UiccAccessRule.java, there is a missing permission check. This could lead to local information disclosure of EID data with no additional execution privileges needed. User interaction is not needed for exploitation.Product: AndroidVersions: Android-10 Android-11Android ID: A-159062405",MEDIUM,5.5,CWE-862,2020
CVE-2020-0247,"In Threshold::getHistogram of ImageProcessHelper.java, there is a possible crash loop due to an uncaught exception. This could lead to local denial of service with User execution privileges needed. User interaction is needed for exploitation.Product: AndroidVersions: Android-10 Android-8.0 Android-8.1Android ID: A-156087409",MEDIUM,5.5,CWE-755,2020
CVE-2020-0248,"In postInstantAppNotif of InstantAppNotifier.java, there is a possible permission bypass due to a PendingIntent error. This could lead to local information disclosure with User execution privileges needed. User interaction is not needed for exploitation.Product: AndroidVersions: Android-10Android ID: A-154627439",MEDIUM,5.5,NVD-CWE-noinfo,2020
CVE-2020-0249,"In postInstantAppNotif of InstantAppNotifier.java, there is a possible permission bypass due to a PendingIntent error. This could lead to local information disclosure with User execution privileges needed. User interaction is not needed for exploitation.Product: AndroidVersions: Android-10 Android-8.0 Android-8.1 Android-9Android ID: A-154719656",MEDIUM,5.5,NVD-CWE-noinfo,2020
CVE-2020-0250,"In requestCellInfoUpdateInternal of PhoneInterfaceManager.java, there is a missing permission check. This could lead to local information disclosure of location data with no additional execution privileges needed. User interaction is not needed for exploitation.Product: AndroidVersions: Android-10Android ID: A-154934934",MEDIUM,5.5,CWE-862,2020
CVE-2020-0251,There is a possible out of bounds read due to an incorrect bounds check.Product: AndroidVersions: Android SoCAndroid ID: A-152647626,HIGH,7.5,CWE-125,2020
CVE-2020-0252,There is a possible memory corruption due to a use after free.Product: AndroidVersions: Android SoCAndroid ID: A-152236803,CRITICAL,9.8,CWE-416,2020
CVE-2020-0253,There is a possible memory corruption due to a use after free.Product: AndroidVersions: Android SoCAndroid ID: A-152647365,CRITICAL,9.8,CWE-416,2020
CVE-2020-0254,There is a possible out of bounds read due to an incorrect bounds check.Product: AndroidVersions: Android SoCAndroid ID: A-152647751,HIGH,7.5,CWE-125,2020
CVE-2020-0256,"In LoadPartitionTable of gpt.cc, there is a possible out of bounds write due to a missing bounds check. This could lead to local escalation of privilege when inserting a malicious USB device, with no additional execution privileges needed. User interaction is not needed for exploitation.Product: AndroidVersions: Android-8.1 Android-9 Android-10 Android-8.0Android ID: A-152874864",MEDIUM,6.8,CWE-787,2020
CVE-2020-0257,"In SpecializeCommon of com_android_internal_os_Zygote.cpp, there is a permissions bypass due to an incomplete cleanup. This could lead to local escalation of privilege in isolated processes with no additional execution privileges needed. User interaction is not needed for exploitation.Product: AndroidVersions: Android-10Android ID: A-156741968",HIGH,7.8,NVD-CWE-noinfo,2020
CVE-2020-0258,"In stopZygoteLocked of AppZygote.java, there is an insufficient cleanup. This could lead to local information disclosure in the application that is started next with no additional execution privileges needed. User interaction is not needed for exploitation.Product: AndroidVersions: Android-10Android ID: A-157598956",MEDIUM,5.5,CWE-459,2020
CVE-2020-0259,"In android_verity_ctr of dm-android-verity.c, there is a possible way to modify a dm-verity protected filesystem due to improperly used crypto. This could lead to local escalation of privilege with no additional execution privileges needed. User interaction is not needed for exploitation.Product: AndroidVersions: Android kernelAndroid ID: A-157941353References: N/A",HIGH,7.8,NVD-CWE-noinfo,2020
CVE-2020-0260,There is a possible out of bounds read due to an incorrect bounds check.Product: AndroidVersions: Android SoCAndroid ID: A-152225183,CRITICAL,9.1,CWE-125,2020
CVE-2020-0261,"In C2 flame devices, there is a possible bypass of seccomp due to a missing configuration file. This could lead to local escalation of privilege with no additional execution privileges needed. User interaction is not needed for exploitation.Product: AndroidVersions: Android kernelAndroid ID: A-146059841",HIGH,7.8,NVD-CWE-noinfo,2020
CVE-2020-0262,"In WiFi tethering, there is a possible attacker controlled intent due to an unsafe PendingIntent. This could lead to local escalation of privilege with User execution privileges needed. User interaction is not needed for exploitation.Product: AndroidVersions: Android-11Android ID: A-156353008",HIGH,7.8,NVD-CWE-noinfo,2020
CVE-2020-0263,"In the Accessibility service, there is a possible permission bypass due to an unsafe PendingIntent. This could lead to local information disclosure with User execution privileges needed. User interaction is not needed for exploitation.Product: AndroidVersions: Android-11Android ID: A-154913130",MEDIUM,5.5,NVD-CWE-noinfo,2020
CVE-2020-0264,"In libstagefright, there is a possible out of bounds write due to an integer overflow. This could lead to remote code execution with no additional execution privileges needed. User interaction is needed for exploitation.Product: AndroidVersions: Android-11Android ID: A-116718596",HIGH,8.8,CWE-190,2020
CVE-2020-0265,"In Telephony, there are possible leaks of sensitive data due to missing permission checks. This could lead to local information disclosure with no additional execution privileges needed. User interaction is not needed for exploitation.Product: AndroidVersions: Android-11Android ID: A-150155839",MEDIUM,5.5,CWE-862,2020
CVE-2020-0266,"In factory reset protection, there is a possible FRP bypass due to a missing permission check. This could lead to local escalation of privilege with no additional execution privileges needed. User interaction is not needed for exploitation.Product: AndroidVersions: Android-11Android ID: A-111086459",HIGH,7.8,CWE-862,2020
CVE-2020-0267,"In WindowManager, there is a possible launch of an unexpected app due to a confused deputy. This could lead to local escalation of privilege due to launching a malicious app instead of the one the user intended, with no additional execution privileges needed. User interaction is needed for exploitation.Product: AndroidVersions: Android-11Android ID: A-139128211",HIGH,7.8,CWE-610,2020
CVE-2020-0268,"In NFC, there is a possible use-after-free due to a race condition. This could lead to local escalation of privilege with System execution privileges needed. User interaction is not needed for exploitation.Product: AndroidVersions: Android-11Android ID: A-148294643",MEDIUM,6.4,CWE-362,2020
CVE-2020-0269,"In Android Auto Settings, there is a possible permission bypass due to an unsafe PendingIntent. This could lead to local information disclosure with User execution privileges needed. User interaction is not needed for exploitation.Product: AndroidVersions: Android-11Android ID: A-151645626",MEDIUM,5.5,NVD-CWE-noinfo,2020
CVE-2020-0270,"In tremolo, there is a possible out of bounds read due to a missing bounds check. This could lead to remote information disclosure with no additional execution privileges needed. User interaction is needed for exploitation.Product: AndroidVersions: Android-11Android ID: A-145790628",MEDIUM,6.5,CWE-125,2020
CVE-2020-0271,"In the Settings app, there is an insecure default value. This could lead to local escalation of privilege and tapjacking with User execution privileges needed. User interaction is needed for exploitation.Product: AndroidVersions: Android-11Android ID: A-144507081",HIGH,7.3,CWE-1188,2020
CVE-2020-0272,"In libhwbinder, there is a possible information disclosure due to uninitialized data. This could lead to local information disclosure with System execution privileges required. User interaction is not needed for exploitation.Product: AndroidVersions: Android-11Android ID: A-130166487",MEDIUM,4.4,CWE-908,2020
CVE-2020-0273,"In hwservicemanager, there is a possible out of bounds write due to freeing a wild pointer. This could lead to local escalation of privilege with no additional execution privileges needed. User interaction is not needed for exploitation.Product: AndroidVersions: Android-11Android ID: A-155646800",HIGH,7.8,CWE-787,2020
CVE-2020-0274,"In the OMX parser, there is a possible information disclosure due to a returned raw pointer. This could lead to local information disclosure with no additional execution privileges needed. User interaction is not needed for exploitation.Product: AndroidVersions: Android-11Android ID: A-120781925",MEDIUM,5.5,NVD-CWE-Other,2020
CVE-2020-0275,"In MediaProvider, there is a possible way to access ContentResolver and MediaStore entries the app shouldn't have access to due to a permissions bypass. This could lead to local escalation of privilege, with no additional execution privileges needed. User interaction is not needed for exploitation.Product: AndroidVersions: Android-11Android ID: A-150507736",HIGH,7.8,CWE-276,2020
CVE-2020-0276,"In Telephony, there is a possible permission bypass due to a missing permission check. This could lead to local information disclosure with no additional execution privileges needed. User interaction is not needed for exploitation.Product: AndroidVersions: Android-11Android ID: A-156253586",MEDIUM,5.5,CWE-862,2020
CVE-2020-0277,"In NetworkPolicyManagerService, there is a possible permissions bypass due to a missing permission check. This could lead to local escalation of privilege allowing a malicious app to modify the device's data plan with no additional execution privileges needed. User interaction is not needed for exploitation.Product: AndroidVersions: Android-11Android ID: A-148627993",HIGH,7.8,CWE-862,2020
CVE-2020-0278,There is a possible out of bounds write due to an incorrect bounds check.Product: AndroidVersions: Android SoCAndroid ID: A-160812574,CRITICAL,9.8,CWE-787,2020
CVE-2020-0279,"In the AAC parser, there is a possible out of bounds read due to a missing bounds check. This could lead to remote information disclosure with no additional execution privileges needed. User interaction is needed for exploitation.Product: AndroidVersions: Android-11Android ID: A-131430997",MEDIUM,6.5,CWE-125,2020
CVE-2020-0280,"In nci_proc_ee_management_rsp of nci_hrcv.cc, there is a possible out of bounds read due to a missing bounds check. This could lead to local information disclosure with no additional execution privileges needed. User interaction is needed for exploitation.Product: AndroidVersions: Android-11Android ID: A-136565424",MEDIUM,5.5,CWE-125,2020
CVE-2020-0281,"In NFC, there is a possible out of bounds read due to a missing bounds check. This could lead to remote information disclosure. System execution privileges, a Firmware compromise, and User interaction is needed for exploitation.Product: AndroidVersions: Android-11Android ID: A-137857778",MEDIUM,4.5,CWE-125,2020
CVE-2020-0282,"In NFC, there is a possible out of bounds read due to a missing bounds check. This could lead to remote information disclosure. System execution privileges, a Firmware compromise, and User interaction are needed for exploitation.Product: AndroidVersions: Android-11Android ID: A-144506224",MEDIUM,4.5,CWE-125,2020
CVE-2020-0283,There is a possible out of bounds write due to a missing bounds check.Product: AndroidVersions: Android SoCAndroid ID: A-163008257,CRITICAL,9.1,CWE-787,2020
CVE-2020-0284,"In Telephony, there is a possible permission bypass due to a missing permission check. This could lead to local information disclosure with no additional execution privileges needed. User interaction is not needed for exploitation.Product: AndroidVersions: Android-11Android ID: A-156253784",MEDIUM,5.5,CWE-862,2020
CVE-2020-0285,"In Telephony, there is a possible permission bypass due to a missing permission check. This could lead to local information disclosure with no additional execution privileges needed. User interaction is not needed for exploitation.Product: AndroidVersions: Android-11Android ID: A-156253479",MEDIUM,5.5,CWE-862,2020
CVE-2020-0286,"In Bluetooth AVRCP, there is a possible leak of audio metadata due to residual data. This could lead to remote information disclosure with no additional execution privileges needed. User interaction is not needed for exploitation.Product: AndroidVersions: Android-11Android ID: A-150214479",HIGH,7.5,CWE-459,2020
CVE-2020-0287,"In libmkvextractor, there is a possible resource exhaustion due to a missing bounds check. This could lead to remote denial of service with no additional execution privileges needed. User interaction is needed for exploitation.Product: AndroidVersions: Android-11Android ID: A-141860394",MEDIUM,6.5,CWE-20,2020
CVE-2020-0288,"In PackageManager, there is a missing permission check. This could lead to local information disclosure across user boundaries with no additional execution privileges needed. User interaction is not needed for exploitation.Product: AndroidVersions: Android-11Android ID: A-153995991",MEDIUM,5.5,CWE-862,2020
CVE-2020-0289,"In PackageManager, there is a missing permission check. This could lead to local information disclosure across users with no additional execution privileges needed. User interaction is not needed for exploitation.Product: AndroidVersions: Android-11Android ID: A-153996872",MEDIUM,5.5,CWE-862,2020
CVE-2020-0290,"In PackageManager, there is a missing permission check. This could lead to local information disclosure across users with no additional execution privileges needed. User interaction is not needed for exploitation.Product: AndroidVersions: Android-11Android ID: A-153996866",MEDIUM,5.5,CWE-862,2020
CVE-2020-0291,"In Bluetooth, there is a possible out of bounds read due to a missing bounds check. This could lead to local information disclosure with System execution privileges and a compromised Firmware needed. User interaction is not needed for exploitation.Product: AndroidVersions: Android-11Android ID: A-146032016",MEDIUM,4.4,CWE-125,2020
CVE-2020-0292,"In Bluetooth, there is a possible out of bounds read due to a missing bounds check. This could lead to local information disclosure with System execution privileges and a compromised Firmware needed. User interaction is not needed for exploitation.Product: AndroidVersions: Android-11Android ID: A-110107252",MEDIUM,4.4,CWE-125,2020
CVE-2020-0293,"In Java network APIs, there is possible access to sensitive network state due to a missing permission check. This could lead to local information disclosure with no additional execution privileges needed. User interaction is not needed for exploitation in Android versions: Android-11, Android ID: A-141455849",MEDIUM,5.5,CWE-862,2020
CVE-2020-0294,"In bindWallpaperComponentLocked of WallpaperManagerService.java, there is a possible permission bypass due to an unsafe PendingIntent. This could lead to local escalation of privilege with User execution privileges needed. User interaction is not needed for exploitation.Product: AndroidVersions: Android-10 Android-8.0 Android-8.1 Android-9Android ID: A-154915372",MEDIUM,5.5,CWE-276,2020
CVE-2020-0295,"In Telecom, there is a possible permission bypass due to an unsafe PendingIntent. This could lead to local information disclosure with User execution privileges needed. User interaction is not needed for exploitation.Product: AndroidVersions: Android-11Android ID: A-155650969",MEDIUM,5.5,NVD-CWE-noinfo,2020
CVE-2020-0296,"In ADB server and USB server, there is a possible permission bypass due to an unsafe PendingIntent. This could lead to local information disclosure with User execution privileges needed. User interaction is not needed for exploitation.Product: AndroidVersions: Android-11Android ID: A-153356209",MEDIUM,5.5,NVD-CWE-noinfo,2020
CVE-2020-0297,"In devicepolicy service, there is a possible permission bypass due to an unsafe PendingIntent. This could lead to local information disclosure with User execution privileges needed. User interaction is not needed for exploitation.Product: AndroidVersions: Android-11Android ID: A-155183624",MEDIUM,5.5,NVD-CWE-noinfo,2020
CVE-2020-0298,"In Bluetooth, there is a possible control over Bluetooth enabled state due to a missing permission check. This could lead to local escalation of privilege with no additional execution privileges needed. User interaction is not needed for exploitation.Product: AndroidVersions: Android-11Android ID: A-145129266",HIGH,7.8,CWE-862,2020
CVE-2020-0299,"In Bluetooth, there is a possible spoofing of bluetooth device metadata due to a missing permission check. This could lead to local escalation of privilege with User execution privileges needed. User interaction is not needed for exploitation.Product: AndroidVersions: Android-11Android ID: A-145130119",HIGH,7.8,CWE-862,2020
CVE-2020-0300,"In NFC, there is a possible out of bounds read due to uninitialized data. This could lead to remote information disclosure with no additional execution privileges needed. User interaction is not needed for exploitation.Product: AndroidVersions: Android-11Android ID: A-148736216",HIGH,7.5,CWE-125,2020
CVE-2020-0301,"In libstagefright, there is a possible resource exhaustion due to improper input validation. This could lead to remote denial of service with no additional execution privileges needed. User interaction is needed for exploitation.Product: AndroidVersions: Android-11Android ID: A-124940460",MEDIUM,6.5,CWE-20,2020
CVE-2020-0302,"In Settings, there is a possible permission bypass due to an unsafe PendingIntent. This could lead to local information disclosure with User execution privileges needed. User interaction is not needed for exploitation.Product: AndroidVersions: Android-11Android ID: A-151646375",MEDIUM,5.5,NVD-CWE-noinfo,2020
CVE-2020-0303,"In the Media extractor, there is a possible use after free due to improper locking. This could lead to remote code execution in the media extractor with no additional execution privileges needed. User interaction is needed for exploitation.Product: AndroidVersions: Android-11Android ID: A-148223229",HIGH,8.8,CWE-416,2020
CVE-2020-0304,"In Settings, there is a possible permission bypass due to an unsafe PendingIntent. This could lead to local information disclosure with User execution privileges needed. User interaction is not needed for exploitation.Product: AndroidVersions: Android-11Android ID: A-151645695",MEDIUM,5.5,NVD-CWE-noinfo,2020
CVE-2020-0305,"In cdev_get of char_dev.c, there is a possible use-after-free due to a race condition. This could lead to local escalation of privilege with System execution privileges needed. User interaction is not needed for exploitation.Product: AndroidVersions: Android-10Android ID: A-153467744",MEDIUM,6.4,CWE-362,2020
CVE-2020-0306,"In LLVM, there is a possible ineffective stack cookie placement due to stack frame double reservation. This could lead to local escalation of privilege with no additional execution privileges needed. User interaction is not needed for exploitation.Product: AndroidVersions: Android-11Android ID: A-139666480",HIGH,7.8,NVD-CWE-noinfo,2020
CVE-2020-0307,"In Settings, there is a possible permission bypass due to an unsafe PendingIntent. This could lead to local information disclosure with User execution privileges needed. User interaction is not needed for exploitation.Product: AndroidVersions: Android-11Android ID: A-151645867",MEDIUM,5.5,NVD-CWE-noinfo,2020
CVE-2020-0308,"In Window Manager, there is a possible permission bypass due to an unsafe PendingIntent. This could lead to local information disclosure with User execution privileges needed. User interaction is not needed for exploitation.Product: AndroidVersions: Android-11Android ID: A-153654357",MEDIUM,5.5,NVD-CWE-noinfo,2020
CVE-2020-0309,"In the Bluetooth server, there is a possible out of bounds write due to an integer overflow. This could lead to local escalation of privilege with System privileges and a Firmware compromise needed. User interaction is not needed for exploitation.Product: AndroidVersions: Android-11Android ID: A-147227320",MEDIUM,6.7,CWE-190,2020
CVE-2020-0310,"In Settings, there is a possible permission bypass due to an unsafe PendingIntent. This could lead to local information disclosure with User execution privileges needed. User interaction is not needed for exploitation.Product: AndroidVersions: Android-11Android ID: A-153356468",MEDIUM,5.5,NVD-CWE-noinfo,2020
CVE-2020-0311,"In InputManagerService, there is a possible permission bypass due to an unsafe PendingIntent. This could lead to local information disclosure with User execution privileges needed. User interaction is not needed for exploitation.Product: AndroidVersions: Android-11Android ID: A-153878642",MEDIUM,5.5,NVD-CWE-noinfo,2020
CVE-2020-0312,"In Battery Saver, there is a possible permission bypass due to an unsafe PendingIntent. This could lead to local information disclosure with User execution privileges needed. User interaction is not needed for exploitation.Product: AndroidVersions: Android-11Android ID: A-153879099",MEDIUM,5.5,NVD-CWE-noinfo,2020
CVE-2020-0313,"In NotificationManagerService, there is a possible permission bypass due to an unsafe PendingIntent. This could lead to local information disclosure with User execution privileges needed. User interaction is not needed for exploitation.Product: AndroidVersions: Android-11Android ID: A-154917989",MEDIUM,5.5,NVD-CWE-noinfo,2020
CVE-2020-0314,"In AudioService, there are missing permission checks. This could lead to local information disclosure of audio configuration with no additional execution privileges needed. User interaction is not needed for exploitation.Product: AndroidVersions: Android-11Android ID: A-154934920",MEDIUM,5.5,CWE-862,2020
CVE-2020-0315,"In Zen Mode, there is a possible permission bypass due to an unsafe PendingIntent. This could lead to local information disclosure with User execution privileges needed. User interaction is not needed for exploitation.Product: AndroidVersions: Android-11Android ID: A-155642026",MEDIUM,5.5,NVD-CWE-noinfo,2020
CVE-2020-0316,"In Telephony, there is a missing permission check. This could lead to local information disclosure of radio data with no additional execution privileges needed. User interaction is not needed for exploitation.Product: AndroidVersions: Android-11Android ID: A-154934919",MEDIUM,5.5,CWE-862,2020
CVE-2020-0317,"In UsageStatsManager, there is a possible access to protected data due to a missing permission check. This could lead to local information disclosure with no additional execution privileges needed. User interaction is not needed for exploitation.Product: AndroidVersions: Android-11Android ID: A-119671929",MEDIUM,5.5,CWE-862,2020
CVE-2020-0318,"In the System UI, there is a possible system crash due to an uncaught exception. This could lead to local permanent denial of service with no additional execution privileges needed. User interaction is not needed for exploitation.Product: AndroidVersions: Android-11Android ID: A-33646131",MEDIUM,5.5,CWE-755,2020
CVE-2020-0319,"In NFC, there is a possible out of bounds write due to a missing bounds check. This could lead to local escalation of privilege with System execution privileges and a Firmware compromise needed. User interaction is needed for exploitation.Product: AndroidVersions: Android-11Android ID: A-137868765",HIGH,7.8,CWE-787,2020
CVE-2020-0320,"In libstagefright, there is a possible resource exhaustion due to improper input validation. This could lead to remote denial of service with no additional execution privileges needed. User interaction is needed for exploitation.Product: AndroidVersions: Android-11Android ID: A-129282427",MEDIUM,6.5,CWE-20,2020
CVE-2020-0321,"In the mp3 extractor, there is a possible out of bounds write due to uninitialized data. This could lead to remote code execution with no additional execution privileges needed. User interaction is needed for exploitation.Product: AndroidVersions: Android-11Android ID: A-155171907",HIGH,8.8,CWE-787,2020
CVE-2020-0322,"In apexd, there is a possible out of bounds read due to a missing bounds check. This could lead to local information disclosure with System execution privileges needed. User interaction is not needed for exploitation.Product: AndroidVersions: Android-11Android ID: A-147002540",MEDIUM,4.4,CWE-125,2020
CVE-2020-0323,"In libavb, there is a possible out of bounds read due to a missing bounds check. This could lead to local information disclosure with no additional execution privileges needed. User interaction is not needed for exploitation.Product: AndroidVersions: Android-11Android ID: A-146516087",MEDIUM,5.5,CWE-125,2020
CVE-2020-0324,"In libsonivox, there is a possible out of bounds read due to a missing bounds check. This could lead to remote information disclosure with no additional execution privileges needed. User interaction is needed for exploitation.Product: AndroidVersions: Android-11Android ID: A-136660304",MEDIUM,6.5,CWE-125,2020
CVE-2020-0325,"In NFC, there is a missing bounds check. This could lead to local information disclosure with System execution privileges needed. User interaction is not needed for exploitation.Product: AndroidVersions: Android-11Android ID: A-145079309",MEDIUM,4.4,CWE-20,2020
CVE-2020-0326,"In NFC, there is a possible out of bounds write due to uninitialized data. This could lead to local escalation of privilege with System execution privileges needed. User interaction is not needed for exploitation.Product: AndroidVersions: Android-11Android ID: A-146453119",MEDIUM,6.7,CWE-787,2020
CVE-2020-0327,"In core networking, there is a missing permission check. This could lead to local information disclosure of app network usage with User execution privileges needed. User interaction is not needed for exploitation.Product: AndroidVersions: Android-11Android ID: A-129151407",MEDIUM,5.5,CWE-862,2020
CVE-2020-0328,"In the camera, there is a possible out of bounds read due to an integer overflow. This could lead to local information disclosure with System execution privileges needed. User interaction is not needed for exploitation.Product: AndroidVersions: Android-11Android ID: A-150156131",MEDIUM,4.4,CWE-125,2020
CVE-2020-0329,"In the OMX encoder, there is a possible out of bounds read due to invalid input validation. This could lead to local information disclosure with no additional execution privileges needed. User interaction is not needed for exploitation.Product: AndroidVersions: Android-11Android ID: A-63522940",MEDIUM,5.5,CWE-125,2020
CVE-2020-0330,"In iorap, there is a possible memory corruption due to a use after free. This could lead to local escalation of privilege and code execution with System execution privileges needed. User interaction is not needed for exploitation.Product: AndroidVersions: Android-11Android ID: A-150331085",MEDIUM,6.7,CWE-416,2020
CVE-2020-0331,"In Settings, there is a possible permissions bypass. This could lead to local information disclosure of the device's IMEI with User execution privileges needed. User interaction is not needed for exploitation.Product: AndroidVersions: Android-11Android ID: A-147309310",MEDIUM,5.5,NVD-CWE-noinfo,2020
CVE-2020-0332,"In libstagefright, there is a possible dead loop due to an uncaught exception. This could lead to remote denial of service with no additional execution privileges needed. User interaction is needed for exploitation.Product: AndroidVersions: Android-11Android ID: A-124783982",MEDIUM,6.5,NVD-CWE-Other,2020
CVE-2020-0333,"In UrlQuerySanitizer, there is a possible improper input validation. This could lead to remote code execution with no additional execution privileges needed. User interaction is not needed for exploitation.Product: AndroidVersions: Android-11Android ID: A-73822755",CRITICAL,9.8,CWE-20,2020
CVE-2020-0334,"In NFC, there is a possible out of bounds write due to a missing bounds check. This could lead to local escalation of privilege with System execution privileges and a Firmware compromise needed. User interaction is not needed for exploitation.Product: AndroidVersions: Android-11Android ID: A-147995915",MEDIUM,6.7,CWE-787,2020
CVE-2020-0335,"In NFC, there is a possible out of bounds write due to a missing bounds check. This could lead to local escalation of privilege with System execution privileges and a Firmware compromise needed. User interaction is not needed for exploitation.Product: AndroidVersions: Android-11Android ID: A-122361504",MEDIUM,6.7,CWE-787,2020
CVE-2020-0336,"In SurfaceFlinger, there is possible memory corruption due to type confusion. This could lead to local escalation of privilege with System execution privileges needed. User interaction is not needed for exploitation.Product: AndroidVersions: Android-11Android ID: A-153467444",MEDIUM,6.7,CWE-787,2020
CVE-2020-0337,"In MediaProvider, there is a possible bypass of a permissions check due to a confused deputy. This could lead to local information disclosure, with User execution privileges needed. User interaction is not needed for exploitation.Product: AndroidVersions: Android-11Android ID: A-124329382",MEDIUM,5.5,NVD-CWE-noinfo,2020
CVE-2020-0338,"In checkKeyIntent of AccountManagerService.java, there is a possible permission bypass. This could lead to local information disclosure with User execution privileges needed. User interaction is needed for exploitation.Product: AndroidVersions: Android-10 Android-9Android ID: A-123700107",MEDIUM,5.0,NVD-CWE-noinfo,2020
CVE-2020-0339,There is a possible out of bounds read due to a missing bounds check.Product: AndroidVersions: Android SoCAndroid ID: A-162980705,CRITICAL,9.1,CWE-125,2020
CVE-2020-0340,"In libcodec2_soft_mp3dec, there is a possible information disclosure due to uninitialized data. This could lead to remote information disclosure with no additional execution privileges needed. User interaction is needed for exploitation.Product: AndroidVersions: Android-11Android ID: A-144901522",MEDIUM,6.5,CWE-908,2020
CVE-2020-0341,"In DisplayManager, there is a possible permission bypass due to a missing permission check. This could lead to local escalation of privilege with no additional execution privileges needed. User interaction is not needed for exploitation.Product: AndroidVersions: Android-11Android ID: A-144920149",HIGH,7.8,CWE-862,2020
CVE-2020-0342,There is a possible out of bounds write due to an incorrect bounds check.Product: AndroidVersions: Android SoCAndroid ID: A-160812576,CRITICAL,9.8,CWE-787,2020
CVE-2020-0343,"In NetworkStatsService, there is a possible access to protected data due to a missing permission check. This could lead to local information disclosure with no additional execution privileges needed. User interaction is not needed for exploitation.Product: AndroidVersions: Android-11Android ID: A-119672472",MEDIUM,5.5,CWE-862,2020
CVE-2020-0344,"In MediaProvider, there is a possible permissions bypass due to SQL injection. This could lead to local information disclosure with no additional execution privileges needed. User interaction is not needed for exploitation.Product: AndroidVersions: Android-11Android ID: A-140729887",MEDIUM,5.5,CWE-89,2020
CVE-2020-0345,"In DocumentsUI, there is a possible permission bypass due to a confused deputy. This could lead to local escalation of privilege with no additional execution privileges needed. User interaction is needed for exploitation.Product: AndroidVersions: Android-11Android ID: A-144286721",HIGH,7.8,CWE-610,2020
CVE-2020-0346,"In Mediaserver, there is a possible out of bounds write due to an integer overflow. This could lead to local escalation of privilege if integer sanitization were not enabled (which it is by default), with no additional execution privileges needed. User interaction is not needed for exploitation.Product: AndroidVersions: Android-11Android ID: A-147002762",HIGH,7.8,CWE-190,2020
CVE-2020-0347,"In iptables, there is a possible out of bounds write due to an incorrect bounds check. This could lead to local escalation of privilege with System execution privileges needed. User interaction is not needed for exploitation.Product: AndroidVersions: Android-11Android ID: A-136658008",MEDIUM,6.7,CWE-787,2020
CVE-2020-0348,"In NFC, there is a possible out of bounds read due to a missing bounds check. This could lead to remote information disclosure over NFC with System execution privileges needed. User interaction is not needed for exploitation.Product: AndroidVersions: Android-11Android ID: A-139188582",MEDIUM,4.9,CWE-125,2020
CVE-2020-0349,"In NFC, there is a possible out of bounds read due to a missing bounds check. This could lead to local information disclosure with System execution privileges needed. User interaction is not needed for exploitation.Product: AndroidVersions: Android-11Android ID: A-139188779",MEDIUM,4.4,CWE-125,2020
CVE-2020-0350,"In NFC, there is a possible out of bounds write due to a missing bounds check. This could lead to local escalation of privilege with System execution privileges and a Firmware compromise needed. User interaction is not needed for exploitation.Product: AndroidVersions: Android-11Android ID: A-139424089",MEDIUM,6.7,CWE-787,2020
CVE-2020-0351,"In libstagefright, there is possible CPU exhaustion due to improper input validation. This could lead to remote denial of service with no additional execution privileges needed. User interaction is needed for exploitation.Product: AndroidVersions: Android-11Android ID: A-124777537",MEDIUM,6.5,CWE-20,2020
CVE-2020-0352,"In MediaProvider, there is a possible permissions bypass due to SQL injection. This could lead to local information disclosure with no additional execution privileges needed. User interaction is not needed for exploitation.Product: AndroidVersions: Android-11Android ID: A-132074310",MEDIUM,5.5,CWE-89,2020
CVE-2020-0353,"In libmp4extractor, there is a possible resource exhaustion due to a missing bounds check. This could lead to remote denial of service with no additional execution privileges needed. User interaction is needed for exploitation.Product: AndroidVersions: Android-11Android ID: A-124777526",MEDIUM,6.5,CWE-20,2020
CVE-2020-0354,"In Bluetooth, there is a possible out of bounds write due to a missing bounds check. This could lead to remote code execution with no additional execution privileges needed. User interaction is not needed for exploitation.Product: AndroidVersions: Android-11Android ID: A-143604331",CRITICAL,9.8,CWE-787,2020
CVE-2020-0355,"In libFraunhoferAAC, there is a possible out of bounds read due to a missing bounds check. This could lead to remote information disclosure with no additional execution privileges needed. User interaction is needed for exploitation.Product: AndroidVersions: Android-11Android ID: A-141883493",MEDIUM,6.5,CWE-125,2020
CVE-2020-0356,"In the Audio HAL, there is a possible out of bounds write due to an incorrect bounds check. This could lead to local escalation of privilege with System execution privileges needed. User interaction is not needed for exploitation.Product: AndroidVersions: Android-11Android ID: A-143787559",MEDIUM,6.7,CWE-787,2020
CVE-2020-0357,"In SurfaceFlinger, there is a possible use-after-free due to improper locking. This could lead to local escalation of privilege in the graphics server with no additional execution privileges needed. User interaction is not needed for exploitation.Product: AndroidVersions: Android-11Android ID: A-150225569",HIGH,7.8,CWE-416,2020
CVE-2020-0358,"In SurfaceFlinger, there is a possible use after free due to a race condition. This could lead to local escalation of privilege with System execution privileges needed. User interaction is not needed for exploitation.Product: AndroidVersions: Android-11Android ID: A-150227563",MEDIUM,6.4,CWE-367,2020
CVE-2020-0359,"In GLESRenderEngine, there is a possible out of bounds read due to a buffer overflow. This could lead to local information disclosure with no additional execution privileges needed. User interaction is not needed for exploitation.Product: AndroidVersions: Android-11Android ID: A-150303018",MEDIUM,5.5,CWE-125,2020
CVE-2020-0360,"In Notification Access Confirmation, there is a possible permissions bypass due to uninformed consent. This could lead to local escalation of privilege with User execution privileges needed. User interaction is needed for exploitation.Product: AndroidVersions: Android-11Android ID: A-145129456",HIGH,7.8,NVD-CWE-noinfo,2020
CVE-2020-0361,"In libDRCdec, there is a possible information disclosure due to uninitialized data. This could lead to remote information disclosure with no additional execution privileges needed. User interaction is needed for exploitation.Product: AndroidVersions: Android-11Android ID: A-151927433",MEDIUM,6.5,CWE-908,2020
CVE-2020-0362,"In libstagefright, there is a possible resource exhaustion due to improper input validation. This could lead to remote denial of service with no additional execution privileges needed. User interaction is needed for exploitation.Product: AndroidVersions: Android-11Android ID: A-123237930",MEDIUM,6.5,CWE-20,2020
CVE-2020-0363,"In libmedia, there is a possible resource exhaustion due to improper input validation. This could lead to remote denial of service with no additional execution privileges needed. User interaction is needed for exploitation.Product: AndroidVersions: Android-11Android ID: A-132274514",MEDIUM,6.5,CWE-20,2020
CVE-2020-0364,"In libDRCdec, there is a possible out of bounds read due to a missing bounds check. This could lead to remote information disclosure with no additional execution privileges needed. User interaction is needed for exploitation.Product: AndroidVersions: Android-11Android ID: A-137282770",MEDIUM,6.5,CWE-125,2020
CVE-2020-0365,"In netd, there is a possible out of bounds read due to a missing bounds check. This could lead to remote denial of service with no additional execution privileges needed. User interaction is not needed for exploitation.Product: AndroidVersions: Android-11Android ID: A-137346580",MEDIUM,5.5,CWE-125,2020
CVE-2020-0366,"In PackageInstaller, there is a possible permissions bypass due to a tapjacking vulnerability. This could lead to local escalation of privilege using an app set as the default Assist app with User execution privileges needed. User interaction is needed for exploitation.Product: AndroidVersions: Android-11Android ID: A-138443815",HIGH,7.8,CWE-1021,2020
CVE-2020-0367,There is a possible out of bounds write due to a missing bounds check.Product: AndroidVersions: Android SoCAndroid ID: A-162980455,CRITICAL,9.1,CWE-787,2020
CVE-2020-0368,"In queryInternal of CallLogProvider.java, there is a possible permission bypass due to improper input validation. This could lead to local information disclosure of voicemail metadata with User execution privileges needed. User interaction is not needed for exploitation.Product: AndroidVersions: Android-11Android ID: A-143230980",LOW,3.3,CWE-20,2020
CVE-2020-0369,"In libavb, there is a possible out of bounds write due to an integer overflow. This could lead to local escalation of privilege with no additional execution privileges needed. User interaction is not needed for exploitation.Product: AndroidVersions: Android-11Android ID: A-130231426",HIGH,7.8,CWE-190,2020
CVE-2020-0370,"In libAACdec, there is a possible out of bounds read due to missing bounds check. This could lead to remote information disclosure with no additional execution privileges needed. User interaction is needed for exploitation.Product: AndroidVersions: Android-11Android ID: A-112051700",MEDIUM,6.5,CWE-125,2020
CVE-2020-0371,There is a possible out of bounds read due to a missing bounds check.Product: AndroidVersions: Android SoCAndroid ID: A-163008256,CRITICAL,9.1,CWE-125,2020
CVE-2020-0372,"In ActivityManager, there is a possible access to protected data due to a missing permission check. This could lead to local information disclosure with no additional execution privileges needed. User interaction is not needed for exploitation.Product: AndroidVersions: Android-11Android ID: A-119673147",MEDIUM,5.5,CWE-862,2020
CVE-2020-0373,"In SoundTriggerHwService, there is a possible out of bounds read due to a race condition. This could lead to local information disclosure with no additional execution privileges needed. User interaction is not needed for exploitation.Product: AndroidVersions: Android-11Android ID: A-146894086",MEDIUM,4.7,CWE-125,2020
CVE-2020-0374,"In NFC, there is a possible permission bypass due to an unsafe PendingIntent. This could lead to local escalation of privilege with User execution privileges needed. User interaction is not needed for exploitation.Product: AndroidVersions: Android-11Android ID: A-156251602",HIGH,7.8,CWE-276,2020
CVE-2020-0375,"In Telephony, there is a possible permission bypass due to a missing permission check. This could lead to local escalation of privilege and the setting of supported EUICC countries with no additional execution privileges needed. User interaction is not needed for exploitation.Product: AndroidVersions: Android-11Android ID: A-156253476",HIGH,7.8,CWE-862,2020
CVE-2020-0376,There is a possible out of bounds read due to a missing bounds check.Product: AndroidVersions: Android SoCAndroid ID: A-163003156,CRITICAL,9.1,CWE-125,2020
CVE-2020-0377,"In gatt_process_read_by_type_rsp of gatt_cl.cc, there is a possible out of bounds read due to a missing bounds check. This could lead to remote information disclosure in the Bluetooth server with no additional execution privileges needed. User interaction is not needed for exploitation.Product: AndroidVersions: Android-8.1 Android-9 Android-10 Android-11 Android-8.0Android ID: A-158833854",HIGH,7.5,CWE-125,2020
CVE-2020-0378,"In onWnmFrameReceived of PasspointManager.java, there is a missing permission check. This could lead to local information disclosure of location data with User execution privileges needed. User interaction is not needed for exploitation.Product: AndroidVersions: Android-9 Android-10 Android-11Android ID: A-157748906",MEDIUM,5.5,CWE-862,2020
CVE-2020-0379,"In the Bluetooth service, there is a possible spoofing attack due to a logic error. This could lead to remote information disclosure of sensitive information with no additional execution privileges needed. User interaction is needed for exploitation.Product: AndroidVersions: Android-8.0 Android-8.1 Android-9 Android-10 Android-11Android ID: A-150156492",MEDIUM,5.7,NVD-CWE-noinfo,2020
CVE-2020-0380,"In allocExcessBits of bitalloc.c, there is a possible out of bounds write due to an incorrect bounds check. This could lead to remote code execution with no additional execution privileges needed. User interaction is not needed for exploitation.Product: AndroidVersions: Android-11 Android-8.0 Android-8.1 Android-9 Android-10Android ID: A-146398979",CRITICAL,9.8,CWE-787,2020
CVE-2020-0381,"In Parse_wave of eas_mdls.c, there is a possible out of bounds write due to an integer overflow. This could lead to remote information disclosure in a highly constrained process with no additional execution privileges needed. User interaction is not needed for exploitation.Product: AndroidVersions: Android-8.0 Android-8.1 Android-9 Android-10 Android-11Android ID: A-150159669",HIGH,7.5,CWE-190,2020
CVE-2020-0382,"In RunInternal of dumpstate.cpp, there is a possible user consent bypass due to an uncaught exception. This could lead to local information disclosure of bug report data with System execution privileges needed. User interaction is not needed for exploitation.Product: AndroidVersions: Android-11 Android-10Android ID: A-152944488",LOW,2.3,CWE-755,2020
CVE-2020-0383,"In Parse_ins of eas_mdls.c, there is a possible out of bounds write due to a missing bounds check. This could lead to remote information disclosure in the media extractor process with no additional execution privileges needed. User interaction is needed for exploitation.Product: AndroidVersions: Android-8.1 Android-9 Android-10 Android-11 Android-8.0Android ID: A-150160279",MEDIUM,5.5,CWE-787,2020
CVE-2020-0384,"In Parse_art of eas_mdls.c, there is a possible out of bounds write due to an incorrect bounds check. This could lead to remote information disclosure in the media extractor with no additional execution privileges needed. User interaction is needed for exploitation.Product: AndroidVersions: Android-8.1 Android-9 Android-10 Android-11 Android-8.0Android ID: A-150159906",MEDIUM,5.5,CWE-787,2020
CVE-2020-0385,"In Parse_insh of eas_mdls.c, there is a possible out of bounds write due to an incorrect bounds check. This could lead to remote information disclosure in the media extractor with no additional execution privileges needed. User interaction is needed for exploitation.Product: AndroidVersions: Android-9 Android-10 Android-11 Android-8.0 Android-8.1Android ID: A-150160041",MEDIUM,5.5,CWE-787,2020
CVE-2020-0386,"In onCreate of RequestPermissionActivity.java, there is a possible tapjacking vector due to an insecure default value. This could lead to local escalation of privilege allowing an attacker to set Bluetooth discoverability with User execution privileges needed. User interaction is needed for exploitation.Product: AndroidVersions: Android-8.0 Android-8.1 Android-9 Android-10 Android-11Android ID: A-155650356",MEDIUM,5.5,CWE-1021,2020
CVE-2020-0387,"In manifest files of the SmartSpace package, there is a possible tapjacking vector due to a missing permission check. This could lead to local escalation of privilege and account hijacking with no additional execution privileges needed. User interaction is needed for exploitation.Product: AndroidVersions: Android kernelAndroid ID: A-156046804",HIGH,7.8,CWE-862,2020
CVE-2020-0388,"In createEmergencyLocationUserNotification of GnssVisibilityControl.java, there is a possible permissions bypass due to an empty mutable PendingIntent. This could lead to local escalation of privilege with User execution privileges needed. User interaction is not needed for exploitation.Product: AndroidVersions: Android-11 Android-10Android ID: A-156123285",HIGH,7.8,CWE-276,2020
CVE-2020-0389,"In createSaveNotification of RecordingService.java, there is a possible permission bypass due to an unsafe PendingIntent. This could lead to local information disclosure with User execution privileges needed. User interaction is not needed for exploitation.Product: AndroidVersions: Android-10 Android-11Android ID: A-156959408",MEDIUM,5.5,NVD-CWE-noinfo,2020
CVE-2020-0390,"In the app zygote SE Policy, there is a possible permissions bypass. This could lead to local information disclosure with no additional execution privileges needed. User interaction is not needed for exploitation.Product: AndroidVersions: Android-10 Android-11Android ID: A-157598026",MEDIUM,5.5,CWE-276,2020
CVE-2020-0391,"In applyPolicy of PackageManagerService.java, there is possible arbitrary command execution as System due to an unenforced protected-broadcast. This could lead to local escalation of privilege with no additional execution privileges needed. User interaction is not needed for exploitation.Product: AndroidVersions: Android-9 Android-10 Android-11Android ID: A-158570769",HIGH,7.8,NVD-CWE-noinfo,2020
CVE-2020-0392,"In getLayerDebugInfo of SurfaceFlinger.cpp, there is a possible code execution due to a double free. This could lead to local escalation of privilege with no additional execution privileges needed. User interaction is not needed for exploitation.Product: AndroidVersions: Android-9 Android-10 Android-11Android ID: A-150226608",HIGH,7.8,CWE-415,2020
CVE-2020-0393,"In decrypt and decrypt_1_2 of CryptoPlugin.cpp, there is a possible out of bounds read due to a missing bounds check. This could lead to local information disclosure with no additional execution privileges needed. User interaction is not needed for exploitation.Product: AndroidVersions: Android-9 Android-10 Android-11Android ID: A-154123412",MEDIUM,5.5,CWE-125,2020
CVE-2020-0394,"In onCreate of BluetoothPairingDialog.java, there is a possible tapjacking vector due to an insecure default value. This could lead to local escalation of privilege and untrusted devices accessing contact lists with no additional execution privileges needed. User interaction is needed for exploitation.Product: AndroidVersions: Android-8.0 Android-8.1 Android-9 Android-10 Android-11Android ID: A-155648639",HIGH,7.8,CWE-1021,2020
CVE-2020-0395,"In showNotification of EmergencyCallbackModeService.java, there is a possible permission bypass due to an unsafe PendingIntent. This could lead to local information disclosure with User execution privileges needed. User interaction is not needed for exploitation.Product: AndroidVersions: Android-8.0 Android-8.1 Android-9 Android-10 Android-11Android ID: A-154124307",MEDIUM,5.5,NVD-CWE-noinfo,2020
CVE-2020-0396,"In various places in Telephony, there is a possible permission bypass due to an unsafe PendingIntent. This could lead to local information disclosure with User execution privileges needed. User interaction is not needed for exploitation.Product: AndroidVersions: Android-8.1 Android-9 Android-10 Android-11 Android-8.0Android ID: A-155094269",MEDIUM,5.5,NVD-CWE-noinfo,2020
CVE-2020-0397,"In getNotificationBuilder of CarrierServiceStateTracker.java, there is a possible permission bypass due to an unsafe PendingIntent. This could lead to local information disclosure with User execution privileges needed. User interaction is not needed for exploitation.Product: AndroidVersions: Android-8.1 Android-9 Android-10 Android-11 Android-8.0Android ID: A-155092443",MEDIUM,5.5,NVD-CWE-noinfo,2020
CVE-2020-0398,"In updateMwi of NotificationMgr.java, there is a possible permission bypass due to a PendingIntent error. This could lead to local information disclosure with User execution privileges needed. User interaction is not needed for exploitation.Product: AndroidVersions: Android-10 Android-11Android ID: A-154323381",MEDIUM,5.5,NVD-CWE-noinfo,2020
CVE-2020-0399,"In showLimitedSimFunctionWarningNotification of NotificationMgr.java, there is a possible permission bypass due to an unsafe PendingIntent. This could lead to local information disclosure with User execution privileges needed. User interaction is not needed for exploitation.Product: AndroidVersions: Android-8.0 Android-8.1 Android-9 Android-10 Android-11Android ID: A-153993591",MEDIUM,5.5,NVD-CWE-noinfo,2020
CVE-2020-0400,"In showDataRoamingNotification of NotificationMgr.java, there is a possible permission bypass due to an unsafe PendingIntent. This could lead to local information disclosure with User execution privileges needed. User interaction is not needed for exploitation.Product: AndroidVersions: Android-11 Android-10Android ID: A-153356561",MEDIUM,5.5,NVD-CWE-noinfo,2020
CVE-2020-0401,"In setInstallerPackageName of PackageManagerService.java, there is a missing permission check. This could lead to local escalation of privilege and granting spurious permissions with no additional execution privileges needed. User interaction is not needed for exploitation.Product: AndroidVersions: Android-8.0 Android-8.1 Android-9 Android-10 Android-11Android ID: A-150857253",HIGH,7.8,CWE-862,2020
CVE-2020-0403,"In the FPC TrustZone fingerprint App, there is a possible invalid command handler due to an exposed test feature. This could lead to local escalation of privilege in the TEE, with System execution privileges required. User interaction is not needed for exploitation.Product: AndroidVersions: Android kernelAndroid ID: A-131252923",MEDIUM,6.7,CWE-269,2020
CVE-2020-0404,"In uvc_scan_chain_forward of uvc_driver.c, there is a possible linked list corruption due to an unusual root cause. This could lead to local escalation of privilege in the kernel with no additional execution privileges needed. User interaction is not needed for exploitation.Product: AndroidVersions: Android kernelAndroid ID: A-111893654References: Upstream kernel",MEDIUM,5.5,CWE-269,2020
CVE-2020-0405,"In NetworkStackNotifier, there is a possible permissions bypass due to an unsafe implicit PendingIntent. This could lead to local escalation of privilege with User execution privileges needed. User interaction is not needed for exploitation.Product: AndroidVersions: Android-11Android ID: A-157475111",HIGH,7.8,CWE-281,2020
CVE-2020-0406,"In libmpeg2dec, there is a possible out of bounds write due to a missing bounds check. This could lead to local escalation of privilege if another exploit allowed this to be triggered with different parameters, with no additional execution privileges needed. User interaction is needed for exploitation.Product: AndroidVersions: Android-11Android ID: A-137794014",HIGH,7.8,CWE-787,2020
CVE-2020-0407,"In various functions in fscrypt_ice.c and related files in some implementations of f2fs encryption that use encryption hardware which only supports 32-bit IVs (Initialization Vectors), 64-bit IVs are used and later are truncated to 32 bits. This may cause IV reuse and thus weakened disk encryption. This could lead to local information disclosure with System execution privileges needed. User interaction is not needed for exploitation.Product: AndroidVersions: Android kernelAndroid ID: A-153450752References: N/A",MEDIUM,4.4,CWE-330,2020
CVE-2020-0408,"In remove of String16.cpp, there is a possible out of bounds write due to an integer overflow. This could lead to local escalation of privilege with no additional execution privileges needed. User interaction is not needed for exploitation.Product: AndroidVersions: Android-11 Android-8.0 Android-8.1 Android-9 Android-10Android ID: A-156999009",HIGH,7.8,CWE-190,2020
CVE-2020-0409,"In create of FileMap.cpp, there is a possible out of bounds write due to an integer overflow. This could lead to local escalation of privilege with no additional execution privileges needed. User interaction is not needed for exploitation.Product: AndroidVersions: Android-10 Android-8.0 Android-8.1 Android-9Android ID: A-156997193",HIGH,7.8,CWE-190,2020
CVE-2020-0410,"In setNotification of SapServer.java, there is a possible permission bypass due to a PendingIntent error. This could lead to local information disclosure with User execution privileges needed. User interaction is not needed for exploitation.Product: AndroidVersions: Android-8.0 Android-8.1 Android-9 Android-10 Android-11Android ID: A-156021269",MEDIUM,5.5,CWE-732,2020
CVE-2020-0411,"In ~AACExtractor() of AACExtractor.cpp, there is a possible out of bounds write due to uninitialized data. This could lead to remote information disclosure with no additional execution privileges needed. User interaction is needed for exploitation.Product: AndroidVersions: Android-10 Android-11Android ID: A-142641801",MEDIUM,6.5,CWE-787,2020
CVE-2020-0412,"In setProcessMemoryTrimLevel of ActivityManagerService.java, there is a missing permission check. This could lead to local information disclosure of foreground processes with no additional execution privileges needed. User interaction is not needed for exploitation.Product: AndroidVersions: Android-10 Android-11 Android-8.0 Android-8.1 Android-9Android ID: A-160390416",LOW,3.3,CWE-862,2020
CVE-2020-0413,"In gatt_process_read_by_type_rsp of gatt_cl.cc, there is a possible out of bounds read due to a missing bounds check. This could lead to remote information disclosure in the Bluetooth server with no additional execution privileges needed. User interaction is not needed for exploitation.Product: AndroidVersions: Android-8.1 Android-9 Android-10 Android-11 Android-8.0Android ID: A-158778659",HIGH,7.5,CWE-125,2020
CVE-2020-0414,"In AudioFlinger::RecordThread::threadLoop of audioflinger/Threads.cpp, there is a possible non-silenced audio buffer due to a permissions bypass. This could lead to remote information disclosure with no additional execution privileges needed. User interaction is needed for exploitation.Product: AndroidVersions: Android-10 Android-11Android ID: A-157708122",MEDIUM,6.5,CWE-404,2020
CVE-2020-0415,"In various locations in SystemUI, there is a possible permission bypass due to an unsafe PendingIntent. This could lead to local information disclosure of contact data with User execution privileges needed. User interaction is not needed for exploitation.Product: AndroidVersions: Android-9 Android-10 Android-11 Android-8.0 Android-8.1Android ID: A-156020795",MEDIUM,5.5,NVD-CWE-noinfo,2020
CVE-2020-0416,"In multiple settings screens, there are possible tapjacking attacks due to an insecure default value. This could lead to local escalation of privilege and permissions with no additional execution privileges needed. User interaction is needed for exploitation.Product: AndroidVersions: Android-9 Android-10 Android-11 Android-8.0 Android-8.1Android ID: A-155288585",HIGH,8.8,CWE-1188,2020
CVE-2020-0417,"In setNiNotification of GpsNetInitiatedHandler.java, there is a possible permissions bypass due to an empty mutable PendingIntent. This could lead to local escalation of privilege with User execution privileges needed. User interaction is not needed for exploitation.Product: AndroidVersions: Android-10 Android-8.1 Android-9Android ID: A-154319182",HIGH,7.8,CWE-732,2020
CVE-2020-0418,"In getPermissionInfosForGroup of Utils.java, there is a logic error. This could lead to local escalation of privilege with User execution privileges needed. User interaction is not needed for exploitation.Product: AndroidVersions: Android-10Android ID: A-153879813",HIGH,7.8,NVD-CWE-noinfo,2020
CVE-2020-0419,"In generateInfo of PackageInstallerSession.java, there is a possible leak of cross-profile URI data during app installation due to a missing permission check. This could lead to local information disclosure with no additional execution privileges needed. User interaction is not needed for exploitation.Product: AndroidVersions: Android-8.1 Android-9 Android-10 Android-11Android ID: A-142125338",MEDIUM,5.5,CWE-862,2020
CVE-2020-0420,"In setUpdatableDriverPath of GpuService.cpp, there is a possible memory corruption due to a missing permission check. This could lead to local escalation of privilege with no additional execution privileges needed. User interaction is not needed for exploitation.Product: AndroidVersions: Android-11Android ID: A-162383705",HIGH,7.8,CWE-667,2020
CVE-2020-0421,"In appendFormatV of String8.cpp, there is a possible out of bounds write due to incorrect error handling. This could lead to local escalation of privilege with no additional execution privileges needed. User interaction is not needed for exploitation.Product: AndroidVersions: Android-8.1 Android-9 Android-10 Android-11 Android-8.0Android ID: A-161894517",HIGH,7.8,CWE-755,2020
CVE-2020-0422,"In constructImportFailureNotification of NotificationImportExportListener.java, there is a possible permissions bypass due to an unsafe PendingIntent. This could lead to local information disclosure of contact data with User execution privileges needed. User interaction is not needed for exploitation.Product: AndroidVersions: Android-8.1 Android-9 Android-10 Android-11 Android-8.0Android ID: A-161718556",LOW,3.3,NVD-CWE-noinfo,2020
CVE-2020-0423,"In binder_release_work of binder.c, there is a possible use-after-free due to improper locking. This could lead to local escalation of privilege in the kernel with no additional execution privileges needed. User interaction is not needed for exploitation.Product: AndroidVersions: Android kernelAndroid ID: A-161151868References: N/A",HIGH,7.8,CWE-416,2020
CVE-2020-0424,"In send_vc of res_send.cpp, there is a possible out of bounds read due to an incorrect bounds check. This could lead to local information disclosure with no additional execution privileges needed. User interaction is not needed for exploitation.Product: AndroidVersions: Android-11 Android-9 Android-10Android ID: A-161362564",MEDIUM,5.5,CWE-125,2020
CVE-2020-0425,"There is a possible way to view notifications even when the ""Lockdown"" feature is on. This could lead to local information disclosure with no additional execution privileges needed. User interaction is not needed for exploitation.Product: AndroidVersions: Android-11Android ID: A-124000380",MEDIUM,5.5,NVD-CWE-noinfo,2020
CVE-2020-0426,"In SyncManager, there is a possible permission bypass due to an unsafe PendingIntent. This could lead to local information disclosure with no additional execution privileges needed. User interaction is not needed for exploitation.Product: AndroidVersions: Android-11Android ID: A-154921790",MEDIUM,5.5,NVD-CWE-noinfo,2020
CVE-2020-0427,"In create_pinctrl of core.c, there is a possible out of bounds read due to a use after free. This could lead to local information disclosure with no additional execution privileges needed. User interaction is not needed for exploitation.Product: AndroidVersions: Android kernelAndroid ID: A-140550171",MEDIUM,5.5,CWE-125,2020
CVE-2020-0428,"In CamX code, there is a possible use after free due to a race condition. This could lead to local escalation of privilege with System execution privileges required. User interaction is not needed for exploitation.Product: AndroidVersions: Android kernelAndroid ID: A-123999783",MEDIUM,6.4,CWE-362,2020
CVE-2020-0429,"In l2tp_session_delete and related functions of l2tp_core.c, there is possible memory corruption due to a use after free. This could lead to local escalation of privilege with System execution privileges needed. User interaction is not needed for exploitation.Product: AndroidVersions: Android kernelAndroid ID: A-152735806",MEDIUM,6.7,CWE-416,2020
CVE-2020-0430,"In skb_headlen of /include/linux/skbuff.h, there is a possible out of bounds read due to memory corruption. This could lead to local escalation of privilege with no additional execution privileges needed. User interaction is not needed for exploitation.Product: AndroidVersions: Android kernelAndroid ID: A-153881554",HIGH,7.8,CWE-125,2020
CVE-2020-0431,"In kbd_keycode of keyboard.c, there is a possible out of bounds write due to a missing bounds check. This could lead to local escalation of privilege with no additional execution privileges needed. User interaction is not needed for exploitation.Product: AndroidVersions: Android kernelAndroid ID: A-144161459",MEDIUM,6.7,CWE-787,2020
CVE-2020-0432,"In skb_to_mamac of networking.c, there is a possible out of bounds write due to an integer overflow. This could lead to local escalation of privilege with no additional execution privileges needed. User interaction is not needed for exploitation.Product: AndroidVersions: Android kernelAndroid ID: A-143560807",HIGH,7.8,CWE-190,2020
CVE-2020-0433,"In blk_mq_queue_tag_busy_iter of blk-mq-tag.c, there is a possible use after free due to improper locking. This could lead to local escalation of privilege with no additional execution privileges needed. User interaction is not needed for exploitation.Product: AndroidVersions: Android kernelAndroid ID: A-151939299",HIGH,7.8,CWE-416,2020
CVE-2020-0434,"In Pixel's use of the Catpipe library, there is possible memory corruption due to a use after free. This could lead to local escalation of privilege with no additional execution privileges needed. User interaction is not needed for exploitation.Product: AndroidVersions: Android kernelAndroid ID: A-150730508",HIGH,7.8,CWE-416,2020
CVE-2020-0437,"In CellBroadcastReceiver's intent handlers, there is a possible denial of service due to a missing permission check. This could lead to local denial of service of emergency alerts with no additional execution privileges needed. User interaction is not needed for exploitation.Product: AndroidVersions: Android-8.0 Android-8.1 Android-9 Android-10 Android-11Android ID: A-162741784",MEDIUM,5.5,CWE-862,2020
CVE-2020-0438,"In the AIBinder_Class constructor of ibinder.cpp, there is a possible arbitrary code execution due to uninitialized data. This could lead to local escalation of privilege if a process were using libbinder_ndk in a vulnerable way with no additional execution privileges needed. User interaction is not needed for exploitation.Product: AndroidVersions: Android-11 Android-10Android ID: A-161812320",HIGH,7.8,CWE-824,2020
CVE-2020-0439,"In generatePackageInfo of PackageManagerService.java, there is a possible permissions bypass due to an incorrect permission check. This could lead to local escalation of privilege that allows instant apps access to permissions not allowed for instant apps, with no additional execution privileges needed. User interaction is not needed for exploitation.Product: AndroidVersions: Android-8.1 Android-9 Android-10 Android-11 Android-8.0Android ID: A-140256621",HIGH,7.8,CWE-862,2020
CVE-2020-0440,"In createVirtualDisplay of DisplayManagerService.java, there is a possible way to create a trusted virtual display due to a missing permission check. This could lead to local escalation of privilege with no additional execution privileges needed. User interaction is not needed for exploitation.Product: AndroidVersions: Android-11Android ID: A-162627132",HIGH,7.8,CWE-862,2020
CVE-2020-0441,"In Message and toBundle of Notification.java, there is a possible resource exhaustion due to improper input validation. This could lead to remote denial of service requiring a device reset to fix with no additional execution privileges needed. User interaction is not needed for exploitation.Product: AndroidVersions: Android-11 Android-8.0 Android-8.1 Android-9 Android-10Android ID: A-158304295",HIGH,7.5,CWE-400,2020
CVE-2020-0442,"In Message and toBundle of Notification.java, there is a possible UI slowdown or crash due to improper input validation. This could lead to remote denial of service if a malicious contact file is received, with no additional execution privileges needed. User interaction is not needed for exploitation.Product: AndroidVersions: Android-10 Android-11 Android-8.0 Android-8.1 Android-9Android ID: A-147358092",HIGH,7.5,CWE-20,2020
CVE-2020-0443,"In LocaleList of LocaleList.java, there is a possible forced reboot due to an uncaught exception. This could lead to local denial of service requiring factory reset to restore with User execution privileges needed. User interaction is not needed for exploitation.Product: AndroidVersions: Android-11 Android-8.0 Android-8.1 Android-9 Android-10Android ID: A-152410253",MEDIUM,5.5,CWE-755,2020
CVE-2020-0444,"In audit_free_lsm_field of auditfilter.c, there is a possible bad kfree due to a logic error in audit_data_to_entry. This could lead to local escalation of privilege with no additional execution privileges needed. User interaction is not needed for exploitation.Product: AndroidVersions: Android kernelAndroid ID: A-150693166References: Upstream kernel",HIGH,7.8,CWE-763,2020
CVE-2020-0445,There is a possible out of bounds write due to a missing bounds check.Product: AndroidVersions: Android SoCAndroid ID: A-168264527,CRITICAL,9.8,CWE-787,2020
CVE-2020-0446,There is a possible out of bounds write due to a missing bounds check.Product: AndroidVersions: Android SoCAndroid ID: A-168264528,CRITICAL,9.8,CWE-787,2020
CVE-2020-0447,There is a possible out of bounds write due to a missing bounds check.Product: AndroidVersions: Android SoCAndroid ID: A-168251617,CRITICAL,9.8,CWE-787,2020
CVE-2020-0448,"In getPhoneAccountsForPackage of TelecomServiceImpl.java, there is a possible way to access a tracking identifier due to a missing permission check. This could lead to local information disclosure of the identifier, which could be used to track an account across devices, with no additional execution privileges needed. User interaction is not needed for exploitation.Product: AndroidVersions: Android-8.0 Android-8.1 Android-9 Android-10 Android-11Android ID: A-153995334",MEDIUM,5.5,CWE-862,2020
CVE-2020-0449,"In btm_sec_disconnected of btm_sec.cc, there is a possible memory corruption due to a use after free. This could lead to remote code execution in the Bluetooth server with no additional execution privileges needed. User interaction is needed for exploitation.Product: AndroidVersions: Android-9 Android-10 Android-11 Android-8.0 Android-8.1Android ID: A-162497143",HIGH,8.8,CWE-416,2020
CVE-2020-0450,"In rw_i93_sm_format of rw_i93.cc, there is a possible out of bounds read due to uninitialized data. This could lead to remote information disclosure over NFC with no additional execution privileges needed. User interaction is needed for exploitation.Product: AndroidVersions: Android-8.0 Android-8.1 Android-9 Android-10 Android-11Android ID: A-157650336",MEDIUM,6.5,CWE-125,2020
CVE-2020-0451,"In sbrDecoder_AssignQmfChannels2SbrChannels of sbrdecoder.cpp, there is a possible out of bounds write due to a heap buffer overflow. This could lead to remote code execution with no additional execution privileges needed. User interaction is needed for exploitation.Product: AndroidVersions: Android-10 Android-11 Android-9 Android-8.0 Android-8.1Android ID: A-158762825",HIGH,8.8,CWE-787,2020
CVE-2020-0452,"In exif_entry_get_value of exif-entry.c, there is a possible out of bounds write due to an integer overflow. This could lead to remote code execution if a third party app used this library to process remote image data with no additional execution privileges needed. User interaction is not needed for exploitation.Product: AndroidVersions: Android-8.1 Android-9 Android-10 Android-11 Android-8.0Android ID: A-159625731",CRITICAL,9.8,CWE-190,2020
CVE-2020-0453,"In updateNotification of BeamTransferManager.java, there is a possible permission bypass due to an unsafe PendingIntent. This could lead to local information disclosure with User execution privileges needed. User interaction is not needed for exploitation.Product: AndroidVersions: Android-9 Android-8.0 Android-8.1Android ID: A-159060474",MEDIUM,5.5,NVD-CWE-noinfo,2020
CVE-2020-0454,"In callCallbackForRequest of ConnectivityService.java, there is a possible permission bypass due to a missing permission check. This could lead to local information disclosure of the current SSID with User execution privileges needed. User interaction is not needed for exploitation.Product: AndroidVersions: Android-9Android ID: A-161370134",MEDIUM,5.5,CWE-862,2020
CVE-2020-0455,There is a possible out of bounds write due to a missing bounds check.Product: AndroidVersions: Android SoCAndroid ID: A-170372514,CRITICAL,9.8,CWE-787,2020
CVE-2020-0456,There is a possible out of bounds write due to a missing bounds check.Product: AndroidVersions: Android SoCAndroid ID: A-170378843,CRITICAL,9.8,CWE-787,2020
CVE-2020-0457,There is a possible out of bounds write due to a missing bounds check.Product: AndroidVersions: Android SoCAndroid ID: A-170367562,CRITICAL,9.8,CWE-787,2020
CVE-2020-0458,"In SPDIFEncoder::writeBurstBufferBytes and related methods of SPDIFEncoder.cpp, there is a possible out of bounds write due to an integer overflow. This could lead to remote code execution with no additional execution privileges needed. User interaction is needed for exploitation.Product: AndroidVersions: Android-9 Android-10 Android-8.0 Android-8.1Android ID: A-160265164",HIGH,7.8,CWE-190,2020
CVE-2020-0459,"In sendConfiguredNetworkChangedBroadcast of WifiConfigManager.java, there is a possible leak of sensitive WiFi configuration data due to a missing permission check. This could lead to local information disclosure of WiFi network names with no additional execution privileges needed. User interaction is not needed for exploitation.Product: AndroidVersions: Android-8.1 Android-9 Android-10 Android-8.0Android ID: A-159373687",LOW,3.3,CWE-862,2020
CVE-2020-0460,"In createNameCredentialDialog of CertInstaller.java, there exists the possibility of improperly installed certificates due to a logic error. This could lead to remote information disclosure with no additional execution privileges needed. User interaction is not needed for exploitation.Product: AndroidVersions: Android-11Android ID: A-163413737",HIGH,7.5,CWE-287,2020
CVE-2020-0463,"In sdp_server_handle_client_req of sdp_server.cc, there is a possible out of bounds read due to a missing bounds check. This could lead to remote information disclosure from the bluetooth server with no additional execution privileges needed. User interaction is not needed for exploitation.Product: AndroidVersions: Android-10 Android-11 Android-8.0 Android-8.1 Android-9Android ID: A-169342531",HIGH,7.5,CWE-125,2020
CVE-2020-0464,"In resolv_cache_lookup of res_cache.cpp, there is a possible side channel information disclosure. This could lead to local information disclosure of accessed web resources with no additional execution privileges needed. User interaction is not needed for exploitation.Product: AndroidVersions: Android-10Android ID: A-150371903",MEDIUM,5.5,CWE-203,2020
CVE-2020-0465,"In various methods of hid-multitouch.c, there is a possible out of bounds write due to a missing bounds check. This could lead to local escalation of privilege with no additional execution privileges needed. User interaction is not needed for exploitation.Product: AndroidVersions: Android kernelAndroid ID: A-162844689References: Upstream kernel",MEDIUM,6.8,CWE-787,2020
CVE-2020-0466,"In do_epoll_ctl and ep_loop_check_proc of eventpoll.c, there is a possible use after free due to a logic error. This could lead to local escalation of privilege with no additional execution privileges needed. User interaction is not needed for exploitation.Product: AndroidVersions: Android kernelAndroid ID: A-147802478References: Upstream kernel",HIGH,7.8,CWE-416,2020
CVE-2020-0467,"In onUserStopped of Vpn.java, there is a possible resetting of user preferences due to a logic issue. This could lead to local information disclosure of secure network traffic over a non-VPN link with no additional execution privileges needed. User interaction is not needed for exploitation.Product: AndroidVersions: Android-10 Android-11 Android-8.1 Android-9Android ID: A-168500792",MEDIUM,5.5,CWE-404,2020
CVE-2020-0468,"In listen() and related functions of TelephonyRegistry.java, there is a possible permissions bypass of location permissions due to a missing permission check. This could lead to local information disclosure with no additional execution privileges needed. User interaction is not needed for exploitation.Product: AndroidVersions: Android-10 Android-11Android ID: A-158484422",MEDIUM,5.5,CWE-862,2020
CVE-2020-0469,"In addEscrowToken of LockSettingsService.java, there is a possible loss of the synthetic password due to logic error. This could lead to local denial of service with no additional execution privileges needed. User interaction is not needed for exploitation.Product: AndroidVersions: Android-11Android ID: A-168692734",MEDIUM,5.5,NVD-CWE-noinfo,2020
CVE-2020-0470,"In extend_frame_highbd of restoration.c, there is a possible out of bounds write due to a heap buffer overflow. This could lead to remote information disclosure with no additional execution privileges needed. User interaction is needed for exploitation.Product: AndroidVersions: Android-11 Android-10Android ID: A-166268541",MEDIUM,5.5,CWE-787,2020
CVE-2020-0471,"In reassemble_and_dispatch of packet_fragmenter.cc, there is a possible way to inject packets into an encrypted Bluetooth connection due to improper input validation. This could lead to remote escalation of privilege between two Bluetooth devices by a proximal attacker, with no additional execution privileges needed. User interaction is not needed for exploitation. Product: Android; Versions: Android-8.0, Android-8.1, Android-9, Android-10, Android-11; Android ID: A-169327567.",CRITICAL,9.8,CWE-20,2020
CVE-2020-0473,"In updateIncomingFileConfirmNotification of BluetoothOppNotification.java, there is a possible permissions bypass. This could lead to local escalation of privilege allowing an attacker with physical possession of the device to transfer files to it over Bluetooth, with no additional execution privileges needed. User interaction is not needed for exploitation.Product: AndroidVersions: Android-11Android ID: A-160691486",MEDIUM,4.6,CWE-863,2020
CVE-2020-0474,"In HalCamera::requestNewFrame of HalCamera.cpp, there is a possible use-after-free due to a race condition. This could lead to local escalation of privilege with no additional execution privileges needed. User interaction is not needed for exploitation.Product: AndroidVersions: Android-11Android ID: A-169282240",HIGH,7.0,CWE-362,2020
CVE-2020-0475,"In createInputConsumer of WindowManagerService.java, there is a possible way to block and intercept input events due to a missing permission check. This could lead to local escalation of privilege with no additional execution privileges needed. User interaction is needed for exploitation.Product: AndroidVersions: Android-11Android ID: A-162324374",HIGH,7.8,CWE-862,2020
CVE-2020-0476,"In onNotificationRemoved of Assistant.java, there is a possible leak of sensitive information to logs. This could lead to local information disclosure with System execution privileges required. User interaction is not needed for exploitation.Product: AndroidVersions: Android-11Android ID: A-162014574",MEDIUM,4.4,CWE-532,2020
CVE-2020-0477,"In sendLinkConfigurationChangedBroadcast of ClientModeImpl.java, there is a possible information disclosure due to a missing permission check. This could lead to local information disclosure of the current network configuration with no additional execution privileges needed. User interaction is not needed for exploitation.Product: AndroidVersions: Android-11Android ID: A-162246414",MEDIUM,5.5,CWE-862,2020
CVE-2020-0478,"In extend_frame_lowbd of restoration.c, there is a possible out of bounds write due to a missing bounds check. This could lead to local escalation of privilege with no additional execution privileges needed. User interaction is needed for exploitation.Product: AndroidVersions: Android-11Android ID: A-150780418",HIGH,7.8,CWE-787,2020
CVE-2020-0479,"In callUnchecked of DocumentsProvider.java, there is a possible permissions bypass. This could lead to local escalation of privilege allowing a malicious app to access files available to the DocumentProvider without user permission, with no additional execution privileges needed. User interaction is needed for exploitation.Product: AndroidVersions: Android-11Android ID: A-157294893",HIGH,7.8,CWE-863,2020
CVE-2020-0480,"In callUnchecked of DocumentsProvider.java, there is a possible permissions bypass due to a missing permission check. This could lead to local escalation of privilege allowing a caller to copy, move, or delete files accessible to DocumentsProvider with no additional execution privileges needed. User interaction is needed for exploitation.Product: AndroidVersions: Android-11Android ID: A-157320716",HIGH,7.8,CWE-862,2020
CVE-2020-0481,"In AndroidManifest.xml, there is a possible permissions bypass. This could lead to local escalation of privilege allowing a non-system app to send a broadcast it shouldn't have permissions to send, with no additional execution privileges needed. User interaction is not needed for exploitation.Product: AndroidVersions: Android-11Android ID: A-157472962",LOW,3.3,CWE-863,2020
CVE-2020-0482,"In command of IncidentService.cpp, there is a possible out of bounds read due to an incorrect bounds check. This could lead to local information disclosure with System execution privileges needed. User interaction is not needed for exploitation.Product: AndroidVersions: Android-11Android ID: A-150706572",MEDIUM,4.4,CWE-125,2020
CVE-2020-0483,"In DrmManagerService::~DrmManagerService() of DrmManagerService.cpp, there is a possible memory corruption due to a use after free. This could lead to local escalation of privilege with System execution privileges needed. User interaction is not needed for exploitation.Product: AndroidVersions: Android-11Android ID: A-155647761",MEDIUM,6.7,CWE-416,2020
CVE-2020-0484,"In destroyResources of ComposerClient.h, there is possible memory corruption due to a use after free. This could lead to local escalation of privilege with System execution privileges needed. User interaction is not needed for exploitation.Product: AndroidVersions: Android-11Android ID: A-155769496",MEDIUM,6.7,CWE-416,2020
CVE-2020-0485,"In areFunctionsSupported of UsbBackend.java, there is a possible access to tethering from a guest account due to a missing permission check. This could lead to local escalation of privilege with no additional execution privileges needed. User interaction is not needed for exploitation.Product: AndroidVersions: Android-11Android ID: A-166125765",HIGH,7.8,CWE-862,2020
CVE-2020-0486,"In openAssetFileListener of ContactsProvider2.java, there is a possible permission bypass due to an insecure default value. This could lead to local escalation of privilege to change contact data with no additional execution privileges needed. User interaction is not needed for exploitation.Product: AndroidVersions: Android-11Android ID: A-150857116",HIGH,7.8,CWE-276,2020
CVE-2020-0488,"In ihevc_inter_pred_chroma_copy_ssse3 of ihevc_inter_pred_filters_ssse3_intr.c, there is a possible information disclosure due to uninitialized data. This could lead to remote information disclosure with no additional execution privileges needed. User interaction is needed for exploitation.Product: AndroidVersions: Android-11Android ID: A-158484516",MEDIUM,6.5,CWE-200,2020
CVE-2020-0489,"In Parse_data of eas_mdls.c, there is a possible out of bounds write due to a missing bounds check. This could lead to remote code execution in the media extractor with no additional execution privileges needed. User interaction is needed for exploitation.Product: AndroidVersions: Android-11Android ID: A-151096540",HIGH,8.8,CWE-787,2020
CVE-2020-0490,"In floor1_info_unpack of floor1.c, there is a possible out of bounds read due to a missing bounds check. This could lead to remote information disclosure with no additional execution privileges needed. User interaction is needed for exploitation.Product: AndroidVersions: Android-11Android ID: A-155560008",MEDIUM,6.5,CWE-125,2020
CVE-2020-0491,"In readBlock of MatroskaExtractor.cpp, there is a possible denial of service due to resource exhaustion. This could lead to remote denial of service with no additional execution privileges needed. User interaction is needed for exploitation.Product: AndroidVersions: Android-11Android ID: A-156819528",MEDIUM,6.5,CWE-401,2020
CVE-2020-0492,"In BitstreamFillCache of bitstream.cpp, there is a possible out of bounds read due to a heap buffer overflow. This could lead to remote information disclosure with no additional execution privileges needed. User interaction is needed for exploitation.Product: AndroidVersions: Android-11Android ID: A-154058264",MEDIUM,6.5,CWE-125,2020
CVE-2020-0493,"In CPDF_SampledFunc::v_Call of cpdf_sampledfunc.cpp, there is a possible out of bounds read due to improper input validation. This could lead to local information disclosure with no additional execution privileges needed. User interaction is not needed for exploitation.Product: AndroidVersions: Android-11Android ID: A-150615407",MEDIUM,5.5,CWE-20,2020
CVE-2020-0494,"In ih264d_parse_ave of ih264d_sei.c, there is a possible out of bounds read due to a heap buffer overflow. This could lead to remote information disclosure with no additional execution privileges needed. User interaction is needed for exploitation.Product: AndroidVersions: Android-11Android ID: A-152895390",MEDIUM,6.5,CWE-125,2020
CVE-2020-0495,"In decode_Huffman of JBig2_SddProc.cpp, there is a possible out of bounds write due to an integer overflow. This could lead to local information disclosure with no additional execution privileges needed. User interaction is not needed for exploitation.Product: AndroidVersions: Android-11Android ID: A-155473137",MEDIUM,5.5,CWE-190,2020
CVE-2020-0496,"In CPDF_RenderStatus::LoadSMask of cpdf_renderstatus.cpp, there is a possible memory corruption due to a use-after free. This could lead to local information disclosure with no additional execution privileges needed. User interaction is not needed for exploitation.Product: AndroidVersions: Android-11Android ID: A-149481220",MEDIUM,5.5,CWE-416,2020
CVE-2020-0497,"In canUseBiometric of BiometricServiceBase, there is a missing permission check. This could lead to local information disclosure with no additional execution privileges needed. User interaction is not needed for exploitation.Product: AndroidVersions: Android-11Android ID: A-158481661",MEDIUM,5.5,CWE-862,2020
CVE-2020-0498,"In decode_packed_entry_number of codebook.c, there is a possible out of bounds read due to a heap buffer overflow. This could lead to remote information disclosure with no additional execution privileges needed. User interaction is needed for exploitation.Product: AndroidVersions: Android-11Android ID: A-160633884",MEDIUM,5.5,CWE-125,2020
CVE-2020-0499,"In FLAC__bitreader_read_rice_signed_block of bitreader.c, there is a possible out of bounds read due to a heap buffer overflow. This could lead to remote information disclosure with no additional execution privileges needed. User interaction is needed for exploitation.Product: AndroidVersions: Android-11Android ID: A-156076070",MEDIUM,4.3,CWE-125,2020
CVE-2020-0500,"In startInputUncheckedLocked of InputMethodManager.java, there is a possible permission bypass due to an unsafe PendingIntent. This could lead to local information disclosure with User execution privileges needed. User interaction is not needed for exploitation.Product: AndroidVersions: Android-11Android ID: A-154913391",MEDIUM,5.5,NVD-CWE-noinfo,2020
CVE-2021-0001,Observable timing discrepancy in Intel(R) IPP before version 2020 update 1 may allow authorized user to potentially enable information disclosure via local access.,MEDIUM,4.7,CWE-203,2021
CVE-2021-0002,Improper conditions check in some Intel(R) Ethernet Controllers 800 series Linux drivers before version 1.4.11 may allow an authenticated user to potentially enable information disclosure or denial of service via local access.,HIGH,7.1,CWE-754,2021
CVE-2021-0003,Improper conditions check in some Intel(R) Ethernet Controllers 800 series Linux drivers before version 1.4.11 may allow an authenticated user to potentially enable information disclosure via local access.,MEDIUM,5.5,CWE-755,2021
CVE-2021-0004,Improper buffer restrictions in the firmware of Intel(R) Ethernet Adapters 800 Series Controllers and associated adapters before version 1.5.3.0 may allow a privileged user to potentially enable denial of service via local access.,MEDIUM,4.4,CWE-119,2021
CVE-2021-0005,Uncaught exception in firmware for Intel(R) Ethernet Adapters 800 Series Controllers and associated adapters before version 1.5.3.0 may allow a privileged user to potentially enable denial of service via local access.,MEDIUM,4.4,CWE-755,2021
CVE-2021-0006,Improper conditions check in firmware for Intel(R) Ethernet Adapters 800 Series Controllers and associated adapters before version 1.5.4.0 may allow a privileged user to potentially enable denial of service via local access.,MEDIUM,4.4,CWE-755,2021
CVE-2021-0007,Uncaught exception in firmware for Intel(R) Ethernet Adapters 800 Series Controllers and associated adapters before version 1.5.1.0 may allow a privileged attacker to potentially enable denial of service via local access.,MEDIUM,4.4,CWE-755,2021
CVE-2021-0008,Uncontrolled resource consumption in firmware for Intel(R) Ethernet Adapters 800 Series Controllers and associated adapters before version 1.5.3.0 may allow privileged user to potentially enable denial of service via local access.,MEDIUM,4.4,CWE-400,2021
CVE-2021-0009,Out-of-bounds read in the firmware for Intel(R) Ethernet Adapters 800 Series Controllers and associated adapters before version 1.5.3.0 may allow an unauthenticated user to potentially enable denial of service via adjacent access.,MEDIUM,6.5,CWE-125,2021
CVE-2021-0012,"Use after free in some Intel(R) Graphics Driver before version 27.20.100.8336, 15.45.33.5164, and 15.40.47.5166 may allow an authenticated user to potentially enable denial of service via local access.",MEDIUM,5.5,CWE-416,2021
CVE-2021-0013,Improper input validation for Intel(R) EMA before version 1.5.0 may allow an unauthenticated user to potentially enable denial of service via network access.,HIGH,7.5,CWE-20,2021
CVE-2021-0051,"Improper input validation in the Intel(R) SPS versions before SPS_E5_04.04.04.023.0, SPS_E5_04.04.03.228.0 or SPS_SoC-A_05.00.03.098.0 may allow a privileged user to potentially enable denial of service via local access.",MEDIUM,4.4,CWE-20,2021
CVE-2021-0052,Incorrect default privileges in the Intel(R) Computing Improvement Program before version 2.4.6522 may allow an authenticated user to potentially enable an escalation of privilege via local access.,HIGH,7.8,CWE-269,2021
CVE-2021-0053,Improper initialization in firmware for some Intel(R) PROSet/Wireless WiFi and Killer(TM) WiFi in Windows 10 may allow an authenticated user to potentially enable information disclosure via adjacent access.,MEDIUM,5.7,CWE-665,2021
CVE-2021-0054,Improper buffer restrictions in system firmware for some Intel(R) NUCs may allow a privileged user to potentially enable escalation of privilege via local access.,MEDIUM,6.7,CWE-119,2021
CVE-2021-0055,Insecure inherited permissions for some Intel(R) NUC 9 Extreme Laptop Kit LAN Drivers before version 10.42 may allow an authenticated user to potentially enable escalation of privilege via local access.,HIGH,7.8,CWE-732,2021
CVE-2021-0056,Insecure inherited permissions for the Intel(R) NUC M15 Laptop Kit Driver Pack software before updated version 1.1 may allow an authenticated user to potentially enable escalation of privilege via local access.,HIGH,7.8,CWE-732,2021
CVE-2021-0057,Uncontrolled search path in the Intel(R) NUC M15 Laptop Kit Driver Pack software before updated version 1.1 may allow an authenticated user to potentially enable escalation of privilege via local access.,HIGH,7.8,CWE-427,2021
CVE-2021-0058,Incorrect default permissions in the Intel(R) NUC M15 Laptop Kit Driver Pack software before updated version 1.1 may allow an authenticated user to potentially enable escalation of privilege via local access.,HIGH,7.8,CWE-276,2021
CVE-2021-0060,"Insufficient compartmentalization in HECI subsystem for the Intel(R) SPS before versions SPS_E5_04.01.04.516.0, SPS_E5_04.04.04.033.0, SPS_E5_04.04.03.281.0, SPS_E5_03.01.03.116.0, SPS_E3_05.01.04.309.0, SPS_02.04.00.101.0, SPS_SoC-A_05.00.03.114.0, SPS_SoC-X_04.00.04.326.0, SPS_SoC-X_03.00.03.117.0, IGN_E5_91.00.00.167.0, SPS_PHI_03.01.03.078.0 may allow an authenticated user to potentially enable escalation of privilege via physical access.",MEDIUM,6.6,NVD-CWE-Other,2021
CVE-2021-0061,Improper initialization in some Intel(R) Graphics Driver before version 27.20.100.9030 may allow an authenticated user to potentially enable escalation of privilege via local access.,HIGH,7.8,CWE-665,2021
CVE-2021-0062,Improper input validation in some Intel(R) Graphics Drivers before version 27.20.100.8935 may allow an authenticated user to potentially enable escalation of privilege via local access.,HIGH,7.8,CWE-20,2021
CVE-2021-0063,Improper input validation in firmware for some Intel(R) PROSet/Wireless WiFi and Killer(TM) WiFi in Windows 10 may allow an unauthenticated user to potentially enable denial of service via adjacent access.,MEDIUM,6.5,CWE-20,2021
CVE-2021-0064,Insecure inherited permissions in the Intel(R) PROSet/Wireless WiFi software installer for Windows 10 before version 22.40 may allow an authenticated user to potentially enable escalation of privilege via local access.,HIGH,7.8,CWE-732,2021
CVE-2021-0065,Incorrect default permissions in the Intel(R) PROSet/Wireless WiFi software installer for Windows 10 before version 22.40 may allow an authenticated user to potentially enable escalation of privilege via local access.,HIGH,7.8,CWE-276,2021
CVE-2021-0066,Improper input validation in firmware for Intel(R) PROSet/Wireless Wi-Fi in multiple operating systems and Killer(TM) Wi-Fi in Windows 10 and 11 may allow an unauthenticated user to potentially enable escalation of privilege via local access.,HIGH,8.4,CWE-20,2021
CVE-2021-0067,&nbsp;Improper access control in system firmware for some Intel(R) NUCs may allow a privileged user to potentially enable escalation of privilege via local access.,MEDIUM,6.7,NVD-CWE-Other,2021
CVE-2021-0069,Improper input validation in firmware for some Intel(R) PROSet/Wireless WiFi in multiple operating systems and some Killer(TM) WiFi in Windows 10 may allow an unauthenticated user to potentially enable denial of service via adjacent access.,MEDIUM,6.5,CWE-20,2021
CVE-2021-0070,"Improper input validation in the BMC firmware for Intel(R) Server Board M10JNP2SB before version EFI BIOS 7215, BMC 8100.01.08 may allow an unauthenticated user to potentially enable an escalation of privilege via adjacent access.",HIGH,8.8,CWE-20,2021
CVE-2021-0071,Improper input validation in firmware for some Intel(R) PROSet/Wireless WiFi in UEFI may allow an unauthenticated user to potentially enable escalation of privilege via adjacent access.,HIGH,8.8,CWE-20,2021
CVE-2021-0072,Improper input validation in firmware for some Intel(R) PROSet/Wireless Wi-Fi in multiple operating systems and some Killer(TM) Wi-Fi in Windows 10 and 11 may allow a privileged user to potentially enable information disclosure via local access.,MEDIUM,5.5,CWE-20,2021
CVE-2021-0073,Insufficient control flow management in Intel(R) DSA before version 20.11.50.9 may allow an authenticated user to potentially enable escalation of privilege via local access.,HIGH,7.8,NVD-CWE-Other,2021
CVE-2021-0074,Improper permissions in the installer for the Intel(R) Computing Improvement Program software before version 2.4.5982 may allow an authenticated user to potentially enable escalation of privilege via local access.,HIGH,7.8,CWE-281,2021
CVE-2021-0075,Out-of-bounds write in firmware for some Intel(R) PROSet/Wireless WiFi in multiple operating systems and some Killer(TM) WiFi in Windows 10 may allow a privileged user to potentially enable denial of service via local access.,MEDIUM,5.5,CWE-787,2021
CVE-2021-0076,"Improper Validation of Specified Index, Position, or Offset in Input in firmware for some Intel(R) PROSet/Wireless Wi-Fi in multiple operating systems and some Killer(TM) Wi-Fi in Windows 10 and 11 may allow a privileged user to potentially enable denial of service via local access.",MEDIUM,5.5,CWE-20,2021
CVE-2021-0077,Insecure inherited permissions in the installer for the Intel(R) VTune(TM) Profiler before version 2021.1.1 may allow an authenticated user to potentially enable escalation of privilege via local access.,HIGH,7.8,CWE-732,2021
CVE-2021-0078,Improper input validation in software for some Intel(R) PROSet/Wireless WiFi and Killer(TM) WiFi in Windows 10 may allow an unauthenticated user to potentially enable denial of service or information disclosure via adjacent access.,HIGH,8.1,CWE-20,2021
CVE-2021-0079,Improper input validation in software for some Intel(R) PROSet/Wireless WiFi and Killer(TM) WiFi in Windows 10 may allow an unauthenticated user to potentially enable denial of service via adjacent access.,MEDIUM,6.5,CWE-20,2021
CVE-2021-0082,Uncontrolled search path in software installer for Intel(R) PROSet/Wireless WiFi in Windows 10 may allow an authenticated user to potentially enable escalation of privilege via local access.,HIGH,7.8,CWE-427,2021
CVE-2021-0083,Improper input validation in some Intel(R) Optane(TM) PMem versions before versions 1.2.0.5446 or 2.2.0.1547 may allow a privileged user to potentially enable denial of service via local access.,MEDIUM,4.4,CWE-20,2021
CVE-2021-0084,Improper input validation in the Intel(R) Ethernet Controllers X722 and 800 series Linux RMDA driver before version 1.3.19 may allow an authenticated user to potentially enable escalation of privilege via local access.,HIGH,7.8,CWE-20,2021
CVE-2021-0086,Observable response discrepancy in floating-point operations for some Intel(R) Processors may allow an authorized user to potentially enable information disclosure via local access.,MEDIUM,6.5,CWE-203,2021
CVE-2021-0089,Observable response discrepancy in some Intel(R) Processors may allow an authorized user to potentially enable information disclosure via local access.,MEDIUM,6.5,CWE-203,2021
CVE-2021-0090,Uncontrolled search path element in Intel(R) DSA before version 20.11.50.9 may allow an authenticated user to potentially enable an escalation of privilege via local access.,HIGH,7.3,CWE-427,2021
CVE-2021-0091,Improper access control in the firmware for some Intel(R) Processors may allow an unauthenticated user to potentially enable an escalation of privilege via local access.,HIGH,7.8,NVD-CWE-Other,2021
CVE-2021-0092,Improper access control in the firmware for some Intel(R) Processors may allow a privileged user to potentially enable a denial of service via local access.,MEDIUM,4.4,CWE-400,2021
CVE-2021-0093,Incorrect default permissions in the firmware for some Intel(R) Processors may allow a privileged user to potentially enable a denial of service via local access.,MEDIUM,4.4,CWE-276,2021
CVE-2021-0094,Improper link resolution before file access in Intel(R) DSA before version 20.11.50.9 may allow an authenticated user to potentially enable an escalation of privilege via local access.,HIGH,7.8,CWE-59,2021
CVE-2021-0095,Improper initialization in the firmware for some Intel(R) Processors may allow a privileged user to potentially enable a denial of service via local access.,MEDIUM,4.4,CWE-665,2021
CVE-2021-0096,"Improper authentication in the software installer for the Intel(R) NUC HDMI Firmware Update Tool for NUC7i3DN, NUC7i5DN, NUC7i7DN before version 1.78.1.1 may allow an authenticated user to potentially enable escalation of privilege via local access.",HIGH,7.8,CWE-287,2021
CVE-2021-0097,"Path traversal in the BMC firmware for Intel(R) Server Board M10JNP2SB before version EFI BIOS 7215, BMC 8100.01.08 may allow an unauthenticated user to potentially enable a denial of service via adjacent access.",MEDIUM,6.5,CWE-22,2021
CVE-2021-0098,Improper access control in the Intel Unite(R) Client for Windows before version 4.2.25031 may allow an authenticated user to potentially enable an escalation of privilege via local access.,HIGH,7.8,NVD-CWE-Other,2021
CVE-2021-0099,Insufficient control flow management in the firmware for some Intel(R) Processors may allow an authenticated user to potentially enable an escalation of privilege via local access.,HIGH,7.8,NVD-CWE-Other,2021
CVE-2021-0100,"Incorrect default permissions in the installer for the Intel(R) SSD Data Center Tool, versions downloaded before 12/31/2020, may allow an authenticated user to potentially enable escalation of privilege via local access.",HIGH,7.8,CWE-276,2021
CVE-2021-0101,"Buffer overflow in the BMC firmware for Intel(R) Server BoardM10JNP2SB before version EFI BIOS 7215, BMC 8100.01.08 may allow an unauthenticated user to potentially enable an escalation of privilege via adjacent access.",HIGH,8.8,CWE-120,2021
CVE-2021-0102,Insecure inherited permissions in the Intel Unite(R) Client for Windows before version 4.2.25031 may allow an authenticated user to potentially enable an escalation of privilege via local access.,HIGH,7.8,CWE-732,2021
CVE-2021-0103,Insufficient control flow management in the firmware for some Intel(R) Processors may allow a privileged user to potentially enable an escalation of privilege via local access.,MEDIUM,6.7,NVD-CWE-Other,2021
CVE-2021-0104,"Uncontrolled search path element in the installer for the Intel(R) Rapid Storage Technology software, before versions 17.9.0.34, 18.0.0.640 and 18.1.0.24, may allow an authenticated user to potentially enable escalation of privilege via local access.",HIGH,7.8,CWE-427,2021
CVE-2021-0105,Insecure inherited permissions in some Intel(R) ProSet/Wireless WiFi drivers may allow an authenticated user to potentially enable information disclosure and denial of service via adjacent access.,HIGH,7.3,CWE-732,2021
CVE-2021-0106,Incorrect default permissions in the Intel(R) Optane(TM) DC Persistent Memory for Windows software versions before 2.00.00.3842 or 1.00.00.3515 may allow an authenticated user to potentially enable escalation of privilege via local access.,HIGH,7.8,CWE-276,2021
CVE-2021-0107,Unchecked return value in the firmware for some Intel(R) Processors may allow a privileged user to potentially enable escalation of privilege via local access.,MEDIUM,6.7,CWE-252,2021
CVE-2021-0108,Uncontrolled search path in the Intel Unite(R) Client for Windows before version 4.2.25031 may allow an authenticated user to potentially enable an escalation of privilege via local access.,HIGH,7.3,CWE-427,2021
CVE-2021-0109,Insecure inherited permissions for the Intel(R) SOC driver package for STK1A32SC before version 604 may allow an authenticated user to potentially enable escalation of privilege via local access.,HIGH,7.8,CWE-732,2021
CVE-2021-0110,Improper access control in some Intel(R) Thunderbolt(TM) Windows DCH Drivers before version 1.41.1054.0 may allow unauthenticated user to potentially enable denial of service via local access.,MEDIUM,5.5,NVD-CWE-Other,2021
CVE-2021-0111,NULL pointer dereference in the firmware for some Intel(R) Processors may allow a privileged user to potentially enable an escalation of privilege via local access.,MEDIUM,6.7,CWE-476,2021
CVE-2021-0112,Unquoted service path in the Intel Unite(R) Client for Windows before version 4.2.25031 may allow an authenticated user to potentially enable an escalation of privilege via local access.,HIGH,7.3,CWE-428,2021
CVE-2021-0113,"Out of bounds write in the BMC firmware for Intel(R) Server Board M10JNP2SB before version EFI BIOS 7215, BMC 8100.01.08 may allow an unauthenticated user to potentially enable a denial of service via adjacent access.",MEDIUM,6.5,CWE-787,2021
CVE-2021-0114,Unchecked return value in the firmware for some Intel(R) Processors may allow a privileged user to potentially enable an escalation of privilege via local access.,MEDIUM,6.7,CWE-1188,2021
CVE-2021-0115,Buffer overflow in the firmware for some Intel(R) Processors may allow a privileged user to potentially enable escalation of privilege via local access.,MEDIUM,6.7,CWE-120,2021
CVE-2021-0116,Out-of-bounds write in the firmware for some Intel(R) Processors may allow a privileged user to potentially enable an escalation of privilege via local access.,HIGH,7.8,CWE-787,2021
CVE-2021-0117,Pointer issues in the firmware for some Intel(R) Processors may allow a privileged user to potentially enable an escalation of privilege via local access.,HIGH,7.8,NVD-CWE-noinfo,2021
CVE-2021-0118,Out-of-bounds read in the firmware for some Intel(R) Processors may allow a privileged user to potentially enable an escalation of privilege via local access.,MEDIUM,6.7,CWE-125,2021
CVE-2021-0119,Improper initialization in the firmware for some Intel(R) Processors may allow a privileged user to potentially enable escalation of privilege via physical access.,MEDIUM,6.2,CWE-665,2021
CVE-2021-0120,Improper initialization in the installer for some Intel(R) Graphics DCH Drivers for Windows 10 before version 27.20.100.9316 may allow an authenticated user to potentially enable denial of service via local access.,MEDIUM,5.5,CWE-665,2021
CVE-2021-0121,Improper access control in the installer for some Intel(R) Iris(R) Xe MAX Dedicated Graphics Drivers for Windows 10 before version 27.20.100.9466 may allow authenticated user to potentially enable escalation of privilege via local access.,HIGH,7.8,NVD-CWE-Other,2021
CVE-2021-0124,Improper access control in the firmware for some Intel(R) Processors may allow a privileged user to potentially enable escalation of privilege via physical access.,MEDIUM,6.6,NVD-CWE-Other,2021
CVE-2021-0126,Improper input validation for the Intel(R) Manageability Commander before version 2.2 may allow an authenticated user to potentially enable escalation of privilege via adjacent access.,HIGH,8.0,CWE-20,2021
CVE-2021-0127,Insufficient control flow management in some Intel(R) Processors may allow an authenticated user to potentially enable a denial of service via local access.,MEDIUM,5.5,NVD-CWE-Other,2021
CVE-2021-0129,Improper access control in BlueZ may allow an authenticated user to potentially enable information disclosure via adjacent access.,MEDIUM,5.7,NVD-CWE-Other,2021
CVE-2021-0131,Use of cryptographically weak pseudo-random number generator (PRNG) in an API for the Intel(R) Security Library before version 3.3 may allow an authenticated user to potentially enable information disclosure via network access.,MEDIUM,6.5,CWE-338,2021
CVE-2021-0132,Missing release of resource after effective lifetime in an API for the Intel(R) Security Library before version 3.3 may allow a privileged user to potentially enable denial of service via network access.,MEDIUM,4.9,CWE-772,2021
CVE-2021-0133,Key exchange without entity authentication in the Intel(R) Security Library before version 3.3 may allow an authenticated user to potentially enable escalation of privilege via network access.,HIGH,8.1,NVD-CWE-Other,2021
CVE-2021-0134,Improper input validation in an API for the Intel(R) Security Library before version 3.3 may allow a privileged user to potentially enable denial of service via network access.,MEDIUM,4.9,CWE-20,2021
CVE-2021-0135,Improper input validation in the Intel(R) Ethernet Diagnostic Driver for Windows before version 1.4.0.10 may allow a privileged user to potentially enable escalation of privilege via local access.,MEDIUM,6.7,CWE-20,2021
CVE-2021-0143,Improper permissions in the installer for the Intel(R) Brand Verification Tool before version 11.0.0.1225 may allow an authenticated user to potentially enable escalation of privilege via local access.,HIGH,7.8,CWE-276,2021
CVE-2021-0144,Insecure default variable initialization for the Intel BSSA DFT feature may allow a privileged user to potentially enable an escalation of privilege via local access.,MEDIUM,6.7,CWE-1188,2021
CVE-2021-0145,Improper initialization of shared resources in some Intel(R) Processors may allow an authenticated user to potentially enable information disclosure via local access.,MEDIUM,5.5,CWE-665,2021
CVE-2021-0146,Hardware allows activation of test or debug logic at runtime for some Intel(R) processors which may allow an unauthenticated user to potentially enable escalation of privilege via physical access.,MEDIUM,6.8,NVD-CWE-Other,2021
CVE-2021-0147,Improper locking in the Power Management Controller (PMC) for some Intel Chipset firmware before versions pmc_fw_lbg_c1-21ww02a and pmc_fw_lbg_b0-21ww02a may allow a privileged user to potentially enable denial of service via local access.,MEDIUM,4.4,CWE-667,2021
CVE-2021-0148,Insertion of information into log file in firmware for some Intel(R) SSD DC may allow a privileged user to potentially enable information disclosure via local access.,MEDIUM,4.4,CWE-532,2021
CVE-2021-0151,Improper access control in the installer for some Intel(R) Wireless Bluetooth(R) and Killer(TM) Bluetooth(R) products in Windows 10 may allow an authenticated user to potentially enable escalation of privilege via local access.,HIGH,7.8,NVD-CWE-Other,2021
CVE-2021-0152,Improper verification of cryptographic signature in the installer for some Intel(R) Wireless Bluetooth(R) and Killer(TM) Bluetooth(R) products in Windows 10 may allow an authenticated user to potentially enable denial of service via local access.,MEDIUM,5.5,CWE-347,2021
CVE-2021-0153,Out-of-bounds write in the BIOS firmware for some Intel(R) Processors may allow a privileged user to potentially enable aescalation of privilege via local access.,HIGH,7.8,CWE-787,2021
CVE-2021-0154,Improper input validation in the BIOS firmware for some Intel(R) Processors may allow a privileged user to potentially enable aescalation of privilege via local access.,HIGH,7.8,CWE-20,2021
CVE-2021-0155,Unchecked return value in the BIOS firmware for some Intel(R) Processors may allow a privileged user to potentially enable information disclosure via local access.,MEDIUM,5.5,CWE-252,2021
CVE-2021-0156,Improper input validation in the firmware for some Intel(R) Processors may allow an authenticated user to potentially enable an escalation of privilege via local access.,HIGH,7.8,CWE-20,2021
CVE-2021-0157,Insufficient control flow management in the BIOS firmware for some Intel(R) Processors may allow a privileged user to potentially enable escalation of privilege via local access.,MEDIUM,6.7,NVD-CWE-Other,2021
CVE-2021-0158,Improper input validation in the BIOS firmware for some Intel(R) Processors may allow a privileged user to potentially enable escalation of privilege via local access.,MEDIUM,6.7,CWE-20,2021
CVE-2021-0159,Improper input validation in the BIOS authenticated code module for some Intel(R) Processors may allow a privileged user to potentially enable aescalation of privilege via local access.,HIGH,7.8,CWE-20,2021
CVE-2021-0160,Uncontrolled search path in some Intel(R) NUC Pro Chassis Element AverMedia Capture Card drivers before version 3.0.64.143 may allow an authenticated user to potentially enable escalation of privilege via local access.,HIGH,7.8,CWE-427,2021
CVE-2021-0161,Improper input validation in firmware for Intel(R) PROSet/Wireless Wi-Fi in multiple operating systems and Killer(TM) Wi-Fi in Windows 10 and 11 may allow a privileged user to potentially enable escalation of privilege via local access.,MEDIUM,6.7,CWE-20,2021
CVE-2021-0162,Improper input validation in software for Intel(R) PROSet/Wireless Wi-Fi and Killer(TM) Wi-Fi in Windows 10 and 11 may allow an unauthenticated user to potentially enable escalation of privilege via adjacent access.,HIGH,8.8,CWE-20,2021
CVE-2021-0163,Improper Validation of Consistency within input in software for Intel(R) PROSet/Wireless Wi-Fi and Killer(TM) Wi-Fi in Windows 10 and 11 may allow an unauthenticated user to potentially enable escalation of privilege via adjacent access.,HIGH,8.8,CWE-20,2021
CVE-2021-0164,Improper access control in firmware for Intel(R) PROSet/Wireless Wi-Fi in multiple operating systems and Killer(TM) Wi-Fi in Windows 10 and 11 may allow an unauthenticated user to potentially enable escalation of privilege via local access.,HIGH,7.8,NVD-CWE-Other,2021
CVE-2021-0165,Improper input validation in firmware for Intel(R) PROSet/Wireless Wi-Fi in multiple operating systems and Killer(TM) Wi-Fi in Windows 10 and 11 may allow an unauthenticated user to potentially enable denial of service via adjacent access.,MEDIUM,6.5,CWE-20,2021
CVE-2021-0166,Exposure of Sensitive Information to an Unauthorized Actor in firmware for some Intel(R) PROSet/Wireless Wi-Fi in multiple operating systems and some Killer(TM) Wi-Fi in Windows 10 and 11 may allow a privileged user to potentially enable escalation of privilege via local access.,MEDIUM,6.7,CWE-200,2021
CVE-2021-0167,Improper access control in software for Intel(R) PROSet/Wireless Wi-Fi and Killer(TM) Wi-Fi in Windows 10 and 11 may allow a privileged user to potentially enable escalation of privilege via local access.,MEDIUM,6.7,NVD-CWE-Other,2021
CVE-2021-0168,Improper input validation in firmware for some Intel(R) PROSet/Wireless Wi-Fi in multiple operating systems and some Killer(TM) Wi-Fi in Windows 10 and 11 may allow a privileged user to potentially enable escalation of privilege via local access.,MEDIUM,6.7,CWE-20,2021
CVE-2021-0169,Uncontrolled Search Path Element in software for Intel(R) PROSet/Wireless Wi-Fi in Windows 10 and 11 may allow a privileged user to potentially enable escalation of privilege via local access.,MEDIUM,6.7,CWE-427,2021
CVE-2021-0170,Exposure of Sensitive Information to an Unauthorized Actor in firmware for some Intel(R) PROSet/Wireless Wi-Fi in multiple operating systems and some Killer(TM) Wi-Fi in Windows 10 and 11 may allow an authenticated user to potentially enable information disclosure via local access.,MEDIUM,5.5,CWE-200,2021
CVE-2021-0171,Improper access control in software for Intel(R) PROSet/Wireless Wi-Fi and Killer(TM) Wi-Fi in Windows 10 and 11 may allow an authenticated user to potentially enable information disclosure via local access.,MEDIUM,5.5,NVD-CWE-Other,2021
CVE-2021-0172,Improper input validation in firmware for some Intel(R) PROSet/Wireless Wi-Fi in multiple operating systems and some Killer(TM) Wi-Fi in Windows 10 and 11 may allow an unauthenticated user to potentially enable denial of service via adjacent access.,MEDIUM,6.5,CWE-20,2021
CVE-2021-0173,Improper Validation of Consistency within input in firmware for some Intel(R) PROSet/Wireless Wi-Fi in multiple operating systems and some Killer(TM) Wi-Fi in Windows 10 and 11 may allow a unauthenticated user to potentially enable denial of service via adjacent access.,MEDIUM,6.5,CWE-20,2021
CVE-2021-0174,Improper Use of Validation Framework in firmware for some Intel(R) PROSet/Wireless Wi-Fi in multiple operating systems and some Killer(TM) Wi-Fi in Windows 10 and 11 may allow a unauthenticated user to potentially enable denial of service via adjacent access.,MEDIUM,6.5,CWE-20,2021
CVE-2021-0175,"Improper Validation of Specified Index, Position, or Offset in Input in firmware for some Intel(R) PROSet/Wireless Wi-Fi in multiple operating systems and some Killer(TM) Wi-Fi in Windows 10 and 11 may allow an unauthenticated user to potentially enable denial of service via adjacent access.",MEDIUM,6.5,CWE-20,2021
CVE-2021-0176,Improper input validation in firmware for some Intel(R) PROSet/Wireless Wi-Fi in multiple operating systems and some Killer(TM) Wi-Fi in Windows 10 and 11 may allow a privileged user to potentially enable denial of service via local access.,MEDIUM,4.4,CWE-20,2021
CVE-2021-0177,Improper Validation of Consistency within input in software for Intel(R) PROSet/Wireless Wi-Fi and Killer(TM) Wi-Fi in Windows 10 and 11 may allow an unauthenticated user to potentially enable denial of service via adjacent access.,MEDIUM,6.5,CWE-20,2021
CVE-2021-0178,Improper input validation in software for Intel(R) PROSet/Wireless Wi-Fi and Killer(TM) Wi-Fi in Windows 10 and 11 may allow an unauthenticated user to potentially enable denial of service via adjacent access.,MEDIUM,6.5,CWE-20,2021
CVE-2021-0179,Improper Use of Validation Framework in software for Intel(R) PROSet/Wireless Wi-Fi and Killer(TM) Wi-Fi in Windows 10 and 11 may allow an unauthenticated user to potentially enable denial of service via adjacent access.,MEDIUM,6.5,CWE-20,2021
CVE-2021-0180,Uncontrolled resource consumption in the Intel(R) HAXM software before version 7.6.6 may allow an unauthenticated user to potentially enable privilege escalation via local access.,HIGH,8.4,CWE-400,2021
CVE-2021-0182,Uncontrolled resource consumption in the Intel(R) HAXM software before version 7.6.6 may allow an unauthenticated user to potentially enable information disclosure via local access.,MEDIUM,6.2,CWE-400,2021
CVE-2021-0183,"Improper Validation of Specified Index, Position, or Offset in Input in software for some Intel(R) PROSet/Wireless Wi-Fi in multiple operating systems and some Killer(TM) Wi-Fi in Windows 10 and 11 may allow an unauthenticated user to potentially enable denial of service via adjacent access.",MEDIUM,6.5,CWE-20,2021
CVE-2021-0185,Improper input validation in the firmware for some Intel(R) Server Board M10JNP Family before version 7.216 may allow a privileged user to potentially enable an escalation of privilege via local access.,HIGH,7.5,CWE-20,2021
CVE-2021-0186,Improper input validation in the Intel(R) SGX SDK applications compiled for SGX2 enabled processors may allow a privileged user to potentially escalation of privilege via local access.,MEDIUM,6.7,CWE-20,2021
CVE-2021-0187,Improper access control in the BIOS firmware for some Intel(R) Processors may allow a privileged user to potentially enable an escalation of privilege via local access.,LOW,3.2,NVD-CWE-Other,2021
CVE-2021-0188,Return of pointer value outside of expected range in the BIOS firmware for some Intel(R) Processors may allow a privileged user to potentially enable aescalation of privilege via local access.,HIGH,7.8,CWE-119,2021
CVE-2021-0189,Use of out-of-range pointer offset in the BIOS firmware for some Intel(R) Processors may allow a privileged user to potentially enable aescalation of privilege via local access.,HIGH,7.8,CWE-119,2021
CVE-2021-0190,Uncaught exception in the BIOS firmware for some Intel(R) Processors may allow a privileged user to potentially enable aescalation of privilege via local access.,HIGH,7.8,CWE-755,2021
CVE-2021-0193,Improper authentication in the Intel(R) In-Band Manageability software before version 2.13.0 may allow a privileged user to potentially enable escalation of privilege via network access.,HIGH,7.2,CWE-287,2021
CVE-2021-0194,Improper access control in the Intel(R) In-Band Manageability software before version 2.13.0 may allow a privileged user to potentially enable escalation of privilege via network access.,HIGH,7.2,NVD-CWE-Other,2021
CVE-2021-0196,Improper access control in kernel mode driver for some Intel(R) NUC 9 Extreme Laptop Kits before version 2.2.0.20 may allow an authenticated user to potentially enable escalation of privilege via local access.,HIGH,7.8,NVD-CWE-Other,2021
CVE-2021-0197,Protection mechanism failure in the firmware for the Intel(R) Ethernet Network Controller E810 before version 1.5.5.6 may allow a privileged user to enable a denial of service via local access.,MEDIUM,4.4,NVD-CWE-Other,2021
CVE-2021-0198,Improper access control in the firmware for the Intel(R) Ethernet Network Controller E810 before version 1.5.5.6 may allow a privileged user to potentially enable a denial of service via local access.,MEDIUM,4.4,NVD-CWE-Other,2021
CVE-2021-0199,Improper input validation in the firmware for the Intel(R) Ethernet Network Controller E810 before version 1.6.0.6 may allow a privileged user to potentially enable a denial of service via local access.,MEDIUM,4.4,CWE-20,2021
CVE-2021-0200,Out-of-bounds write in the firmware for Intel(R) Ethernet 700 Series Controllers before version 8.2 may allow a privileged user to potentially enable an escalation of privilege via local access.,MEDIUM,6.7,CWE-787,2021
CVE-2021-0202,"On Juniper Networks MX Series and EX9200 Series platforms with Trio-based MPC (Modular Port Concentrator) where Integrated Routing and Bridging (IRB) interface is configured and it is mapped to a VPLS instance or a Bridge-Domain, certain network events at Customer Edge (CE) device may cause memory leak in the MPC which can cause an out of memory and MPC restarts. When this issue occurs, there will be temporary traffic interruption until the MPC is restored. An administrator can use the following CLI command to monitor the status of memory usage level of the MPC: user@device> show system resource-monitor fpc FPC Resource Usage Summary Free Heap Mem Watermark : 20 % Free NH Mem Watermark : 20 % Free Filter Mem Watermark : 20 % * - Watermark reached Slot # % Heap Free RTT Average RTT 1 87 PFE # % ENCAP mem Free % NH mem Free % FW mem Free 0 NA 88 99 1 NA 89 99 When the issue is occurring, the value of “% NH mem Free” will go down until the MPC restarts. This issue affects MX Series and EX9200 Series with Trio-based PFEs (Packet Forwarding Engines). Please refer to https://kb.juniper.net/KB25385 for the list of Trio-based PFEs. This issue affects Juniper Networks Junos OS on MX Series, EX9200 Series: 17.3R3-S8; 17.4R3-S2; 18.2R3-S4, 18.2R3-S5; 18.3R3-S2, 18.3R3-S3; 18.4 versions starting from 18.4R3-S1 and later versions prior to 18.4R3-S6; 19.2 versions starting from 19.2R2 and later versions prior to 19.2R3-S1; 19.4 versions starting from 19.4R2 and later versions prior to 19.4R2-S3, 19.4R3; 20.2 versions starting from 20.2R1 and later versions prior to 20.2R1-S3, 20.2R2. This issue does not affect Juniper Networks Junos OS: 18.1, 19.1, 19.3, 20.1.",HIGH,7.5,CWE-400,2021
CVE-2021-0203,"On Juniper Networks EX and QFX5K Series platforms configured with Redundant Trunk Group (RTG), Storm Control profile applied on the RTG interface might not take affect when it reaches the threshold condition. Storm Control enables the device to monitor traffic levels and to drop broadcast, multicast, and unknown unicast packets when a specified traffic level is exceeded, thus preventing packets from proliferating and degrading the LAN. Note: this issue does not affect EX2200, EX3300, EX4200, and EX9200 Series. This issue affects Juniper Networks Junos OS on EX Series and QFX5K Series: 15.1 versions prior to 15.1R7-S7; 16.1 versions prior to 16.1R7-S8; 17.2 versions prior to 17.2R3-S4; 17.3 versions prior to 17.3R3-S8; 17.4 versions prior to 17.4R2-S11, 17.4R3-S2; 18.1 versions prior to 18.1R3-S10; 18.2 versions prior to 18.2R3-S5; 18.3 versions prior to 18.3R2-S4, 18.3R3-S2; 18.4 versions prior to 18.4R2-S5, 18.4R3-S3; 19.1 versions prior to 19.1R2-S2, 19.1R3-S2; 19.2 versions prior to 19.2R1-S5, 19.2R2-S1, 19.2R3; 19.3 versions prior to 19.3R2-S4, 19.3R3; 19.4 versions prior to 19.4R1-S3, 19.4R2-S1, 19.4R3; 20.1 versions prior to 20.1R1-S2, 20.1R2.",HIGH,8.6,CWE-794,2021
CVE-2021-0204,"A sensitive information disclosure vulnerability in delta-export configuration utility (dexp) of Juniper Networks Junos OS may allow a locally authenticated shell user the ability to create and read database files generated by the dexp utility, including password hashes of local users. Since dexp is shipped with setuid permissions enabled and is owned by the root user, this vulnerability may allow a local privileged user the ability to run dexp with root privileges and access sensitive information in the dexp database. This issue affects Juniper Networks Junos OS: 15.1 versions prior to 15.1R7-S8; 15.1X49 versions prior to 15.1X49-D230; 17.3 versions prior to 17.3R3-S9; 17.4 versions prior to 17.4R2-S12, 17.4R3-S3; 18.1 versions prior to 18.1R3-S11; 18.2 versions prior to 18.2R3-S6; 18.2X75 versions prior to 18.2X75-D34; 18.3 versions prior to 18.3R3-S4; 18.4 versions prior to 18.4R2-S7, 18.4R3-S6; 19.1 versions prior to 19.1R1-S6, 19.1R2-S2, 19.1R3-S3; 19.2 versions prior to 19.2R1-S5, 19.2R3-S1; 19.3 versions prior to 19.3R2-S5, 19.3R3-S1; 19.4 versions prior to 19.4R1-S3, 19.4R2-S2, 19.4R3-S1; 20.1 versions prior to 20.1R1-S4, 20.1R2; 20.2 versions prior to 20.2R1-S2, 20.2R2.",HIGH,7.8,CWE-250,2021
CVE-2021-0205,"When the ""Intrusion Detection Service"" (IDS) feature is configured on Juniper Networks MX series with a dynamic firewall filter using IPv6 source or destination prefix, it may incorrectly match the prefix as /32, causing the filter to block unexpected traffic. This issue affects only IPv6 prefixes when used as source and destination. This issue affects MX Series devices using MS-MPC, MS-MIC or MS-SPC3 service cards with IDS service configured. This issue affects: Juniper Networks Junos OS 17.3 versions prior to 17.3R3-S10 on MX Series; 17.4 versions prior to 17.4R3-S3 on MX Series; 18.1 versions prior to 18.1R3-S11 on MX Series; 18.2 versions prior to 18.2R3-S6 on MX Series; 18.3 versions prior to 18.3R3-S4 on MX Series; 18.4 versions prior to 18.4R3-S6 on MX Series; 19.1 versions prior to 19.1R2-S2, 19.1R3-S3 on MX Series; 19.2 versions prior to 19.2R3-S1 on MX Series; 19.3 versions prior to 19.3R2-S5, 19.3R3-S1 on MX Series; 19.4 versions prior to 19.4R3 on MX Series; 20.1 versions prior to 20.1R2 on MX Series; 20.2 versions prior to 20.2R2 on MX Series;",MEDIUM,5.8,CWE-284,2021
CVE-2021-0206,"A NULL Pointer Dereference vulnerability in Juniper Networks Junos OS allows an attacker to send a specific packet causing the packet forwarding engine (PFE) to crash and restart, resulting in a Denial of Service (DoS). By continuously sending these specific packets, an attacker can repeatedly disable the PFE causing a sustained Denial of Service (DoS). This issue only affects Juniper Networks NFX Series, SRX Series platforms when SSL Proxy is configured. This issue affects Juniper Networks Junos OS on NFX Series and SRX Series: 18.3 versions prior to 18.3R3-S4; 18.4 versions prior to 18.4R3-S1; 19.1 versions prior to 19.1R1-S6, 19.1R2-S2, 19.1R3; 19.2 versions prior to 19.2R1-S2, 19.2R2; 19.3 versions prior to 19.3R2. This issue does not affect Juniper Networks Junos OS versions on NFX Series and SRX Series prior to 18.3R1.",HIGH,7.5,CWE-476,2021
CVE-2021-0207,"An improper interpretation conflict of certain data between certain software components within the Juniper Networks Junos OS devices does not allow certain traffic to pass through the device upon receipt from an ingress interface filtering certain specific types of traffic which is then being redirected to an egress interface on a different VLAN. This causes a Denial of Service (DoS) to those clients sending these particular types of traffic. Such traffic being sent by a client may appear genuine, but is non-standard in nature and should be considered as potentially malicious, and can be targeted to the device, or destined through it for the issue to occur. This issues affects IPv4 and IPv6 traffic. An indicator of compromise may be found by checking log files. You may find that traffic on the input interface has 100% of traffic flowing into the device, yet the egress interface shows 0 pps leaving the device. For example: [show interfaces ""interface"" statistics detail] Output between two interfaces would reveal something similar to: Ingress, first interface: -------------------- Interface Link Input packets (pps) Output packets (pps) et-0/0/0 Up 9999999999 (9999) 1 (0) -------------------- Egress, second interface: -------------------- Interface Link Input packets (pps) Output packets (pps) et-0/0/1 Up 0 (0) 9999999999 (0) -------------------- Dropped packets will not show up in DDoS monitoring/protection counters as issue is not caused by anti-DDoS protection mechanisms. This issue affects: Juniper Networks Junos OS: 17.3 versions prior to 17.3R3-S7 on NFX250, QFX5K Series, EX4600; 17.4 versions prior to 17.4R2-S11, 17.4R3-S3 on NFX250, QFX5K Series, EX4600; 18.1 versions prior to 18.1R3-S9 on NFX250, QFX5K Series, EX2300 Series, EX3400 Series, EX4600; 18.2 versions prior to 18.2R3-S3 on NFX250, QFX5K Series, EX2300 Series, EX3400 Series, EX4300 Multigigabit, EX4600; 18.3 versions prior to 18.3R3-S1 on NFX250, QFX5K Series, EX2300 Series, EX3400 Series, EX4300 Multigigabit, EX4600 Series; 18.4 versions prior to 18.4R1-S5, 18.4R2-S3, 18.4R3 on NFX250, QFX5K Series, EX2300 Series, EX3400 Series, EX4300 Multigigabit, EX4600 Series; 19.1 versions prior to 19.1R1-S5, 19.1R2-S1, 19.1R3 on NFX250, QFX5K Series, EX2300 Series, EX3400 Series, EX4300 Multigigabit, EX4600 Series; 19.2 versions prior to 19.2R1-S5, 19.2R2 on NFX250, QFX5K Series, EX2300 Series, EX3400 Series, EX4300 Multigigabit, EX4600 Series; 19.3 versions prior to 19.3R2-S3, 19.3R3 on NFX250, QFX5K Series, EX2300 Series, EX3400 Series, EX4300 Multigigabit, EX4600 Series; 19.4 versions prior to 19.4R1-S2, 19.4R2 on NFX250, NFX350, QFX5K Series, EX2300 Series, EX3400 Series, EX4300 Multigigabit, EX4600 Series. This issue does not affect Junos OS releases prior to 17.2R2.",HIGH,7.5,CWE-115,2021
CVE-2021-0208,"An improper input validation vulnerability in the Routing Protocol Daemon (RPD) service of Juniper Networks Junos OS allows an attacker to send a malformed RSVP packet when bidirectional LSPs are in use, which when received by an egress router crashes the RPD causing a Denial of Service (DoS) condition. Continued receipt of the packet will sustain the Denial of Service. This issue affects: Juniper Networks Junos OS: All versions prior to 17.3R3-S10 except 15.1X49-D240 for SRX series; 17.4 versions prior to 17.4R3-S2; 18.1 versions prior to 18.1R3-S10; 18.2 versions prior to 18.2R2-S7, 18.2R3-S4; 18.3 versions prior to 18.3R3-S2; 18.4 versions prior to 18.4R1-S8, 18.4R2-S6, 18.4R3-S2; 19.1 versions prior to 19.1R1-S5, 19.1R3-S3; 19.2 versions prior to 19.2R3; 19.3 versions prior to 19.3R2-S5, 19.3R3; 19.4 versions prior to 19.4R2-S2, 19.4R3-S1; 20.1 versions prior to 20.1R1-S4, 20.1R2; 15.1X49 versions prior to 15.1X49-D240 on SRX Series. Juniper Networks Junos OS Evolved: 19.3 versions prior to 19.3R2-S5-EVO; 19.4 versions prior to 19.4R2-S2-EVO; 20.1 versions prior to 20.1R1-S4-EVO.",HIGH,8.8,CWE-20,2021
CVE-2021-0209,"In Juniper Networks Junos OS Evolved an attacker sending certain valid BGP update packets may cause Junos OS Evolved to access an uninitialized pointer causing RPD to core leading to a Denial of Service (DoS). Continued receipt of these types of valid BGP update packets will cause an extended Denial of Service condition. RPD will require a restart to recover. An indicator of compromise is to see if the file rpd.re exists by issuing the command: show system core-dumps This issue affects: Juniper Networks Junos OS Evolved 19.4 versions prior to 19.4R2-S2-EVO; 20.1 versions prior to 20.1R1-S2-EVO, 20.1R2-S1-EVO. This issue does not affect Junos OS.",MEDIUM,6.5,CWE-824,2021
CVE-2021-0210,"An Information Exposure vulnerability in J-Web of Juniper Networks Junos OS allows an unauthenticated attacker to elevate their privileges over the target system through opportunistic use of an authenticated users session. This issue affects: Juniper Networks Junos OS 12.3 versions prior to 12.3R12-S17; 17.3 versions prior to 17.3R3-S10; 17.4 versions prior to 17.4R2-S12, 17.4R3-S3; 18.1 versions prior to 18.1R3-S11; 18.2 versions prior to 18.2R3-S6; 18.3 versions prior to 18.3R2-S4, 18.3R3-S4; 18.4 versions prior to 18.4R2-S5, 18.4R3-S5; 19.1 versions prior to 19.1R1-S6, 19.1R2-S2, 19.1R3-S3; 19.2 versions prior to 19.2R1-S5, 19.2R3, 19.2R3-S1; 19.3 versions prior to 19.3R2-S4, 19.3R3; 19.4 versions prior to 19.4R1-S3, 19.4R2-S2, 19.4R3; 20.1 versions prior to 20.1R1-S4, 20.1R2; 20.2 versions prior to 20.2R1-S1, 20.2R2.",MEDIUM,6.8,CWE-200,2021
CVE-2021-0211,"An improper check for unusual or exceptional conditions in Juniper Networks Junos OS and Junos OS Evolved Routing Protocol Daemon (RPD) service allows an attacker to send a valid BGP FlowSpec message thereby causing an unexpected change in the route advertisements within the BGP FlowSpec domain leading to disruptions in network traffic causing a Denial of Service (DoS) condition. Continued receipt of these update messages will cause a sustained Denial of Service condition. This issue affects Juniper Networks: Junos OS: All versions prior to 17.3R3-S10 with the exceptions of 15.1X49-D240 on SRX Series and 15.1R7-S8 on EX Series; 17.3 versions prior to 17.3R3-S10; 17.4 versions prior to 17.4R2-S12, 17.4R3-S4; 18.1 versions prior to 18.1R3-S12; 18.2 versions prior to 18.2R2-S8, 18.2R3-S6; 18.3 versions prior to 18.3R3-S4; 18.4 versions prior to 18.4R1-S8, 18.4R2-S6, 18.4R3-S6; 19.1 versions prior to 19.1R1-S6, 19.1R2-S2, 19.1R3-S3; 19.2 versions prior to 19.2R3-S1; 19.3 versions prior to 19.3R2-S5, 19.3R3-S1; 19.4 versions prior to 19.4R1-S3, 19.4R2-S3, 19.4R3; 20.1 versions prior to 20.1R2; 20.2 versions prior to 20.2R1-S3 20.2R2; 20.3 versions prior to 20.3R1-S1, 20.3R2. Junos OS Evolved: All versions prior to 20.3R1-S1-EVO, 20.3R2-EVO.",CRITICAL,10.0,CWE-754,2021
CVE-2021-0212,An Information Exposure vulnerability in Juniper Networks Contrail Networking allows a locally authenticated attacker able to read files to retrieve administrator credentials stored in plaintext thereby elevating their privileges over the system. This issue affects: Juniper Networks Contrail Networking versions prior to 1911.31.,MEDIUM,5.0,CWE-200,2021
CVE-2021-0214,"A vulnerability in the distributed or centralized periodic packet management daemon (PPMD) of Juniper Networks Junos OS may cause receipt of a malformed packet to crash and restart the PPMD process, leading to network destabilization, service interruption, and a Denial of Service (DoS) condition. Continued receipt and processing of these malformed packets will repeatedly crash the PPMD process and sustain the Denial of Service (DoS) condition. Due to the nature of the specifically crafted packet, exploitation of this issue requires direct, adjacent connectivity to the vulnerable component. This issue affects Juniper Networks Junos OS: 17.3 versions prior to 17.3R3-S11; 17.4 versions prior to 17.4R2-S12, 17.4R3-S4; 18.1 versions prior to 18.1R3-S12; 18.2 versions prior to 18.2R2-S8, 18.2R3-S7; 18.3 versions prior to 18.3R3-S4; 18.4 versions prior to 18.4R1-S8, 18.4R2-S7, 18.4R3-S6; 19.1 versions prior to 19.1R1-S6, 19.1R2-S2, 19.1R3-S4; 19.2 versions prior to 19.2R1-S5, 19.2R3-S1; 19.3 versions prior to 19.3R2-S5, 19.3R3-S1; 19.4 versions prior to 19.4R2-S2, 19.4R3; 20.1 versions prior to 20.1R2; 20.2 versions prior to 20.2R1-S2, 20.2R2.",MEDIUM,6.5,CWE-20,2021
CVE-2021-0215,"On Juniper Networks Junos EX series, QFX Series, MX Series and SRX branch series devices, a memory leak occurs every time the 802.1X authenticator port interface flaps which can lead to other processes, such as the pfex process, responsible for packet forwarding, to crash and restart. An administrator can use the following CLI command to monitor the status of memory consumption: user@device> show task memory detail Please refer to https://kb.juniper.net/KB31522 for details. This issue affects Juniper Networks Junos OS: 14.1X53 versions prior to 14.1X53-D54; 15.1X49 versions prior to 15.1X49-D240 ; 15.1X53 versions prior to 15.1X53-D593; 16.1 versions prior to 16.1R7-S8; 17.2 versions prior to 17.2R3-S4; 17.3 versions prior to 17.3R3-S8; 17.4 versions prior to 17.4R2-S11, 17.4R3-S2; 18.1 versions prior to 18.1R3-S10 ; 18.2 versions prior to 18.2R2-S7, 18.2R3-S3; 18.3 versions prior to 18.3R2-S4, 18.3R3-S2; 18.4 versions prior to 18.4R1-S7, 18.4R2-S4, 18.4R3-S2; 19.1 versions prior to 19.1R1-S5, 19.1R2-S2, 19.1R3; 19.2 versions prior to 19.2R1-S5, 19.2R2; 19.3 versions prior to 19.3R2-S3, 19.3R3; 19.4 versions prior to 19.4R1-S2, 19.4R2. This issue does not affect Juniper Networks Junos OS 12.3, 15.1.",MEDIUM,6.5,CWE-400,2021
CVE-2021-0216,"A vulnerability in Juniper Networks Junos OS running on the ACX5448 and ACX710 platforms may cause BFD sessions to flap when a high rate of transit ARP packets are received. This, in turn, may impact routing protocols and network stability, leading to a Denial of Service (DoS) condition. When a high rate of transit ARP packets are exceptioned to the CPU and BFD flaps, the following log messages may be seen: bfdd[15864]: BFDD_STATE_UP_TO_DOWN: BFD Session 192.168.14.3 (IFL 232) state Up -> Down LD/RD(17/19) Up time:11:38:17 Local diag: CtlExpire Remote diag: None Reason: Detect Timer Expiry. bfdd[15864]: BFDD_TRAP_SHOP_STATE_DOWN: local discriminator: 17, new state: down, interface: irb.998, peer addr: 192.168.14.3 rpd[15839]: RPD_ISIS_ADJDOWN: IS-IS lost L2 adjacency to peer on irb.998, reason: BFD Session Down bfdd[15864]: BFDD_TRAP_SHOP_STATE_UP: local discriminator: 17, new state: up, interface: irb.998, peer addr: 192.168.14.3 This issue only affects the ACX5448 Series and ACX710 Series routers. No other products or platforms are affected by this vulnerability. This issue affects Juniper Networks Junos OS: 18.2 versions prior to 18.2R3-S8 on ACX5448; 18.3 versions prior to 18.3R3-S5 on ACX5448; 18.4 versions prior to 18.4R1-S6, 18.4R3-S7 on ACX5448; 19.1 versions prior to 19.1R3-S5 on ACX5448; 19.2 versions prior to 19.2R2, 19.2R3 on ACX5448; 19.3 versions prior to 19.3R3 on ACX5448; 19.4 versions prior to 19.4R3 on ACX5448; 20.1 versions prior to 20.1R2 on ACX5448; 20.2 versions prior to 20.2R2 on ACX5448 and ACX710.",MEDIUM,6.5,NVD-CWE-noinfo,2021
CVE-2021-0217,"A vulnerability in processing of certain DHCP packets from adjacent clients on EX Series and QFX Series switches running Juniper Networks Junos OS with DHCP local/relay server configured may lead to exhaustion of DMA memory causing a Denial of Service (DoS). Over time, exploitation of this vulnerability may cause traffic to stop being forwarded, or to crashing of the fxpc process. When Packet DMA heap utilization reaches 99%, the system will become unstable. Packet DMA heap utilization can be monitored through the following command: user@junos# request pfe execute target fpc0 timeout 30 command ""show heap"" ID Base Total(b) Free(b) Used(b) % Name -- ---------- ----------- ----------- ----------- --- ----------- 0 213301a8 536870488 387228840 149641648 27 Kernel 1 91800000 8388608 3735120 4653488 55 DMA 2 92000000 75497472 74452192 1045280 1 PKT DMA DESC 3 d330000 335544320 257091400 78452920 23 Bcm_sdk 4 96800000 184549376 2408 184546968 99 Packet DMA <--- 5 903fffe0 20971504 20971504 0 0 Blob An indication of the issue occurring may be observed through the following log messages: Dec 10 08:07:00.124 2020 hostname fpc0 brcm_pkt_buf_alloc:523 (buf alloc) failed allocating packet buffer Dec 10 08:07:00.126 2020 hostname fpc0 (buf alloc) failed allocating packet buffer Dec 10 08:07:00.128 2020 hostname fpc0 brcm_pkt_buf_alloc:523 (buf alloc) failed allocating packet buffer Dec 10 08:07:00.130 2020 hostnameC fpc0 (buf alloc) failed allocating packet buffer This issue affects Juniper Networks Junos OS on EX Series and QFX Series: 17.4R3 versions prior to 17.4R3-S3; 18.1R3 versions between 18.1R3-S6 and 18.1R3-S11; 18.2R3 versions prior to 18.2R3-S6; 18.3R3 versions prior to 18.3R3-S4; 18.4R2 versions prior to 18.4R2-S5; 18.4R3 versions prior to 18.4R3-S6; 19.1 versions between 19.1R2 and 19.1R3-S3; 19.2 versions prior to 19.2R3-S1; 19.3 versions prior to 19.3R2-S5, 19.3R3; 19.4 versions prior to 19.4R2-S2, 19.4R3; 20.1 versions prior to 20.1R2; 20.2 versions prior to 20.2R1-S2, 20.2R2. Junos OS versions prior to 17.4R3 are unaffected by this vulnerability.",HIGH,7.4,CWE-119,2021
CVE-2021-0218,"A command injection vulnerability in the license-check daemon of Juniper Networks Junos OS that may allow a locally authenticated attacker with low privileges to execute commands with root privilege. license-check is a daemon used to manage licenses in Junos OS. To update licenses, a user executes the command 'request system license update' via the CLI. An attacker with access to this CLI command may be able to exploit the vulnerability. This issue affects Juniper Networks Junos OS: 17.3 versions prior to 17.3R3-S9; 17.4 versions prior to 17.4R2-S12, 17.4R3-S3; 18.1 versions prior to 18.1R3-S11; 18.2 versions prior to 18.2R3-S6; 18.3 versions prior to 18.3R3-S4; 18.4 versions prior to 18.4R3-S6; 19.1 versions prior to 19.1R1-S6, 19.1R2-S2, 19.1R3-S3; 19.2 versions prior to 19.2R3-S1; 19.3 versions prior to 19.3R2-S5, 19.3R3; 19.4 versions prior to 19.4R2-S2, 19.4R3; 20.1 versions prior to 20.1R1-S4, 20.1R2; 20.2 versions prior to 20.2R1-S2, 20.2R2.",HIGH,7.8,CWE-78,2021
CVE-2021-0219,"A command injection vulnerability in install package validation subsystem of Juniper Networks Junos OS that may allow a locally authenticated attacker with privileges to execute commands with root privilege. To validate a package in Junos before installation, an administrator executes the command 'request system software add validate-on-host' via the CLI. An attacker with access to this CLI command may be able to exploit this vulnerability. This issue affects Juniper Networks Junos OS: all versions prior to 17.3R3-S10; 17.4 versions prior to 17.4R2-S12, 17.4R3-S3; 18.1 versions prior to 18.1R3-S11; 18.2 versions prior to 18.2R2-S8, 18.2R3-S6; 18.3 versions prior to 18.3R3-S4; 18.4 versions prior to 18.4R1-S8, 18.4R2-S7, 18.4R3-S6; 19.1 versions prior to 19.1R1-S6, 19.1R2-S2, 19.1R3-S3; 19.2 versions prior to 19.2R3-S1; 19.3 versions prior to 19.3R2-S5, 19.3R3-S1; 19.4 versions prior to 19.4R2-S2, 19.4R3-S1; 20.1 versions prior to 20.1R2; 20.2 versions prior to 20.2R1-S2, 20.2R2; 20.3 versions prior to 20.3R1-S1, 20.3R2.",MEDIUM,6.7,CWE-78,2021
CVE-2021-0220,"The Junos Space Network Management Platform has been found to store shared secrets in a recoverable format that can be exposed through the UI. An attacker who is able to execute arbitrary code in the victim browser (for example via XSS) or access cached contents may be able to obtain a copy of credentials managed by Junos Space. The impact of a successful attack includes, but is not limited to, obtaining access to other servers connected to the Junos Space Management Platform. This issue affects Juniper Networks Junos Space versions prior to 20.3R1.",MEDIUM,6.8,CWE-257,2021
CVE-2021-0221,"In an EVPN/VXLAN scenario, if an IRB interface with a virtual gateway address (VGA) is configured on a PE, a traffic loop may occur upon receipt of specific IP multicast traffic. The traffic loop will cause interface traffic to increase abnormally, ultimately leading to a Denial of Service (DoS) in packet processing. The following command could be used to monitor the interface traffic: user@junos> monitor interface traffic Interface Link Input packets (pps) Output packets (pps) et-0/0/1 Up 6492089274364 (70994959) 6492089235319 (70994956) et-0/0/25 Up 343458103 (1) 156844 (0) ae0 Up 9132519197257 (70994959) 9132519139454 (70994956) This issue affects Juniper Networks Junos OS on QFX Series: all versions prior to 17.3R3-S10; 17.4 versions prior to 17.4R2-S12, 17.4R3-S3; 18.1 versions prior to 18.1R3-S11; 18.2 versions prior to 18.2R3-S6; 18.3 versions prior to 18.3R3-S4; 18.4 versions prior to 18.4R2-S5, 18.4R3-S5; 19.1 versions prior to 19.1R1-S6, 19.1R2-S2, 19.1R3-S3; 19.2 versions prior to 19.2R1-S5, 19.2R3-S1; 19.3 versions prior to 19.3R2-S5, 19.3R3; 19.4 versions prior to 19.4R2-S2, 19.4R3; 20.1 versions prior to 20.1R2; 20.2 versions prior to 20.2R1-S2, 20.2R2.",MEDIUM,6.5,CWE-703,2021
CVE-2021-0222,"A vulnerability in Juniper Networks Junos OS allows an attacker to cause a Denial of Service (DoS) to the device by sending certain crafted protocol packets from an adjacent device with invalid payloads to the device. These crafted packets, which should be discarded, are instead replicated and sent to the RE. Over time, a Denial of Service (DoS) occurs. Continued receipt of these crafted protocol packets will cause an extended Denial of Service (DoS) condition, which may cause wider traffic impact due to protocol flapping. An indication of compromise is to check ""monitor interface traffic"" on the ingress and egress port packet counts. For each ingress packet, two duplicate packets are seen on egress. This issue can be triggered by IPv4 and IPv6 packets. This issue affects all traffic through the device. This issue affects: Juniper Networks Junos OS: 14.1X53 versions prior to 14.1X53-D53 on EX4300, QFX3500, QFX5100, EX4600; 15.1 versions prior to 15.1R7-S6 on EX4300, QFX3500, QFX5100, EX4600; 16.1 versions prior to 16.1R7-S7 on EX4300, QFX5100, EX4600; 17.1 versions prior to 17.1R2-S11 on EX4300, QFX5100, EX4600; 17.1 versions prior to 117.1R3-S2 on EX4300; 17.2 versions prior to 17.2R1-S9 on EX4300; 17.2 versions prior to 17.2R3-S3 on EX4300, QFX5100, EX4600, QFX5110, QFX5200; 17.3 versions prior to 17.3R2-S5, 17.3R3-S7 on EX4300, QFX5100, EX4600, QFX5110, QFX5200; 17.4 versions prior to 17.4R2-S9, 17.4R3 on EX4300, QFX5100, EX4600, QFX5110, QFX5200; 18.1 versions prior to 18.1R3-S9 on EX4300, QFX5100, EX4600, QFX5110, QFX5200, QFX5210, EX2300, EX3400; 18.2 versions prior to 18.2R2-S7 on EX4300; 18.2 versions prior to 18.2R3-S3 on EX4300, QFX5100, EX4600, QFX5110, QFX5200, QFX5210, EX2300, EX3400; 18.3 versions prior to 18.3R2-S3, on EX4300; 18.3 versions prior to 18.3R1-S7, 18.3R3-S1 on EX4300, QFX5100, EX4600, QFX5110, QFX5200, QFX5210, QFX5120, EX4650, EX2300, EX3400; 18.4 versions prior to 18.4R1-S5, 18.4R2-S3, 18.4R3 on EX4300, QFX5100, EX4600, QFX5110, QFX5200, QFX5210, QFX5120, EX4650, EX2300, EX3400; 19.1 versions prior to 19.1R1-S4, 19.1R2-S1, 19.1R3 on EX4300, QFX5100, EX4600, QFX5110, QFX5200, QFX5210, QFX5120, EX4650, EX2300, EX3400; 19.2 versions prior to 19.2R1-S4, 19.2R2 on EX4300; 19.2 versions prior to 19.2R1-S3, 19.2R2 on QFX5100, EX4600, QFX5110, QFX5200, QFX5210, QFX5120, EX4650, EX2300, EX3400; 19.3 versions prior to 19.3R2-S1, 19.3R3 on EX4300; 19.3 versions prior to 19.3R1-S1, 19.3R2, 19.3R3 on QFX5100, EX4600, QFX5110, QFX5200, QFX5210, QFX5120, EX4650, EX2300, EX3400;",HIGH,7.4,CWE-16,2021
CVE-2021-0223,"A local privilege escalation vulnerability in telnetd.real of Juniper Networks Junos OS may allow a locally authenticated shell user to escalate privileges and execute arbitrary commands as root. telnetd.real is shipped with setuid permissions enabled and is owned by the root user, allowing local users to run telnetd.real with root privileges. This issue affects Juniper Networks Junos OS: all versions prior to 15.1R7-S9; 17.3 versions prior to 17.3R3-S11; 17.4 versions prior to 17.4R2-S12, 17.4R3-S3; 18.1 versions prior to 18.1R3-S11; 18.2 versions prior to 18.2R3-S6; 18.3 versions prior to 18.3R2-S4, 18.3R3-S4; 18.4 versions prior to 18.4R2-S7, 18.4R3-S6; 19.1 versions prior to 19.1R2-S2, 19.1R3-S4; 19.2 versions prior to 19.2R1-S6, 19.2R3-S1; 19.3 versions prior to 19.3R3-S1; 19.4 versions prior to 19.4R2-S2, 19.4R3; 20.1 versions prior to 20.1R1-S4, 20.1R2; 20.2 versions prior to 20.2R2.",HIGH,7.8,CWE-250,2021
CVE-2021-0224,"A vulnerability in the handling of internal resources necessary to bring up a large number of Layer 2 broadband remote access subscriber (BRAS) nodes in Juniper Networks Junos OS can cause the Access Node Control Protocol daemon (ANCPD) to crash and restart, leading to a Denial of Service (DoS) condition. Continued processing of spoofed subscriber nodes will create a sustained Denial of Service (DoS) condition. When the number of subscribers attempting to connect exceeds the configured maximum-discovery-table-entries value, the subscriber fails to map to an internal neighbor entry, causing the ANCPD process to crash. This issue affects Juniper Networks Junos OS: All versions prior to 17.3R3-S12; 17.4 versions prior to 17.4R2-S13; 18.1 versions prior to 18.1R3-S13; 18.2 versions prior to 18.2R3-S8; 18.3 versions prior to 18.3R3-S5; 18.4 versions prior to 18.4R1-S8, 18.4R3-S8; 19.1 versions prior to 19.1R3-S4; 19.2 versions prior to 19.2R3-S2; 19.3 versions prior to 19.3R3-S1; 19.4 versions prior to 19.4R3-S1; 20.1 versions prior to 20.1R2; 20.2 versions prior to 20.2R2; 20.3 versions prior to 20.3R2.",MEDIUM,6.5,CWE-770,2021
CVE-2021-0225,"An Improper Check for Unusual or Exceptional Conditions in Juniper Networks Junos OS Evolved may cause the stateless firewall filter configuration which uses the action 'policer' in certain combinations with other options to not take effect. An administrator can use the following CLI command to see the failures with filter configuration: user@device> show log kfirewall-agent.log | match ERROR Jul 23 14:16:03 ERROR: filter not supported This issue affects Juniper Networks Junos OS Evolved: Versions 19.1R1-EVO and above prior to 20.3R1-S2-EVO, 20.3R2-EVO. This issue does not affect Juniper Networks Junos OS.",MEDIUM,5.8,CWE-754,2021
CVE-2021-0226,"On Juniper Networks Junos OS Evolved devices, receipt of a specific IPv6 packet may cause an established IPv6 BGP session to terminate, creating a Denial of Service (DoS) condition. Continued receipt and processing of this packet will create a sustained Denial of Service (DoS) condition. This issue does not affect IPv4 BGP sessions. This issue affects IBGP or EBGP peer sessions with IPv6. This issue affects: Juniper Networks Junos OS Evolved: 19.4 versions prior to 19.4R2-S3-EVO; 20.1 versions prior to 20.1R2-S3-EVO; 20.2 versions prior to 20.2R2-S1-EVO; 20.3 versions prior to 20.3R2-EVO. This issue does not affect Juniper Networks Junos OS releases.",HIGH,7.1,CWE-665,2021
CVE-2021-0227,"An improper restriction of operations within the bounds of a memory buffer vulnerability in Juniper Networks Junos OS J-Web on SRX Series devices allows an attacker to cause Denial of Service (DoS) by sending certain crafted HTTP packets. Continued receipt and processing of these packets will create a sustained Denial of Service (DoS) condition. When this issue occurs, web-management, NTP daemon (ntpd) and Layer 2 Control Protocol process (L2CPD) daemons might crash. This issue affects Juniper Networks Junos OS on SRX Series: 17.3 versions prior to 17.3R3-S9; 17.4 versions prior to 17.4R2-S11, 17.4R3-S2; 18.2 versions prior to 18.2R3-S5; 18.3 versions prior to 18.3R2-S4, 18.3R3-S3; 18.4 versions prior to 18.4R2-S5, 18.4R3-S4; 19.1 versions prior to 19.1R3-S2; 19.2 versions prior to 19.2R1-S5, 19.2R3; 19.3 versions prior to 19.3R3; 19.4 versions prior to 19.4R2-S1, 19.4R3; 20.1 versions prior to 20.1R1-S2, 20.1R2;",HIGH,7.5,CWE-119,2021
CVE-2021-0228,"An improper check for unusual or exceptional conditions vulnerability in Juniper Networks MX Series platforms with Trio-based MPC (Modular Port Concentrator) deployed in (Ethernet VPN) EVPN-(Virtual Extensible LAN) VXLAN configuration, may allow an attacker sending specific Layer 2 traffic to cause Distributed Denial of Service (DDoS) protection to trigger unexpectedly, resulting in traffic impact. Continued receipt and processing of this specific Layer 2 frames will sustain the Denial of Service (DoS) condition. An indication of compromise is to check DDOS LACP violations: user@device> show ddos-protection protocols statistics brief | match lacp This issue only affects the MX Series platforms with Trio-based MPC. No other products or platforms are affected. This issue affects: Juniper Networks Junos OS on MX Series: 15.1 versions prior to 15.1R7-S9; 17.3 versions prior to 17.3R3-S11; 17.4 versions prior to 17.4R3-S4; 18.1 versions prior to 18.1R3-S12; 18.2 versions prior to 18.2R2-S8, 18.2R3-S8; 18.3 versions prior to 18.3R3-S4; 18.4 versions prior to 18.4R1-S8, 18.4R2-S7, 18.4R3-S7; 19.1 versions prior to 19.1R3-S4; 19.2 versions prior to 19.2R1-S6; 19.3 versions prior to 19.3R3-S2; 19.4 versions prior to 19.4R2-S4, 19.4R3-S2; 20.1 versions prior to 20.1R2, 20.1R3; 20.2 versions prior to 20.2R2-S1, 20.2R3; 20.3 versions prior to 20.3R1-S1, 20.3R2;",MEDIUM,6.5,CWE-754,2021
CVE-2021-0229,"An uncontrolled resource consumption vulnerability in Message Queue Telemetry Transport (MQTT) server of Juniper Networks Junos OS allows an attacker to cause MQTT server to crash and restart leading to a Denial of Service (DoS) by sending a stream of specific packets. A Juniper Extension Toolkit (JET) application designed with a listening port uses the Message Queue Telemetry Transport (MQTT) protocol to connect to a mosquitto broker that is running on Junos OS to subscribe for events. Continued receipt and processing of this packet will create a sustained Denial of Service (DoS) condition. This issue affects Juniper Networks Junos OS: 16.1R1 and later versions prior to 17.3R3-S11; 17.4 versions prior to 17.4R2-S13, 17.4R3-S4; 18.1 versions prior to 18.1R3-S12; 18.2 versions prior to 18.2R2-S8, 18.2R3-S7; 18.3 versions prior to 18.3R3-S4; 18.4 versions prior to 18.4R1-S8, 18.4R2-S7, 18.4R3-S7; 19.1 versions prior to 19.1R3-S5; 19.2 versions prior to 19.2R1-S6, 19.2R3-S2; 19.3 versions prior to 19.3R3-S2; 19.4 versions prior to 19.4R2-S4, 19.4R3-S2; 20.1 versions prior to 20.1R2-S1, 20.1R3; 20.2 versions prior to 20.2R2-S2, 20.2R3; 20.3 versions prior to 20.3R1-S1, 20.3R2. This issue does not affect Juniper Networks Junos OS versions prior to 16.1R1.",MEDIUM,5.3,CWE-400,2021
CVE-2021-0230,"On Juniper Networks SRX Series devices with link aggregation (lag) configured, executing any operation that fetches Aggregated Ethernet (AE) interface statistics, including but not limited to SNMP GET requests, causes a slow kernel memory leak. If all the available memory is consumed, the traffic will be impacted and a reboot might be required. The following log can be seen if this issue happens. /kernel: rt_pfe_veto: Memory over consumed. Op 1 err 12, rtsm_id 0:-1, msg type 72 /kernel: rt_pfe_veto: free kmem_map memory = (20770816) curproc = kmd An administrator can use the following CLI command to monitor the status of memory consumption (ifstat bucket): user@device > show system virtual-memory no-forwarding | match ifstat Type InUse MemUse HighUse Limit Requests Limit Limit Size(s) ifstat 2588977 162708K - 19633958 <<<< user@device > show system virtual-memory no-forwarding | match ifstat Type InUse MemUse HighUse Limit Requests Limit Limit Size(s) ifstat 3021629 189749K - 22914415 <<<< This issue affects Juniper Networks Junos OS on SRX Series: 17.1 versions 17.1R3 and above prior to 17.3R3-S11; 17.4 versions prior to 17.4R3-S5; 18.2 versions prior to 18.2R3-S7, 18.2R3-S8; 18.3 versions prior to 18.3R3-S4; 18.4 versions prior to 18.4R2-S7, 18.4R3-S6; 19.1 versions prior to 19.1R3-S4; 19.2 versions prior to 19.2R1-S6; 19.3 versions prior to 19.3R3-S1; 19.4 versions prior to 19.4R3-S1; 20.1 versions prior to 20.1R2, 20.1R3; 20.2 versions prior to 20.2R2-S2, 20.2R3; 20.3 versions prior to 20.3R1-S2, 20.3R2. This issue does not affect Juniper Networks Junos OS prior to 17.1R3.",HIGH,7.5,CWE-400,2021
CVE-2021-0231,"A path traversal vulnerability in the Juniper Networks SRX and vSRX Series may allow an authenticated J-web user to read sensitive system files. This issue affects Juniper Networks Junos OS on SRX and vSRX Series: 19.3 versions prior to 19.3R2-S6, 19.3R3-S1; 19.4 versions prior to 19.4R2-S4, 19.4R3; 20.1 versions prior to 20.1R1-S4, 20.1R2; 20.2 versions prior to 20.2R1-S3, 20.2R2; This issue does not affect Juniper Networks Junos OS versions prior to 19.3R1.",MEDIUM,6.5,CWE-22,2021
CVE-2021-0232,"An authentication bypass vulnerability in the Juniper Networks Paragon Active Assurance Control Center may allow an attacker with specific information about the deployment to mimic an already registered Test Agent and access its configuration including associated inventory details. If the issue occurs, the affected Test Agent will not be able to connect to the Control Center. This issue affects Juniper Networks Paragon Active Assurance Control Center All versions prior to 2.35.6; 2.36 versions prior to 2.36.2.",HIGH,7.4,CWE-284,2021
CVE-2021-0233,"A vulnerability in Juniper Networks Junos OS ACX500 Series, ACX4000 Series, may allow an attacker to cause a Denial of Service (DoS) by sending a high rate of specific packets to the device, resulting in a Forwarding Engine Board (FFEB) crash. Continued receipt of these packets will sustain the Denial of Service (DoS) condition. This issue affects Juniper Networks Junos OS on ACX500 Series, ACX4000 Series: 17.4 versions prior to 17.4R3-S2.",HIGH,7.5,CWE-400,2021
CVE-2021-0234,"Due to an improper Initialization vulnerability on Juniper Networks Junos OS QFX5100-96S devices with QFX 5e Series image installed, ddos-protection configuration changes will not take effect beyond the default DDoS (Distributed Denial of Service) settings when configured from the CLI. The DDoS protection (jddosd) daemon allows the device to continue to function while protecting the packet forwarding engine (PFE) during the DDoS attack. When this issue occurs, the default DDoS settings within the PFE apply, as CPU bound packets will be throttled and dropped in the PFE when the limits are exceeded. To check if the device has this issue, the administrator can execute the following command to monitor the status of DDoS protection: user@device> show ddos-protection protocols error: the ddos-protection subsystem is not running This issue affects only QFX5100-96S devices. No other products or platforms are affected by this issue. This issue affects: Juniper Networks Junos OS on QFX5100-96S: 17.3 versions prior to 17.3R3-S10; 17.4 versions prior to 17.4R3-S4; 18.1 versions prior to 18.1R3-S10; 18.2 versions prior to 18.2R3-S3; 18.3 versions prior to 18.3R3-S2; 18.4 versions prior to 18.4R2-S4, 18.4R3-S1; 19.1 versions prior to 19.1R3, 19.1R3-S4; 19.2 versions prior to 19.2R2; 19.3 versions prior to 19.3R3; 19.4 versions prior to 19.4R2;",MEDIUM,5.8,CWE-665,2021
CVE-2021-0235,"On SRX1500, SRX4100, SRX4200, SRX4600, SRX5000 Series with SPC2/SPC3, vSRX Series devices using tenant services on Juniper Networks Junos OS, due to incorrect permission scheme assigned to tenant system administrators, a tenant system administrator may inadvertently send their network traffic to one or more tenants while concurrently modifying the overall device system traffic management, affecting all tenants and the service provider. Further, a tenant may inadvertently receive traffic from another tenant. This issue affects: Juniper Networks Junos OS 18.3 version 18.3R1 and later versions on SRX1500, SRX4100, SRX4200, SRX4600, SRX5000 Series with SPC2; 18.4 version 18.4R1 and later versions on SRX1500, SRX4100, SRX4200, SRX4600, SRX5000 Series with SPC2/SPC3; 19.1 versions 19.1R1 and later versions on SRX1500, SRX4100, SRX4200, SRX4600, SRX5000 Series with SPC2/SPC3; 19.2 versions prior to 19.2R1-S6, 19.2R3-S2 on SRX1500, SRX4100, SRX4200, SRX4600, SRX5000 Series with SPC2/SPC3; 19.3 versions prior to 19.3R3-S2 on SRX1500, SRX4100, SRX4200, SRX4600, SRX5000 Series with SPC2/SPC3; 19.4 versions prior to 19.4R2-S4, 19.4R3-S2 on SRX1500, SRX4100, SRX4200, SRX4600, SRX5000 Series with SPC2/SPC3; 20.1 versions prior to 20.1R2, 20.1R3 on SRX1500, SRX4100, SRX4200, SRX4600, SRX5000 Series with SPC2/SPC3 vSRX Series; 20.2 versions prior to 20.2R2-S1, 20.2R3 on SRX1500, SRX4100, SRX4200, SRX4600, SRX5000 Series with SPC2/SPC3 vSRX Series; 20.3 versions prior to 20.3R1-S2, 20.3R2 on SRX1500, SRX4100, SRX4200, SRX4600, SRX5000 Series with SPC2/SPC3 vSRX Series; 20.4 versions prior to 20.4R1, 20.4R2 on SRX1500, SRX4100, SRX4200, SRX4600, SRX5000 Series with SPC2/SPC3 vSRX Series. This issue does not affect Juniper Networks Junos OS versions prior to 18.3R1.",HIGH,7.3,CWE-276,2021
CVE-2021-0236,"Due to an improper check for unusual or exceptional conditions in Juniper Networks Junos OS and Junos OS Evolved the Routing Protocol Daemon (RPD) service, upon receipt of a specific matching BGP packet meeting a specific term in the flowspec configuration, crashes and restarts causing a Denial of Service (DoS). Continued receipt and processing of this packet will create a sustained Denial of Service (DoS) condition. This issue affects only Multiprotocol BGP (MP-BGP) VPNv6 FlowSpec deployments. This issue affects: Juniper Networks Junos OS: 18.4 versions prior to 18.4R1-S8, 18.4R2-S7, 18.4R3-S7; 19.1 versions prior to 19.1R2-S2, 19.1R3-S4; 19.2 versions prior to 19.2R1-S6, 19.2R3-S2; 19.3 versions prior to 19.3R3-S2; 19.4 versions prior to 19.4R2-S4, 19.4R3-S1; 20.1 versions prior to 20.1R2, 20.1R3; 20.2 versions prior to 20.2R2, 20.2R3; 20.3 versions prior to 20.3R1-S1, 20.3R2. Juniper Networks Junos OS Evolved: All versions after 18.4R1-EVO prior to 20.3R2-EVO. This issue does not affect: Juniper Networks Junos OS versions prior to 18.4R1. Juniper Networks Junos OS Evolved versions prior to 18.4R1-EVO.",MEDIUM,6.5,CWE-754,2021
CVE-2021-0237,"On Juniper Networks EX4300-MP Series, EX4600 Series, EX4650 Series, QFX5K Series deployed as a Virtual Chassis with a specific Layer 2 circuit configuration, Packet Forwarding Engine manager (FXPC) process may crash and restart upon receipt of specific layer 2 frames. Continued receipt and processing of this packet will create a sustained Denial of Service (DoS) condition. This issue affects: Juniper Networks Junos OS on EX4300-MP Series, EX4600 Series, EX4650 Series, QFX5K Series 15.1 versions prior to 15.1R7-S9; 17.3 versions prior to 17.3R3-S11; 17.4 versions prior to 17.4R2-S13, 17.4R3-S4, 17.4R3-S5; 18.2 versions prior to 18.2R3-S8; 18.3 versions prior to 18.3R3-S4; 18.4 versions prior to 18.4R2-S7, 18.4R3-S6; 19.1 versions prior to 19.1R3-S4; 19.2 versions prior to 19.2R1-S6, 19.2R3-S1; 19.3 versions prior to 19.3R3-S1; 19.4 versions prior to 19.4R2-S4, 19.4R3-S1; 20.1 versions prior to 20.1R2; 20.2 versions prior to 20.2R2, 20.2R3; 20.3 versions prior to 20.3R1-S2, 20.3R2;",MEDIUM,6.5,NVD-CWE-noinfo,2021
CVE-2021-0238,"When a MX Series is configured as a Broadband Network Gateway (BNG) based on Layer 2 Tunneling Protocol (L2TP), executing certain CLI command may cause the system to run out of disk space, excessive disk usage may cause other complications. An administrator can use the following CLI command to monitor the available disk space: user@device> show system storage Filesystem Size Used Avail Capacity Mounted on /dev/gpt/junos 19G 18G 147M 99% /.mount <<<<< running out of space tmpfs 21G 16K 21G 0% /.mount/tmp tmpfs 5.3G 1.7M 5.3G 0% /.mount/mfs This issue affects Juniper Networks Junos OS on MX Series: 17.3R1 and later versions prior to 17.4R3-S5, 18.1 versions prior to 18.1R3-S13, 18.2 versions prior to 18.2R3-S7; 18.3 versions prior to 18.3R3-S4; 18.4 versions prior to 18.4R3-S7; 19.1 versions prior to 19.1R3-S4; 19.2 versions prior to 19.2R1-S6, 19.2R3-S2; 19.3 versions prior to 19.3R3-S2; 19.4 versions prior to 19.4R2-S4, 19.4R3-S2; 20.1 versions prior to 20.1R3; 20.2 versions prior to 20.2R2-S3, 20.2R3; 20.3 versions prior to 20.3R2; 20.4 versions prior to 20.4R1-S1, 20.4R2; This issue does not affect Juniper Networks Junos OS versions prior to 17.3R1.",MEDIUM,5.5,CWE-400,2021
CVE-2021-0239,"In Juniper Networks Junos OS Evolved, receipt of a stream of specific genuine Layer 2 frames may cause the Advanced Forwarding Toolkit (AFT) manager process (Evo-aftmand), responsible for handling Route, Class-of-Service (CoS), Firewall operations within the packet forwarding engine (PFE) to crash and restart, leading to a Denial of Service (DoS) condition. By continuously sending this specific stream of genuine Layer 2 frames, an attacker can repeatedly crash the PFE, causing a sustained Denial of Service (DoS). This issue affects Juniper Networks Junos OS Evolved: All versions prior to 20.4R1-EVO. This issue does not affect Junos OS versions.",MEDIUM,6.5,CWE-754,2021
CVE-2021-0240,"On Juniper Networks Junos OS platforms configured as DHCPv6 local server or DHCPv6 Relay Agent, the Juniper Networks Dynamic Host Configuration Protocol Daemon (JDHCPD) process might crash if a malformed DHCPv6 packet is received, resulting in a restart of the daemon. The daemon automatically restarts without intervention, but continued receipt and processing of this packet will create a sustained Denial of Service (DoS) condition. This issue only affects DHCPv6. DHCPv4 is not affected by this issue. This issue affects Juniper Networks Junos OS: 17.3 versions prior to 17.3R3-S12; 17.4 versions prior to 17.4R3-S5; 18.1 versions prior to 18.1R3-S13; 18.2 versions prior to 18.2R3-S8; 18.3 versions prior to 18.3R3-S5; 18.4 versions prior to 18.4R1-S8, 18.4R3-S7; 19.1 versions prior to 19.1R3-S5; 19.2 versions prior to 19.2R3-S2; 19.3 versions prior to 19.3R3-S2; 19.4 versions prior to 19.4R3-S2; 20.1 versions prior to 20.1R3; 20.2 versions prior to 20.2R2-S3, 20.2R3; 20.3 versions prior to 20.3R2; 20.4 versions prior to 20.4R2.",HIGH,7.4,CWE-703,2021
CVE-2021-0241,"On Juniper Networks Junos OS platforms configured as DHCPv6 local server or DHCPv6 Relay Agent, Juniper Networks Dynamic Host Configuration Protocol Daemon (JDHCPD) process might crash with a core dump if a specific DHCPv6 packet is received, resulting in a restart of the daemon. The daemon automatically restarts without intervention, but continued receipt and processing of these specific packets will repeatedly crash the JDHCPD process and sustain the Denial of Service (DoS) condition. This issue only affects DHCPv6. DHCPv4 is not affected by this issue. This issue affects: Juniper Networks Junos OS 17.3 versions prior to 17.3R3-S11; 17.4 versions prior to 17.4R3-S4; 18.1 versions prior to 18.1R3-S12; 18.2 versions prior to 18.2R3-S7; 18.3 versions prior to 18.3R3-S4; 18.4 versions prior to 18.4R3-S7; 19.1 versions prior to 19.1R3-S4; 19.2 versions prior to 19.2R3-S1; 19.3 versions prior to 19.3R3-S1, 19.3R3-S2; 19.4 versions prior to 19.4R3-S1; 20.1 versions prior to 20.1R2, 20.1R3; 20.2 versions prior to 20.2R2, 20.2R3; 20.3 versions prior to 20.3R1-S2, 20.3R2.",HIGH,7.4,CWE-703,2021
CVE-2021-0242,"A vulnerability due to the improper handling of direct memory access (DMA) buffers on EX4300 switches on Juniper Networks Junos OS allows an attacker sending specific unicast frames to trigger a Denial of Service (DoS) condition by exhausting DMA buffers, causing the FPC to crash and the device to restart. The DMA buffer leak is seen when receiving these specific, valid unicast frames on an interface without Layer 2 Protocol Tunneling (L2PT) or dot1x configured. Interfaces with either L2PT or dot1x configured are not vulnerable to this issue. When this issue occurs, DMA buffer usage keeps increasing and the following error log messages may be observed: Apr 14 14:29:34.360 /kernel: pid 64476 (pfex_junos), uid 0: exited on signal 11 (core dumped) Apr 14 14:29:33.790 init: pfe-manager (PID 64476) terminated by signal number 11. Core dumped! The DMA buffers on the FPC can be monitored by the executing vty command 'show heap': ID Base Total(b) Free(b) Used(b) % Name -- ---------- ----------- ----------- ----------- --- ----------- 0 4a46000 268435456 238230496 30204960 11 Kernel 1 18a46000 67108864 17618536 49490328 73 Bcm_sdk 2 23737000 117440512 18414552 99025960 84 DMA buf <<<<< keeps increasing 3 2a737000 16777216 16777216 0 0 DMA desc This issue affects Juniper Networks Junos OS on the EX4300: 17.3 versions prior to 17.3R3-S11; 17.4 versions prior to 17.4R2-S13, 17.4R3-S4; 18.1 versions prior to 18.1R3-S12; 18.2 versions prior to 18.2R2-S8, 18.2R3-S7; 18.3 versions prior to 18.3R3-S4; 18.4 versions prior to 18.4R1-S8, 18.4R2-S7, 18.4R3-S7; 19.1 versions prior to 19.1R1-S6, 19.1R2-S2, 19.1R3-S4; 19.2 versions prior to 19.2R1-S6, 19.2R3-S2; 19.3 versions prior to 19.3R3-S2; 19.4 versions prior to 19.4R2-S3, 19.4R3-S1; 20.1 versions prior to 20.1R2; 20.2 versions prior to 20.2R2-S1, 20.2R3; 20.3 versions prior to 20.3R1-S1, 20.3R2.",MEDIUM,6.5,CWE-119,2021
CVE-2021-0243,"Improper Handling of Unexpected Data in the firewall policer of Juniper Networks Junos OS on EX4300 switches allows matching traffic to exceed set policer limits, possibly leading to a limited Denial of Service (DoS) condition. When the firewall policer discard action fails on a Layer 2 port, it will allow traffic to pass even though it exceeds set policer limits. Traffic will not get discarded, and will be forwarded even though a policer discard action is configured. When the issue occurs, traffic is not discarded as desired, which can be observed by comparing the Input bytes with the Output bytes using the following command: user@junos> monitor interface traffic Interface Link Input bytes (bps) Output bytes (bps) ge-0/0/0 Up 37425422 (82616) 37425354 (82616) <<<< egress ge-0/0/1 Up 37425898 (82616) 37425354 (82616) <<<< ingress The expected output, with input and output counters differing, is shown below: Interface Link Input bytes (bps) Output bytes (bps) ge-0/0/0 Up 342420570 (54600) 342422760 (54600) <<<< egress ge-0/0/1 Up 517672120 (84000) 342420570 (54600) <<<< ingress This issue only affects IPv4 policing. IPv6 traffic and firewall policing actions are not affected by this issue. This issue affects Juniper Networks Junos OS on the EX4300: All versions prior to 17.3R3-S10; 17.4 versions prior to 17.4R3-S3; 18.1 versions prior to 18.1R3-S11; 18.2 versions prior to 18.2R3-S6; 18.3 versions prior to 18.3R3-S4; 18.4 versions prior to 18.4R3-S6; 19.1 versions prior to 19.1R3-S3; 19.2 versions prior to 19.2R3-S1; 19.3 versions prior to 19.3R3-S1; 19.4 versions prior to 19.4R3; 20.1 versions prior to 20.1R2; 20.2 versions prior to 20.2R2.",MEDIUM,4.7,CWE-241,2021
CVE-2021-0244,"A signal handler race condition exists in the Layer 2 Address Learning Daemon (L2ALD) of Juniper Networks Junos OS due to the absence of a specific protection mechanism to avoid a race condition which may allow an attacker to bypass the storm-control feature on devices. This issue is a corner case and only occurs during specific actions taken by an administrator of a device under certain specifics actions which triggers the event. The event occurs less frequently on devices which are not configured with Virtual Chassis configurations, and more frequently on devices configured in Virtual Chassis configurations. This issue is not specific to any particular Junos OS platform. An Indicator of Compromise (IoC) may be seen by reviewing log files for the following error message seen by executing the following show statement: show log messages | grep storm Result to look for: /kernel: GENCFG: op 58 (Storm Control Blob) failed; err 1 (Unknown) This issue affects: Juniper Networks Junos OS: 14.1X53 versions prior to 14.1X53-D49 on EX Series; 15.1 versions prior to 15.1R7-S6; 15.1X49 versions prior to 15.1X49-D191, 15.1X49-D200 on SRX Series; 16.1 versions prior to 16.1R7-S7; 16.2 versions prior to 16.2R2-S11, 16.2R3; 17.1 versions prior to 17.1R2-S11, 17.1R3; 17.2 versions prior to 17.2R2-S8, 17.2R3-S3; 17.3 versions prior to 17.3R2-S5, 17.3R3-S7; 17.4 versions prior to 17.4R2-S9, 17.4R3; 18.1 versions prior to 18.1R3-S5; 18.2 versions prior to 18.2R2-S6, 18.2R3; 18.3 versions prior to 18.3R1-S7, 18.3R2-S3, 18.3R3; 18.4 versions prior to 18.4R1-S5, 18.4R2; 19.1 versions prior to 19.1R1-S4, 19.1R2.",HIGH,7.4,CWE-362,2021
CVE-2021-0245,"A Use of Hard-coded Credentials vulnerability in Juniper Networks Junos OS on Junos Fusion satellite devices allows an attacker who is local to the device to elevate their privileges and take control of the device. This issue affects: Juniper Networks Junos OS Junos Fusion Satellite Devices. 16.1 versions prior to 16.1R7-S7; 17.1 versions prior to 17.1R2-S12, 17.1R3-S2; 17.2 versions prior to 17.2R3-S4; 17.3 versions prior to 17.3R3-S8; 17.4 versions prior to 17.4R2-S10; 17.4 version 17.4R3 and later versions; 18.1 versions prior to 18.1R3-S10; 18.2 versions prior to 18.2R2-S7, 18.2R3-S3; 18.3 versions prior to 18.3R1-S7, 18.3R2-S4, 18.3R3-S2; 18.4 versions prior to 18.4R1-S6, 18.4R2-S4, 18.4R3-S1; 19.1 versions prior to 19.1R1-S5, 19.1R2-S1, 19.1R3; 19.2 versions prior to 19.2R1-S4, 19.2R2; 19.3 versions prior to 19.3R2-S5, 19.3R3; 19.4 versions prior to 19.4R1-S1, 19.4R2; 20.1 versions prior to 20.1R1-S1, 20.1R2. This issue does not affected Junos OS releases prior to 16.1R1 or all 19.2R3 and 19.4R3 release versions.",HIGH,7.8,CWE-798,2021
CVE-2021-0246,"On SRX1500, SRX4100, SRX4200, SRX4600, SRX5000 Series with SPC2/SPC3, devices using tenant services on Juniper Networks Junos OS, due to incorrect default permissions assigned to tenant system administrators a tenant system administrator may inadvertently send their network traffic to one or more tenants while concurrently modifying the overall device system traffic management, affecting all tenants and the service provider. Further, a tenant may inadvertently receive traffic from another tenant. This issue affects: Juniper Networks Junos OS 18.3 version 18.3R1 and later versions on SRX1500, SRX4100, SRX4200, SRX4600, SRX5000 Series with SPC2; 18.3 versions prior to 18.3R3 on SRX1500, SRX4100, SRX4200, SRX4600, SRX5000 Series with SPC2; 18.4 versions prior to 18.4R2 on SRX1500, SRX4100, SRX4200, SRX4600, SRX5000 Series with SPC2/SPC3; 19.1 versions prior to 19.1R2 on SRX1500, SRX4100, SRX4200, SRX4600, SRX5000 Series with SPC2/SPC3. This issue does not affect: Juniper Networks Junos OS versions prior to 18.3R1.",HIGH,7.3,CWE-276,2021
CVE-2021-0247,"A Race Condition (Concurrent Execution using Shared Resource with Improper Synchronization) vulnerability in the firewall process (dfwd) of Juniper Networks Junos OS allows an attacker to bypass the firewall rule sets applied to the input loopback filter on any interfaces of a device. This issue is detectable by reviewing the PFE firewall rules, as well as the firewall counters and seeing if they are incrementing or not. For example: show firewall Filter: __default_bpdu_filter__ Filter: FILTER-INET-01 Counters: Name Bytes Packets output-match-inet 0 0 <<<<<< missing firewall packet count This issue affects: Juniper Networks Junos OS 14.1X53 versions prior to 14.1X53-D53 on QFX Series; 14.1 versions 14.1R1 and later versions prior to 15.1 versions prior to 15.1R7-S6 on QFX Series, PTX Series; 15.1X53 versions prior to 15.1X53-D593 on QFX Series; 16.1 versions prior to 16.1R7-S7 on QFX Series, PTX Series; 16.2 versions prior to 16.2R2-S11, 16.2R3 on QFX Series, PTX Series; 17.1 versions prior to 17.1R2-S11, 17.1R3-S2 on QFX Series, PTX Series; 17.2 versions prior to 17.2R1-S9, 17.2R3-S3 on QFX Series, PTX Series; 17.3 versions prior to 17.3R2-S5, 17.3R3-S7 on QFX Series, PTX Series; 17.4 versions prior to 17.4R2-S9, 17.4R3 on QFX Series, PTX Series; 18.1 versions prior to 18.1R3-S9 on QFX Series, PTX Series; 18.2 versions prior to 18.2R2-S6, 18.2R3-S3 on QFX Series, PTX Series; 18.3 versions prior to 18.3R1-S7, 18.3R2-S3, 18.3R3-S1 on QFX Series, PTX Series; 18.4 versions prior to 18.4R1-S5, 18.4R2-S3, 18.4R2-S7, 18.4R3 on QFX Series, PTX Series; 19.1 versions prior to 19.1R1-S4, 19.1R2-S1, 19.1R3 on QFX Series, PTX Series; 19.2 versions prior to 19.2R1-S3, 19.2R2 on QFX Series, PTX Series.",MEDIUM,5.1,CWE-362,2021
CVE-2021-0248,This issue is not applicable to NFX NextGen Software. On NFX Series devices the use of Hard-coded Credentials in Juniper Networks Junos OS allows an attacker to take over any instance of an NFX deployment. This issue is only exploitable through administrative interfaces. This issue affects: Juniper Networks Junos OS versions prior to 19.1R1 on NFX Series. No other platforms besides NFX Series devices are affected.,CRITICAL,10.0,CWE-798,2021
CVE-2021-0249,"On SRX Series devices configured with UTM services a buffer overflow vulnerability in the Packet Forwarding Engine (PFE) of Juniper Networks Junos OS may allow an attacker to arbitrarily execute code or commands on the target to take over or otherwise impact the device by sending crafted packets to or through the device. This issue affects: Juniper Networks Junos OS on SRX Series: 15.1X49 versions prior to 15.1X49-D190; 17.4 versions prior to 17.4R2-S9; 17.4R3 and later versions prior to 18.1R3-S9; 18.2 versions prior to 18.2R3-S1; 18.3 versions prior to 18.3R2-S3, 18.3R3; 18.4 versions prior to 18.4R2-S3, 18.4R3; 19.1 versions prior to 19.1R1-S4, 19.1R2; 19.2 versions prior to 19.2R1-S1, 19.2R2. An indicator of compromise can be the following text in the UTM log: RT_UTM: AV_FILE_NOT_SCANNED_PASSED_MT:",HIGH,8.1,CWE-120,2021
CVE-2021-0250,"In segment routing traffic engineering (SRTE) environments where the BGP Monitoring Protocol (BMP) feature is enable, a vulnerability in the Routing Protocol Daemon (RPD) process of Juniper Networks Junos OS allows an attacker to send a specific crafted BGP update message causing the RPD service to core, creating a Denial of Service (DoS) Condition. Continued receipt and processing of this update message will create a sustained Denial of Service (DoS) condition. This issue affects IPv4 and IPv6 environments. This issue affects: Juniper Networks Junos OS 17.4 versions 17.4R1 and above prior to 17.4R2-S6, 17.4R3; 18.1 versions prior to 18.1R3-S7; 18.2 versions prior to 18.2R2-S6, 18.2R3-S3; 18.3 versions prior to 18.3R1-S7, 18.3R2-S3, 18.3R3; 18.4 versions prior to 18.4R1-S5, 18.4R2-S3, 18.4R3; 19.1 versions prior to 19.1R1-S4, 19.1R2; 19.2 versions prior to 19.2R1-S3, 19.2R2, This issue does not affect Junos OS releases prior to 17.4R1. This issue affects: Juniper Networks Junos OS Evolved 19.2-EVO versions prior to 19.2R2-EVO.",HIGH,7.5,NVD-CWE-noinfo,2021
CVE-2021-0251,"A NULL Pointer Dereference vulnerability in the Captive Portal Content Delivery (CPCD) services daemon (cpcd) of Juniper Networks Junos OS on MX Series with MS-PIC, MS-SPC3, MS-MIC or MS-MPC allows an attacker to send malformed HTTP packets to the device thereby causing a Denial of Service (DoS), crashing the Multiservices PIC Management Daemon (mspmand) process thereby denying users the ability to login, while concurrently impacting other mspmand services and traffic through the device. Continued receipt and processing of these malformed packets will create a sustained Denial of Service (DoS) condition. While the Services PIC is restarting, all PIC services will be bypassed until the Services PIC completes its boot process. An attacker sending these malformed HTTP packets to the device who is not part of the Captive Portal experience is not able to exploit this issue. This issue is not applicable to MX RE-based CPCD platforms. This issue affects: Juniper Networks Junos OS on MX Series 17.3 version 17.3R1 and later versions prior to 17.4 versions 17.4R2-S9, 17.4R3-S2; 18.1 versions prior to 18.1R3-S9; 18.2 versions prior to 18.2R3-S3; 18.3 versions prior to 18.3R3-S1; 18.4 versions prior to 18.4R3; 19.1 versions prior to 19.1R2-S2, 19.1R3; 19.2 versions prior to 19.2R2; 19.3 versions prior to 19.3R3. This issue does not affect: Juniper Networks Junos OS versions prior to 17.3R1.",HIGH,8.6,CWE-476,2021
CVE-2021-0252,"NFX Series devices using Juniper Networks Junos OS are susceptible to a local code execution vulnerability thereby allowing an attacker to elevate their privileges via the Junos Device Management Daemon (JDMD) process. This issue affects Juniper Networks Junos OS on NFX Series: 18.1 version 18.1R1 and later versions prior to 18.2R3-S5; 18.3 versions prior to 18.3R2-S4, 18.3R3-S3; 18.4 versions prior to 18.4R2-S5, 18.4R3-S4; 19.1 versions prior to 19.1R1-S3, 19.1R2; 19.2 versions prior to 19.2R1-S5, 19.2R2. This issue does not affect: Juniper Networks Junos OS versions prior to 18.1R1. This issue does not affect the JDMD as used by Junos Node Slicing such as External Servers use in conjunction with Junos Node Slicing and In-Chassis Junos Node Slicing on MX480, MX960, MX2008, MX2010, MX2020.",HIGH,7.8,CWE-77,2021
CVE-2021-0253,"NFX Series devices using Juniper Networks Junos OS are susceptible to a local command execution vulnerability thereby allowing an attacker to elevate their privileges via the Junos Device Management Daemon (JDMD) process. This issue affects Juniper Networks Junos OS on NFX Series 17.2 version 17.2R1 and later versions prior to 18.3R3-S4; 18.4 versions prior to 18.4R2-S5, 18.4R3-S5; 19.1 versions prior to 19.1R1-S3; 19.2 version 19.1R2 and later versions prior to 19.2R3; 19.3 versions prior to 19.3R3; 19.4 versions prior to 19.4R2-S2. 19.4 versions 19.4R3 and above. This issue does not affect Juniper Networks Junos OS versions prior to 17.2R1. This issue does not affect the JDMD as used by Junos Node Slicing such as External Servers use in conjunction with Junos Node Slicing and In-Chassis Junos Node Slicing on MX480, MX960, MX2008, MX2010, MX2020.",HIGH,7.8,CWE-77,2021
CVE-2021-0254,"A buffer size validation vulnerability in the overlayd service of Juniper Networks Junos OS may allow an unauthenticated remote attacker to send specially crafted packets to the device, triggering a partial Denial of Service (DoS) condition, or leading to remote code execution (RCE). Continued receipt and processing of these packets will sustain the partial DoS. The overlayd daemon handles Overlay OAM packets, such as ping and traceroute, sent to the overlay. The service runs as root by default and listens for UDP connections on port 4789. This issue results from improper buffer size validation, which can lead to a buffer overflow. Unauthenticated attackers can send specially crafted packets to trigger this vulnerability, resulting in possible remote code execution. overlayd runs by default in MX Series, ACX Series, and QFX Series platforms. The SRX Series does not support VXLAN and is therefore not vulnerable to this issue. Other platforms are also vulnerable if a Virtual Extensible LAN (VXLAN) overlay network is configured. This issue affects Juniper Networks Junos OS: 15.1 versions prior to 15.1R7-S9; 17.3 versions prior to 17.3R3-S11; 17.4 versions prior to 17.4R2-S13, 17.4R3-S4; 18.1 versions prior to 18.1R3-S12; 18.2 versions prior to 18.2R2-S8, 18.2R3-S7; 18.3 versions prior to 18.3R3-S4; 18.4 versions prior to 18.4R1-S8, 18.4R2-S7, 18.4R3-S7; 19.1 versions prior to 19.1R2-S2, 19.1R3-S4; 19.2 versions prior to 19.2R1-S6, 19.2R3-S2; 19.3 versions prior to 19.3R3-S1; 19.4 versions prior to 19.4R2-S4, 19.4R3-S1; 20.1 versions prior to 20.1R2-S1, 20.1R3; 20.2 versions prior to 20.2R2, 20.2R2-S1, 20.2R3; 20.3 versions prior to 20.3R1-S1.",CRITICAL,9.8,CWE-131,2021
CVE-2021-0255,"A local privilege escalation vulnerability in ethtraceroute of Juniper Networks Junos OS may allow a locally authenticated user with shell access to escalate privileges and write to the local filesystem as root. ethtraceroute is shipped with setuid permissions enabled and is owned by the root user, allowing local users to run ethtraceroute with root privileges. This issue affects Juniper Networks Junos OS: 15.1X49 versions prior to 15.1X49-D240; 17.3 versions prior to 17.3R3-S11, 17.4 versions prior to 17.4R3-S4; 18.1 versions prior to 18.1R3-S12; 18.2 versions prior to 18.2R3-S7; 18.3 versions prior to 18.3R3-S4; 18.4 versions prior to 18.4R2-S7; 19.1 versions prior to 19.1R1-S6, 19.1R2-S2, 19.1R3-S4; 19.3 versions prior to 19.3R3-S2; 19.4 versions prior to 19.4R3-S1; 20.1 versions prior to 20.1R2, 20.1R3; 20.2 versions prior to 20.2R2-S1, 20.2R3; 20.3 versions prior to 20.3R1-S1.",MEDIUM,5.5,CWE-250,2021
CVE-2021-0256,"A sensitive information disclosure vulnerability in the mosquitto message broker of Juniper Networks Junos OS may allow a locally authenticated user with shell access the ability to read portions of sensitive files, such as the master.passwd file. Since mosquitto is shipped with setuid permissions enabled and is owned by the root user, this vulnerability may allow a local privileged user the ability to run mosquitto with root privileges and access sensitive information stored on the local filesystem. This issue affects Juniper Networks Junos OS: 17.3 versions prior to 17.3R3-S12, 17.4 versions prior to 17.4R3-S4; 18.1 versions prior to 18.1R3-S12; 18.3 versions prior to 18.3R3-S4; 19.1 versions prior to 19.1R3-S4; 19.3 versions prior to 19.3R3-S1, 19.3R3-S2; 19.4 versions prior to 19.4R2-S3; 20.1 versions prior to 20.1R2; 20.2 versions prior to 20.2R1-S3, 20.2R2, 20.2R3.",MEDIUM,5.5,CWE-250,2021
CVE-2021-0257,"On Juniper Networks MX Series and EX9200 Series platforms with Trio-based MPCs (Modular Port Concentrators) where Integrated Routing and Bridging (IRB) interfaces are configured and mapped to a VPLS instance or a Bridge-Domain, certain Layer 2 network events at Customer Edge (CE) devices may cause memory leaks in the MPC of Provider Edge (PE) devices which can cause an out of memory condition and MPC restart. When this issue occurs, there will be temporary traffic interruption until the MPC is restored. An administrator can use the following CLI command to monitor the status of memory usage level of the MPC: user@device> show system resource-monitor fpc FPC Resource Usage Summary Free Heap Mem Watermark : 20 % Free NH Mem Watermark : 20 % Free Filter Mem Watermark : 20 % * - Watermark reached Slot # % Heap Free RTT Average RTT 1 87 PFE # % ENCAP mem Free % NH mem Free % FW mem Free 0 NA 88 99 1 NA 89 99 When the issue is occurring, the value of “% NH mem Free” will go down until the MPC restarts. This issue affects MX Series and EX9200 Series with Trio-based PFEs (Packet Forwarding Engines), including MX-MPC1-3D, MX-MPC1E-3D, MX-MPC2-3D, MX-MPC2E-3D, MPC-3D-16XGE, and CHAS-MXxx Series MPCs. No other products or platforms are affected by this issue. This issue affects Juniper Networks Junos OS on MX Series, EX9200 Series: 17.3 versions prior to 17.3R3-S10; 17.4 versions prior to 17.4R3-S3; 18.2 versions prior to 18.2R3-S7; 18.3 versions prior to 18.3R3-S4; 18.4 versions prior to 18.4R3-S6; 19.2 versions prior to 19.2R3-S2; 19.3 versions prior to 19.3R3-S1; 19.4 versions prior to 19.4R2-S2, 19.4R3; 20.2 versions prior to 20.2R1-S3, 20.2R2; 20.3 versions prior to 20.3R1-S1,, 20.3R2. This issue does not affect Juniper Networks Junos OS: 17.3 versions prior to 17.3R3-S8; 17.4 versions prior to 17.4R3-S2; 18.1; 18.2 versions prior to 18.2R3-S4; 18.3 versions prior to 18.3R3-S2; 18.4 versions prior to 18.4R3-S1; 19.1; 19.2 versions prior to 19.2R2; 19.3 versions prior to 19.3R3; 19.4 versions prior to 19.4R2.",MEDIUM,6.5,CWE-400,2021
CVE-2021-0258,"A vulnerability in the forwarding of transit TCPv6 packets received on the Ethernet management interface of Juniper Networks Junos OS allows an attacker to trigger a kernel panic, leading to a Denial of Service (DoS). Continued receipt and processing of these transit packets will create a sustained Denial of Service (DoS) condition. This issue only occurs when TCPv6 packets are routed through the management interface. Other transit traffic, and traffic destined to the management interface, are unaffected by this vulnerability. This issue was introduced as part of a TCP Parallelization feature added in Junos OS 17.2, and affects systems with concurrent network stack enabled. This feature is enabled by default, but can be disabled (see WORKAROUND section below). This issue affects Juniper Networks Junos OS: 17.2 versions prior to 17.2R3-S4; 17.3 versions prior to 17.3R3-S9; 17.4 versions prior to 17.4R2-S11, 17.4R3-S2; 18.1 versions prior to 18.1R3-S11; 18.2 versions prior to 18.2R3-S5; 18.3 versions prior to 18.3R2-S4, 18.3R3-S3; 18.4 versions prior to 18.4R2-S5, 18.4R3-S4; 19.1 versions prior to 19.1R2-S2, 19.1R3; 19.2 versions prior to 19.2R1-S5, 19.2R2; 19.3 versions prior to 19.3R2-S4, 19.3R3; 19.4 versions prior to 19.4R1-S3, 19.4R2. This issue does not affect Juniper Networks Junos OS versions prior to 17.2R1.",MEDIUM,5.9,CWE-362,2021
CVE-2021-0259,"Due to a vulnerability in DDoS protection in Juniper Networks Junos OS and Junos OS Evolved on QFX5K Series switches in a VXLAN configuration, instability might be experienced in the underlay network as a consequence of exceeding the default ddos-protection aggregate threshold. If an attacker on a client device on the overlay network sends a high volume of specific, legitimate traffic in the overlay network, due to an improperly detected DDoS violation, the leaf might not process certain L2 traffic, sent by spines in the underlay network. Continued receipt and processing of the high volume traffic will sustain the Denial of Service (DoS) condition. This issue affects: Juniper Networks Junos OS on QFX5K Series: 17.3 versions prior to 17.3R3-S11; 17.4 versions prior to 17.4R3-S5; 18.1 versions prior to 18.1R3-S13; 18.2 versions prior to 18.2R2-S8, 18.2R3-S8; 18.3 versions prior to 18.3R3-S5; 18.4 versions prior to 18.4R1-S8, 18.4R2-S6, 18.4R3-S6; 19.1 versions prior to 19.1R3-S4; 19.2 versions prior to 19.2R1-S6, 19.2R3-S2; 19.3 versions prior to 19.3R3-S2; 19.4 versions prior to 19.4R2-S4, 19.4R3-S1; 20.1 versions prior to 20.1R2; 20.2 versions prior to 20.2R2; 20.3 versions prior to 20.3R1-S2, 20.3R2. Juniper Networks Junos OS Evolved on QFX5220: All versions prior to 20.3R2-EVO.",HIGH,7.4,CWE-755,2021
CVE-2021-0260,"An improper authorization vulnerability in the Simple Network Management Protocol daemon (snmpd) service of Juniper Networks Junos OS leads an unauthenticated attacker being able to perform SNMP read actions, an Exposure of System Data to an Unauthorized Control Sphere, or write actions to OIDs that support write operations, against the device without authentication. This issue affects: Juniper Networks Junos OS: 17.2 version 17.2R1 and later versions; 17.3 versions prior to 17.3R3-S9; 17.4 versions prior to 17.4R2-S12, 17.4R3-S5; 18.1 versions prior to 18.1R3-S13; 18.2 versions prior to 18.2R3-S8; 18.3 versions prior to 18.3R3-S5; 18.4 versions prior to 18.4R1-S8, 18.4R2-S5, 18.4R3; 19.1 versions prior to 19.1R2; 19.2 versions prior to 19.2R1-S6, 19.2R2; 19.3 versions prior to 19.3R2. This issue does not affect Juniper Networks Junos OS versions prior to 17.2R1.",HIGH,7.3,CWE-285,2021
CVE-2021-0261,"A vulnerability in the HTTP/HTTPS service used by J-Web, Web Authentication, Dynamic-VPN (DVPN), Firewall Authentication Pass-Through with Web-Redirect, and Captive Portal allows an unauthenticated attacker to cause an extended Denial of Service (DoS) for these services by sending a high number of specific requests. This issue affects: Juniper Networks Junos OS 12.3 versions prior to 12.3R12-S17 on EX Series; 12.3X48 versions prior to 12.3X48-D105 on SRX Series; 15.1 versions prior to 15.1R7-S8; 15.1X49 versions prior to 15.1X49-D230 on SRX Series; 16.1 versions prior to 16.1R7-S8; 17.4 versions prior to 17.4R2-S12, 17.4R3-S3; 18.1 versions prior to 18.1R3-S11; 18.2 versions prior to 18.2R3-S6; 18.3 versions prior to 18.3R2-S4, 18.3R3-S3; 18.4 versions prior to 18.4R2-S5, 18.4R3-S4; 19.1 versions prior to 19.1R2-S2, 19.1R3-S2; 19.2 versions prior to 19.2R1-S5, 19.2R3; 19.3 versions prior to 19.3R2-S4, 19.3R3; 19.4 versions prior to 19.4R1-S3, 19.4R2-S2, 19.4R3; 20.1 versions prior to 20.1R1-S3, 20.1R2; 20.2 versions prior to 20.2R1-S1, 20.2R2.",HIGH,7.5,CWE-125,2021
CVE-2021-0262,"Through routine static code analysis of the Juniper Networks Junos OS software codebase, the Secure Development Life Cycle team identified a Use After Free vulnerability in PFE packet processing on the QFX10002-60C switching platform. Exploitation of this vulnerability may allow a logically adjacent attacker to trigger a Denial of Service (DoS). Continued exploitation of this vulnerability will sustain the Denial of Service (DoS) condition. This issue only affects QFX10002-60C devices. No other product or platform is vulnerable to this issue. This issue affects Juniper Networks Junos OS on QFX10002-60C: 19.1 version 19.1R3-S1 and later versions; 19.1 versions prior to 19.1R3-S3; 19.2 version 19.2R2 and later versions; 19.2 versions prior to 19.2R3-S1; 20.2 versions prior to 20.2R1-S2. This issue does not affect Juniper Networks Junos OS: versions prior to 19.1R3; 19.2 versions prior to 19.2R2; any version of 19.3; version 20.2R2 and later releases.",MEDIUM,6.5,CWE-416,2021
CVE-2021-0263,"A Data Processing vulnerability in the Multi-Service process (multi-svcs) on the FPC of Juniper Networks Junos OS on the PTX Series routers may lead to the process becoming unresponsive, ultimately affecting traffic forwarding, allowing an attacker to cause a Denial of Service (DoS) condition . The Multi-Service Process running on the FPC is responsible for handling sampling-related operations when a J-Flow configuration is activated. This can occur during periods of heavy route churn, causing the Multi-Service Process to stop processing updates, without consuming any further updates from kernel. This back pressure towards the kernel affects further dynamic updates from other processes in the system, including RPD, causing a KRT-STUCK condition and traffic forwarding issues. An administrator can monitor the following command to check if there is the KRT queue is stuck: user@device > show krt state ... Number of async queue entries: 65007 <--- this value keep on increasing. The following logs/alarms will be observed when this condition exists: user@junos> show chassis alarms 2 alarms currently active Alarm time Class Description 2020-10-11 04:33:45 PDT Minor Potential slow peers are: MSP(FPC1-PIC0) MSP(FPC3-PIC0) MSP(FPC4-PIC0) Logs: Oct 11 04:33:44.672 2020 test /kernel: rts_peer_cp_recv_timeout : Bit set for msp8 as it is stuck Oct 11 04:35:56.000 2020 test-lab fpc4 user.err gldfpc-multi-svcs.elf: Error in parsing composite nexthop Oct 11 04:35:56.000 2020 test-lab fpc4 user.err gldfpc-multi-svcs.elf: composite nexthop parsing error Oct 11 04:43:05 2020 test /kernel: rt_pfe_veto: Possible slowest client is msp38. States processed - 65865741. States to be processed - 0 Oct 11 04:55:55 2020 test /kernel: rt_pfe_veto: Memory usage of M_RTNEXTHOP type = (0) Max size possible for M_RTNEXTHOP type = (8311787520) Current delayed unref = (60000), Current unique delayed unref = (10896), Max delayed unref on this platform = (40000) Current delayed weight unref = (71426) Max delayed weight unref on this platform= (400000) curproc = rpd Oct 11 04:56:00 2020 test /kernel: rt_pfe_veto: Too many delayed route/nexthop unrefs. Op 2 err 55, rtsm_id 5:-1, msg type 2 This issue only affects PTX Series devices. No other products or platforms are affected by this vulnerability. This issue affects Juniper Networks Junos OS on PTX Series: 18.2 versions prior to 18.2R3-S7; 18.3 versions prior to 18.3R3-S4; 18.4 versions prior to 18.4R2-S8, 18.4R3-S7; 19.1 versions prior to 19.1R3-S4; 19.2 versions prior to 19.2R3-S1; 19.3 versions prior to 19.3R3-S1; 19.4 versions prior to 19.4R2-S4, 19.4R3-S1; 20.1 versions prior to 20.1R2; 20.2 versions prior to 20.2R2; 20.3 versions prior to 20.3R1-S2, 20.3R2. This issue does not affect Juniper Networks Junos OS versions prior to 18.2R1.",MEDIUM,5.9,CWE-19,2021
CVE-2021-0264,"A vulnerability in the processing of traffic matching a firewall filter containing a syslog action in Juniper Networks Junos OS on MX Series with MPC10/MPC11 cards installed, PTX10003 and PTX10008 Series devices, will cause the line card to crash and restart, creating a Denial of Service (DoS). Continued receipt and processing of packets matching the firewall filter can create a sustained Denial of Service (DoS) condition. When traffic hits the firewall filter, configured on lo0 or any physical interface on the line card, containing a term with a syslog action (e.g. 'term <name> then syslog'), the affected line card will crash and restart, impacting traffic processing through the ports of the line card. This issue only affects MX Series routers with MPC10 or MPC11 line cards, and PTX10003 or PTX10008 Series packet transport routers. No other platforms or models of line cards are affected by this issue. Note: This issue has also been identified and described in technical service bulletin TSB17931 (login required). This issue affects: Juniper Networks Junos OS on MX Series: 19.3 versions prior to 19.3R3-S2; 19.4 versions prior to 19.4R3-S2; 20.1 versions prior to 20.1R3; 20.2 versions prior to 20.2R2-S2, 20.2R3; 20.3 versions prior to 20.3R3; 20.4 versions prior to 20.4R2. Juniper Networks Junos OS Evolved on PTX10003, PTX10008: All versions prior to 20.4R2-EVO. This issue does not affect Juniper Networks Junos OS versions prior to 19.3R1.",MEDIUM,5.9,CWE-703,2021
CVE-2021-0265,"An unvalidated REST API in the AppFormix Agent of Juniper Networks AppFormix allows an unauthenticated remote attacker to execute commands as root on the host running the AppFormix Agent, when certain preconditions are performed by the attacker, thus granting the attacker full control over the environment. This issue affects: Juniper Networks AppFormix 3 versions prior to 3.1.22, 3.2.14, 3.3.0.",HIGH,8.1,CWE-78,2021
CVE-2021-0266,The use of multiple hard-coded cryptographic keys in cSRX Series software in Juniper Networks Junos OS allows an attacker to take control of any instance of a cSRX deployment through device management services. This issue affects: Juniper Networks Junos OS on cSRX Series: All versions prior to 20.2R3; 20.3 versions prior to 20.3R2; 20.4 versions prior to 20.4R2.,HIGH,8.1,CWE-321,2021
CVE-2021-0267,"An Improper Input Validation vulnerability in the active-lease query portion in JDHCPD's DHCP Relay Agent of Juniper Networks Junos OS allows an attacker to cause a Denial of Service (DoS) by sending a crafted DHCP packet to the device thereby crashing the jdhcpd DHCP service. This is typically configured for Broadband Subscriber Sessions. Continued receipt and processing of this crafted packet will create a sustained Denial of Service (DoS) condition. This issue affects Juniper Networks Junos OS: 19.4 versions prior to 19.4R3-S1; 20.1 versions prior to 20.1R2-S1, 20.1R3; 20.2 versions prior to 20.2R3; 20.3 versions prior to 20.3R2. This issue does not affect Junos OS Evolved.",HIGH,7.4,CWE-20,2021
CVE-2021-0268,"An Improper Neutralization of CRLF Sequences in HTTP Headers ('HTTP Response Splitting') weakness in J-web of Juniper Networks Junos OS leads to buffer overflows, segment faults, or other impacts, which allows an attacker to modify the integrity of the device and exfiltration information from the device without authentication. The weakness can be exploited to facilitate cross-site scripting (XSS), cookie manipulation (modifying session cookies, stealing cookies) and more. This weakness can also be exploited by directing a user to a seemingly legitimate link from the affected site. The attacker requires no special access or permissions to the device to carry out such attacks. This issue affects: Juniper Networks Junos OS: 18.1 versions prior to 18.1R3-S11; 18.2 versions prior to 18.2R3-S5; 18.3 versions prior to 18.3R2-S4, 18.3R3-S3; 18.4 versions prior to 18.4R2-S5, 18.4R3-S3; 19.1 versions prior to 19.1R2-S2, 19.1R3-S2; 19.2 versions prior to 19.2R1-S5, 19.2R2; 19.3 versions prior to 19.3R3; 19.4 versions prior to 19.4R1-S3, 19.4R2, 19.4R3; 20.1 versions prior to 20.1R1-S2, 20.1R2. This issue does not affect Juniper Networks Junos OS versions prior to 18.1R1.",HIGH,8.8,CWE-79,2021
CVE-2021-0269,"The improper handling of client-side parameters in J-Web of Juniper Networks Junos OS allows an attacker to perform a number of different malicious actions against a target device when a user is authenticated to J-Web. An attacker may be able to supersede existing parameters, including hardcoded parameters within the HTTP/S session, access and exploit variables, bypass web application firewall rules or input validation mechanisms, and otherwise alter and modify J-Web's normal behavior. An attacker may be able to transition victims to malicious web services, or exfiltrate sensitive information from otherwise secure web forms. This issue affects: Juniper Networks Junos OS: All versions prior to 17.4R3-S3; 18.1 versions prior to 18.1R3-S12; 18.2 versions prior to 18.2R3-S6; 18.3 versions prior to 18.3R3-S4; 18.4 versions prior to 18.4R3-S6; 19.1 versions prior to 19.1R3-S4; 19.2 versions prior to 19.2R3-S1; 19.3 versions prior to 19.3R3-S1; 19.4 versions prior to 19.4R2-S2, 19.4R3; 20.1 versions prior to 20.1R2; 20.2 versions prior to 20.2R2.",HIGH,8.8,CWE-233,2021
CVE-2021-0270,"On PTX Series and QFX10k Series devices with the ""inline-jflow"" feature enabled, a use after free weakness in the Packet Forwarding Engine (PFE) microkernel architecture of Juniper Networks Junos OS may allow an attacker to cause a Denial of Service (DoS) condition whereby one or more Flexible PIC Concentrators (FPCs) may restart. As this is a race condition situation this issue become more likely to be hit when network instability occurs, such as but not limited to BGP/IGP reconvergences, and/or further likely to occur when more active ""traffic flows"" are occurring through the device. When this issue occurs, it will cause one or more FPCs to restart unexpectedly. During FPC restarts core files will be generated. While the core file is generated traffic will be disrupted. Sustained receipt of large traffic flows and reconvergence-like situations may sustain the Denial of Service (DoS) situation. This issue affects: Juniper Networks Junos OS: 18.1 version 18.1R2 and later versions prior to 18.1R3-S10 on PTX Series, QFX10K Series.",HIGH,7.5,CWE-362,2021
CVE-2021-0271,"A Double Free vulnerability in the software forwarding interface daemon (sfid) process of Juniper Networks Junos OS allows an adjacently-connected attacker to cause a Denial of Service (DoS) by sending a crafted ARP packet to the device. Continued receipt and processing of the crafted ARP packets will create a sustained Denial of Service (DoS) condition. This issue affects: Juniper Networks Junos OS on EX2200-C Series, EX3200 Series, EX3300 Series, EX4200 Series, EX4500 Series, EX4550 Series, EX6210 Series, EX8208 Series, EX8216 Series. 12.3 versions prior to 12.3R12-S17; 15.1 versions prior to 15.1R7-S8. This issue only affects the listed Marvell-chipset based EX Series devices. No other products or platforms are affected.",MEDIUM,6.5,CWE-415,2021
CVE-2021-0272,"A kernel memory leak in QFX10002-32Q, QFX10002-60C, QFX10002-72Q, QFX10008, QFX10016 devices Flexible PIC Concentrators (FPCs) on Juniper Networks Junos OS allows an attacker to send genuine packets destined to the device to cause a Denial of Service (DoS) to the device. On QFX10002-32Q, QFX10002-60C, QFX10002-72Q devices the device will crash and restart. On QFX10008, QFX10016 devices, depending on the number of FPCs involved in an attack, one more more FPCs may crash and traffic through the device may be degraded in other ways, until the attack traffic stops. A reboot is required to restore service and clear the kernel memory. Continued receipt and processing of these genuine packets will create a sustained Denial of Service (DoS) condition. On QFX10008, QFX10016 devices, an indicator of compromise may be the existence of DCPFE core files. You can also monitor PFE memory utilization for incremental growth: user@qfx-RE:0% cprod -A fpc0 -c ""show heap 0"" | grep -i ke 0 3788a1b0 3221225048 2417120656 804104392 24 Kernel user@qfx-RE:0% cprod -A fpc0 -c ""show heap 0"" | grep -i ke 0 3788a1b0 3221225048 2332332200 888892848 27 Kernel This issue affects: Juniper Networks Junos OS on QFX10002-32Q, QFX10002-60C, QFX10002-72Q, QFX10008, QFX10016: 16.1 versions 16.1R1 and above prior to 17.3 versions prior to 17.3R3-S9; 17.4 versions prior to 17.4R3-S2; 18.1 versions prior to 18.1R3-S11; 18.2 versions prior to 18.2R3-S5; 18.3 versions prior to 18.3R3-S3; 18.4 versions prior to 18.4R2-S5, 18.4R3-S4; 19.1 versions prior to 19.1R3-S2; 19.2 versions prior to 19.2R3; 19.3 versions prior to 19.3R3; 19.4 versions prior to 19.4R3; 20.1 versions prior to 20.1R2. This issue does not affect releases prior to Junos OS 16.1R1. This issue does not affect EX Series devices. This issue does not affect Junos OS Evolved.",MEDIUM,6.5,CWE-401,2021
CVE-2021-0273,"An always-incorrect control flow implementation in the implicit filter terms of Juniper Networks Junos OS and Junos OS Evolved on ACX5800, EX9200 Series, MX10000 Series, MX240, MX480, MX960 devices with affected Trio line cards allows an attacker to exploit an interdependency in the PFE UCODE microcode of the Trio chipset with various line cards to cause packets destined to the devices interfaces to cause a Denial of Service (DoS) condition by looping the packet with an unreachable exit condition ('Infinite Loop'). To break this loop once it begins one side of the affected LT interfaces will need to be disabled. Once disabled, the condition will clear and the disabled LT interface can be reenabled. Continued receipt and processing of these packets will create a sustained Denial of Service (DoS) condition. This issue only affects LT-LT interfaces. Any other interfaces are not affected by this issue. This issue affects the following cards: MPCE Type 3 3D MPC4E 3D 32XGE MPC4E 3D 2CGE+8XGE EX9200 32x10G SFP EX9200-2C-8XS FPC Type 5-3D FPC Type 5-LSR EX9200 4x40G QSFP An Indicator of Compromise (IoC) can be seen by examining the traffic of the LT-LT interfaces for excessive traffic using the following command: monitor interface traffic Before loop impact: Interface: lt-2/0/0, Enabled, Link is Up Encapsulation: Logical-tunnel, Speed: 100000mbps Traffic statistics: Current delta Input bytes: 3759900268942 (1456 bps) [0] <---------- LT interface utilization is low Output bytes: 3759900344309 (1456 bps) [0] <---------- LT interface utilization is low After loop impact: Interface: lt-2/0/0, Enabled, Link is Up Encapsulation: Logical-tunnel, Speed: 100000mbps Traffic statistics: Current delta Input bytes: 3765160313129 (2158268368 bps) [5260044187] <---------- LT interface utilization is very high Output bytes: 3765160399522 (2158266440 bps) [5260055213] <---------- LT interface utilization is very high This issue affects: Juniper Networks Junos OS on ACX5800, EX9200 Series, MX10000 Series, MX240, MX480, MX960. Versions 15.1F6, 16.1R1, and later versions prior to 16.1R7-S8; 17.1 versions prior to 17.1R2-S12; 17.2 versions prior to 17.2R3-S4; 17.3 versions prior to 17.3R3-S8; 17.4 versions prior to 17.4R2-S10, 17.4R3-S2; 18.1 versions prior to 18.1R3-S10; 18.2 versions prior to 18.2R2-S7, 18.2R3-S3; 18.3 versions prior to 18.3R1-S7, 18.3R3-S2; 18.4 versions prior to 18.4R1-S7, 18.4R2-S4, 18.4R3-S2; 19.1 versions prior to 19.1R1-S5, 19.1R2-S1, 19.1R3; 19.2 versions prior to 19.2R1-S4, 19.2R2; 19.3 versions prior to 19.3R2-S3, 19.3R3; 19.4 versions prior to 19.4R1-S1, 19.4R2. This issue does not affect the MX10001. This issue does not affect Juniper Networks Junos OS versions prior to 15.1F6, 16.1R1. Juniper Networks Junos OS Evolved on ACX5800, EX9200 Series, MX10000 Series, MX240, MX480, MX960 19.4 versions prior to 19.4R2-EVO. This issue does not affect the MX10001.",MEDIUM,5.3,CWE-670,2021
CVE-2021-0275,"A Cross-site Scripting (XSS) vulnerability in J-Web on Juniper Networks Junos OS allows an attacker to target another user's session thereby gaining access to the users session. The other user session must be active for the attack to succeed. Once successful, the attacker has the same privileges as the user. If the user has root privileges, the attacker may be able to gain full control of the device. This issue affects: Juniper Networks Junos OS: 12.3 versions prior to 12.3R12-S15 on EX Series; 12.3X48 versions prior to 12.3X48-D95 on SRX Series; 15.1 versions prior to 15.1R7-S6 on EX Series; 15.1X49 versions prior to 15.1X49-D200 on SRX Series; 16.1 versions prior to 16.1R7-S7; 16.2 versions prior to 16.2R2-S11, 16.2R3; 17.1 versions prior to 17.1R2-S11, 17.1R3-S2; 17.2 versions prior to 17.2R3-S3; 17.3 versions prior to 17.3R2-S5, 17.3R3-S7; 17.4 versions prior to 17.4R2-S9, 17.4R3; 18.1 versions prior to 18.1R3-S9; 18.2 versions prior to 18.2R2-S7, 18.2R3-S3; 18.3 versions prior to 18.3R1-S7, 18.3R2-S3, 18.3R3-S1; 18.4 versions prior to 18.4R1-S6, 18.4R2-S4, 18.4R3; 19.1 versions prior to 19.1R2-S1, 19.1R3; 19.2 versions prior to 19.2R1-S3, 19.2R2; 19.3 versions prior to 19.3R2.",HIGH,8.8,CWE-79,2021
CVE-2021-0276,"A stack-based Buffer Overflow vulnerability in Juniper Networks SBR Carrier with EAP (Extensible Authentication Protocol) authentication configured, allows an attacker sending specific packets causing the radius daemon to crash resulting with a Denial of Service (DoS) or leading to remote code execution (RCE). By continuously sending this specific packets, an attacker can repeatedly crash the radius daemon, causing a sustained Denial of Service (DoS). This issue affects Juniper Networks SBR Carrier: 8.4.1 versions prior to 8.4.1R19; 8.5.0 versions prior to 8.5.0R10; 8.6.0 versions prior to 8.6.0R4.",CRITICAL,9.8,CWE-121,2021
CVE-2021-0277,"An Out-of-bounds Read vulnerability in the processing of specially crafted LLDP frames by the Layer 2 Control Protocol Daemon (l2cpd) of Juniper Networks Junos OS and Junos OS Evolved may allow an attacker to cause a Denial of Service (DoS), or may lead to remote code execution (RCE). Continued receipt and processing of these frames, sent from the local broadcast domain, will repeatedly crash the l2cpd process and sustain the Denial of Service (DoS) condition. This issue affects: Juniper Networks Junos OS: 12.3 versions prior to 12.3R12-S18; 15.1 versions prior to 15.1R7-S9; 17.3 versions prior to 17.3R3-S12; 17.4 versions prior to 17.4R2-S13, 17.4R3-S5; 18.1 versions prior to 18.1R3-S13; 18.2 versions prior to 18.2R3-S8; 18.3 versions prior to 18.3R3-S5; 18.4 versions prior to 18.4R2-S8, 18.4R3-S8; 19.1 versions prior to 19.1R3-S5; 19.2 versions prior to 19.2R3-S3; 19.3 versions prior to 19.3R2-S6, 19.3R3-S2; 19.4 versions prior to 19.4R1-S4, 19.4R2-S4, 19.4R3-S3; 20.1 versions prior to 20.1R2-S2, 20.1R3; 20.2 versions prior to 20.2R3-S1; 20.3 versions prior to 20.3R2-S1, 20.3R3; 20.4 versions prior to 20.4R2. Juniper Networks Junos OS Evolved versions prior to 20.4R2-EVO.",HIGH,8.8,CWE-125,2021
CVE-2021-0278,"An Improper Input Validation vulnerability in J-Web of Juniper Networks Junos OS allows a locally authenticated attacker to escalate their privileges to root over the target device. junos:18.3R3-S5 junos:18.4R3-S9 junos:19.1R3-S6 junos:19.3R2-S6 junos:19.3R3-S3 junos:19.4R1-S4 junos:19.4R3-S4 junos:20.1R2-S2 junos:20.1R3 junos:20.2R3-S1 junos:20.3X75-D20 junos:20.3X75-D30 junos:20.4R2-S1 junos:20.4R3 junos:21.1R1-S1 junos:21.1R2 junos:21.2R1 junos:21.3R1 This issue affects: Juniper Networks Junos OS 19.3 versions 19.3R1 and above prior to 19.3R2-S6, 19.3R3-S3; 19.4 versions prior to 19.4R3-S5; 20.1 versions prior to 20.1R2-S2, 20.1R3-S1; 20.2 versions prior to 20.2R3-S2; 20.3 versions prior to 20.3R3; 20.4 versions prior to 20.4R2-S1, 20.4R3; 21.1 versions prior to 21.1R1-S1, 21.1R2. This issue does not affect Juniper Networks Junos OS versions prior to 19.3R1.",HIGH,8.8,CWE-20,2021
CVE-2021-0279,"Juniper Networks Contrail Cloud (CC) releases prior to 13.6.0 have RabbitMQ service enabled by default with hardcoded credentials. The messaging services of RabbitMQ are used when coordinating operations and status information among Contrail services. An attacker with access to an administrative service for RabbitMQ (e.g. GUI), can use these hardcoded credentials to cause a Denial of Service (DoS) or have access to unspecified sensitive system information. This issue affects the Juniper Networks Contrail Cloud releases on versions prior to 13.6.0.",HIGH,8.6,CWE-798,2021
CVE-2021-0280,"Due to an Improper Initialization vulnerability in Juniper Networks Junos OS on PTX platforms and QFX10K Series with Paradise (PE) chipset-based line cards, ddos-protection configuration changes made from the CLI will not take effect as expected beyond the default DDoS (Distributed Denial of Service) settings in the Packet Forwarding Engine (PFE). This may cause BFD sessions to flap when a high rate of specific packets are received. Flapping of BFD sessions in turn may impact routing protocols and network stability, leading to a Denial of Service (DoS) condition. Continued receipt and processing of this packet will create a sustained Denial of Service (DoS) condition. This issue affects only the following platforms with Paradise (PE) chipset-based line cards: PTX1000, PTX3000 (NextGen), PTX5000, PTX10008, PTX10016 Series and QFX10002 Series. This issue affects: Juniper Networks Junos OS 17.4 versions prior to 17.4R3-S5 on PTX Series, QFX10K Series; 18.2 versions prior to 18.2R3-S8 on PTX Series, QFX10K Series; 18.3 versions prior to 18.3R3-S5 on PTX Series, QFX10K Series; 18.4 versions prior to 18.4R2-S8 on PTX Series, QFX10K Series; 19.1 versions prior to 19.1R3-S5 on PTX Series, QFX10K Series; 19.2 versions prior to 19.2R3-S2 on PTX Series, QFX10K Series; 19.3 versions prior to 19.3R3-S2 on PTX Series, QFX10K Series; 19.4 versions prior to 19.4R3-S2 on PTX Series, QFX10K Series; 20.1 versions prior to 20.1R3 on PTX Series, QFX10K Series; 20.2 versions prior to 20.2R2-S3, 20.2R3 on PTX Series, QFX10K Series; 20.3 versions prior to 20.3R2 on PTX Series, QFX10K Series; 20.4 versions prior to 20.4R2 on PTX Series, QFX10K Series.",HIGH,7.5,CWE-665,2021
CVE-2021-0281,"On Juniper Networks Junos OS devices configured with BGP origin validation using Resource Public Key Infrastructure (RPKI) receipt of a specific packet from the RPKI cache server may cause routing process daemon (RPD) to crash and restart, creating a Denial of Service (DoS) condition. Continued receipt and processing of this packet will create a sustained Denial of Service (DoS) condition. This issue affects: Juniper Networks Junos OS 17.3 versions prior to 17.3R3-S12; 17.4 versions prior to 17.4R3-S5; 18.1 versions prior to 18.1R3-S13; 18.2 versions prior to 18.2R3-S8; 18.3 versions prior to 18.3R3-S5; 18.4 versions prior to 18.4R2-S8, 18.4R3-S8; 19.1 versions prior to 19.1R3-S5; 19.2 versions prior to 19.2R3-S2; 19.3 versions prior to 19.3R2-S6, 19.3R3-S2; 19.4 versions prior to 19.4R2-S4, 19.4R3-S3; 20.1 versions prior to 20.1R3; 20.2 versions prior to 20.2R3; 20.3 versions prior to 20.3R2; 20.4 versions prior to 20.4R2. Juniper Networks Junos OS Evolved All versions prior to 20.4R2-S2-EVO.",MEDIUM,5.9,CWE-754,2021
CVE-2021-0282,"On Juniper Networks Junos OS devices with Multipath or add-path feature enabled, processing a specific BGP UPDATE can lead to a routing process daemon (RPD) crash and restart, causing a Denial of Service (DoS). Continued receipt and processing of this UPDATE message will create a sustained Denial of Service (DoS) condition. This BGP UPDATE message can propagate to other BGP peers with vulnerable Junos versions on which Multipath or add-path feature is enabled, and cause RPD to crash and restart. This issue affects both IBGP and EBGP deployments in IPv4 or IPv6 network. Junos OS devices that do not have the BGP Multipath or add-path feature enabled are not affected by this issue. This issue affects: Juniper Networks Junos OS 12.3 versions prior to 12.3R12-S18; 15.1 versions prior to 15.1R7-S9; 17.3 versions prior to 17.3R3-S11; 17.4 versions prior to 17.4R2-S13, 17.4R3-S4; 18.1 versions prior to 18.1R3-S12; 18.2 versions prior to 18.2R3-S7; 18.3 versions prior to 18.3R3-S4; 18.4 versions prior to 18.4R2-S6, 18.4R3-S6; 19.1 versions prior to 19.1R3-S3;",HIGH,7.5,CWE-754,2021
CVE-2021-0283,"A buffer overflow vulnerability in the TCP/IP stack of Juniper Networks Junos OS allows an attacker to send specific sequences of packets to the device thereby causing a Denial of Service (DoS). By repeatedly sending these sequences of packets to the device, an attacker can sustain the Denial of Service (DoS) condition. The device will abnormally shut down as a result of these sent packets. A potential indicator of compromise will be the following message in the log files: ""eventd[13955]: SYSTEM_ABNORMAL_SHUTDOWN: System abnormally shut down"" These issue are only triggered by traffic destined to the device. Transit traffic will not trigger these issues. This issue affects: Juniper Networks Junos OS 12.3 versions prior to 12.3R12-S19; 15.1 versions prior to 15.1R7-S10; 16.1 version 16.1R1 and later versions; 16.2 version 16.2R1 and later versions; 17.1 version 17.1R1 and later versions; 17.2 version 17.2R1 and later versions; 17.3 versions prior to 17.3R3-S12; 17.4 version 17.4R1 and later versions; 18.1 versions prior to 18.1R3-S13; 18.2 version 18.2R1 and later versions; 18.3 versions prior to 18.3R3-S5; 18.4 versions prior to 18.4R2-S9, 18.4R3-S9; 19.1 versions prior to 19.1R3-S6; 19.2 versions prior to 19.2R1-S7, 19.2R3-S3; 19.3 versions prior to 19.3R2-S7, 19.3R3-S3; 19.4 versions prior to 19.4R3-S5; 20.1 versions prior to 20.1R2-S2, 20.1R3-S1; 20.2 versions prior to 20.2R3-S2; 20.3 versions prior to 20.3R3; 20.4 versions prior to 20.4R2-S1, 20.4R3; 21.1 versions prior to 21.1R1-S1, 21.1R2; 21.2 versions prior to 21.2R1-S1, 21.2R2.",HIGH,7.5,CWE-120,2021
CVE-2021-0284,"A buffer overflow vulnerability in the TCP/IP stack of Juniper Networks Junos OS allows an attacker to send specific sequences of packets to the device thereby causing a Denial of Service (DoS). By repeatedly sending these sequences of packets to the device, an attacker can sustain the Denial of Service (DoS) condition. The device will abnormally shut down as a result of these sent packets. A potential indicator of compromise will be the following message in the log files: ""eventd[13955]: SYSTEM_ABNORMAL_SHUTDOWN: System abnormally shut down"" This issue is only triggered by traffic destined to the device. Transit traffic will not trigger this issue. This issue affects: Juniper Networks Junos OS 12.3 versions prior to 12.3R12-S19; 15.1 versions prior to 15.1R7-S10; 17.3 versions prior to 17.3R3-S12; 18.4 versions prior to 18.4R2-S9, 18.4R3-S9; 19.1 versions prior to 19.1R3-S7; 19.2 versions prior to 19.2R1-S7, 19.2R3-S3; 19.3 versions prior to 19.3R2-S7, 19.3R3-S3; 19.4 versions prior to 19.4R3-S5; 20.1 versions prior to 20.1R3-S1; 20.2 versions prior to 20.2R3-S2; 20.3 versions prior to 20.3R3-S1; 20.4 versions prior to 20.4R2-S2, 20.4R3; 21.1 versions prior to 21.1R2; 21.2 versions prior to 21.2R1-S1, 21.2R2.",HIGH,7.5,CWE-120,2021
CVE-2021-0285,"An uncontrolled resource consumption vulnerability in Juniper Networks Junos OS on QFX5000 Series and EX4600 Series switches allows an attacker sending large amounts of legitimate traffic destined to the device to cause Interchassis Control Protocol (ICCP) interruptions, leading to an unstable control connection between the Multi-Chassis Link Aggregation Group (MC-LAG) nodes which can in turn lead to traffic loss. Continued receipt of this amount of traffic will create a sustained Denial of Service (DoS) condition. An indication that the system could be impacted by this issue is the following log message: ""DDOS_PROTOCOL_VIOLATION_SET: Warning: Host-bound traffic for protocol/exception LOCALNH:aggregate exceeded its allowed bandwidth at fpc <fpc number> for <n> times, started at <timestamp>"" This issue affects Juniper Networks Junos OS on QFX5000 Series and EX4600 Series: 15.1 versions prior to 15.1R7-S9; 17.3 versions prior to 17.3R3-S11; 17.4 versions prior to 17.4R2-S13, 17.4R3-S5; 18.3 versions prior to 18.3R3-S5; 18.4 versions prior to 18.4R2-S8, 18.4R3-S7; 19.1 versions prior to 19.1R3-S5; 19.2 versions prior to 19.2R1-S6, 19.2R3-S2; 19.3 versions prior to 19.3R2-S6, 19.3R3-S2; 19.4 versions prior to 19.4R1-S4, 19.4R2-S4, 19.4R3-S2; 20.1 versions prior to 20.1R2-S2, 20.1R3; 20.2 versions prior to 20.2R2-S3, 20.2R3; 20.3 versions prior to 20.3R2; 20.4 versions prior to 20.4R1-S1, 20.4R2.",HIGH,7.5,CWE-770,2021
CVE-2021-0286,"A vulnerability in the handling of exceptional conditions in Juniper Networks Junos OS Evolved (EVO) allows an attacker to send specially crafted packets to the device, causing the Advanced Forwarding Toolkit manager (evo-aftmand-bt or evo-aftmand-zx) process to crash and restart, impacting all traffic going through the FPC, resulting in a Denial of Service (DoS). Continued receipt and processing of these packets will create a sustained Denial of Service (DoS) condition. Following messages will be logged prior to the crash: Feb 2 10:14:39 fpc0 evo-aftmand-bt[16263]: [Error] Nexthop: Failed to get fwd nexthop for nexthop:32710470974358 label:1089551617 for session:18 probe:35 Feb 2 10:14:39 fpc0 evo-aftmand-bt[16263]: [Error] Nexthop: Failed to get fwd nexthop for nexthop:19241453497049 label:1089551617 for session:18 probe:37 Feb 2 10:14:39 fpc0 evo-aftmand-bt[16263]: [Error] Nexthop: Failed to get fwd nexthop for nexthop:19241453497049 label:1089551617 for session:18 probe:44 Feb 2 10:14:39 fpc0 evo-aftmand-bt[16263]: [Error] Nexthop: Failed to get fwd nexthop for nexthop:32710470974358 label:1089551617 for session:18 probe:47 Feb 2 10:14:39 fpc0 audit[16263]: ANOM_ABEND auid=4294967295 uid=0 gid=0 ses=4294967295 pid=16263 comm=""EvoAftManBt-mai"" exe=""/usr/sbin/evo-aftmand-bt"" sig=11 Feb 2 10:14:39 fpc0 kernel: audit: type=1701 audit(1612260879.272:17): auid=4294967295 uid=0 gid=0 ses=4294967295 pid=16263 comm=""EvoAftManBt-mai"" exe=""/usr/sbin/evo-aftmand-bt"" sig=1 This issue affects Juniper Networks Junos OS Evolved: All versions prior to 20.4R2-EVO; 21.1 versions prior to 21.1R2-EVO.",HIGH,7.5,CWE-703,2021
CVE-2021-0287,"In a Segment Routing ISIS (SR-ISIS)/MPLS environment, on Juniper Networks Junos OS and Junos OS Evolved devices, configured with ISIS Flexible Algorithm for Segment Routing and sensor-based statistics, a flap of a ISIS link in the network, can lead to a routing process daemon (RPD) crash and restart, causing a Denial of Service (DoS). Continued link flaps will create a sustained Denial of Service (DoS) condition. This issue affects: Juniper Networks Junos OS: 19.4 versions prior to 19.4R1-S4, 19.4R3-S2; 20.1 versions prior to 20.1R2-S1, 20.1R3; 20.2 versions prior to 20.2R2-S2, 20.2R3; 20.3 versions prior to 20.3R2; Juniper Networks Junos OS Evolved: 20.3-EVO versions prior to 20.3R2-EVO; 20.4-EVO versions prior to 20.4R2-EVO. This issue does not affect: Juniper Networks Junos OS releases prior to 19.4R1. Juniper Networks Junos OS Evolved releases prior to 19.4R1-EVO.",MEDIUM,6.5,CWE-754,2021
CVE-2021-0288,"A vulnerability in the processing of specific MPLS packets in Juniper Networks Junos OS on MX Series and EX9200 Series devices with Trio-based MPCs (Modular Port Concentrators) may cause FPC to crash and lead to a Denial of Service (DoS) condition. Continued receipt of this packet will sustain the Denial of Service (DoS) condition. This issue only affects MX Series and EX9200 Series with Trio-based PFEs (Packet Forwarding Engines). This issue affects Juniper Networks Junos OS on MX Series, EX9200 Series: 17.3 versions prior to 17.3R3-S12; 17.4 versions prior to 17.4R2-S13, 17.4R3-S5; 18.1 versions prior to 18.1R3-S13; 18.2 versions prior to 18.2R3-S8; 18.3 versions prior to 18.3R3-S5; 18.4 versions prior to 18.4R2-S8, 18.4R3-S8; 19.1 versions prior to 19.1R3-S5; 19.2 versions prior to 19.2R3-S2; 19.3 versions prior to 19.3R2-S6, 19.3R3-S3; 19.4 versions prior to 19.4R1-S4, 19.4R2-S4, 19.4R3-S2; 20.1 versions prior to 20.1R3; 20.2 versions prior to 20.2R2-S2, 20.2R3; 20.3 versions prior to 20.3R2; 20.4 versions prior to 20.4R2;",MEDIUM,6.5,CWE-754,2021
CVE-2021-0289,"When user-defined ARP Policer is configured and applied on one or more Aggregated Ethernet (AE) interface units, a Time-of-check Time-of-use (TOCTOU) Race Condition vulnerability between the Device Control Daemon (DCD) and firewall process (dfwd) daemons of Juniper Networks Junos OS allows an attacker to bypass the user-defined ARP Policer. In this particular case the User ARP policer is replaced with default ARP policer. To review the desired ARP Policers and actual state one can run the command ""show interfaces <> extensive"" and review the output. See further details below. An example output is: show interfaces extensive | match policer Policer: Input: __default_arp_policer__ <<< incorrect if user ARP Policer was applied on an AE interface and the default ARP Policer is displayed Policer: Input: jtac-arp-ae5.317-inet-arp <<< correct if user ARP Policer was applied on an AE interface For all platforms, except SRX Series: This issue affects Juniper Networks Junos OS: All versions 5.6R1 and all later versions prior to 18.4 versions prior to 18.4R2-S9, 18.4R3-S9 with the exception of 15.1 versions 15.1R7-S10 and later versions; 19.4 versions prior to 19.4R3-S3; 20.1 versions prior to 20.1R3; 20.2 versions prior to 20.2R3-S2; 20.3 version 20.3R1 and later versions; 20.4 versions prior to 20.4R3; 21.1 versions prior to 21.1R2; This issue does not affect Juniper Networks Junos OS versions prior to 5.6R1. On SRX Series this issue affects Juniper Networks Junos OS: 18.4 versions prior to 18.4R2-S9, 18.4R3-S9; 19.4 versions prior to 19.4R3-S4; 20.1 versions prior to 20.1R3; 20.2 versions prior to 20.2R3-S2; 20.3 version 20.3R1 and later versions; 20.4 versions prior to 20.4R3; 21.1 versions prior to 21.1R2. This issue does not affect 18.4 versions prior to 18.4R1 on SRX Series. This issue does not affect Junos OS Evolved.",MEDIUM,6.5,CWE-367,2021
CVE-2021-0290,"Improper Handling of Exceptional Conditions in Ethernet interface frame processing of Juniper Networks Junos OS allows an attacker to send specially crafted frames over the local Ethernet segment, causing the interface to go into a down state, resulting in a Denial of Service (DoS) condition. The interface does not recover on its own and the FPC must be reset manually. Continued receipt and processing of these frames will create a sustained Denial of Service (DoS) condition. This issue is platform-specific and affects the following platforms and line cards: * MPC7E/8E/9E and MPC10E on MX240, MX480, MX960, MX2008, MX2010, and MX2020 * MX204, MX10003, MX10008, MX10016 * EX9200, EX9251 * SRX4600 No other products or platforms are affected by this vulnerability. An indication of this issue occurring can be seen in the system log messages, as shown below: user@host> show log messages | match ""Failed to complete DFE tuning"" fpc4 smic_phy_dfe_tuning_state: et-4/1/6 - Failed to complete DFE tuning (count 3) and interface will be in a permanently down state: user@host> show interfaces et-4/1/6 terse Interface Admin Link Proto Local Remote et-4/1/6 up down et-4/1/6.0 up down aenet --> ae101.0 This issue affects Juniper Networks Junos OS: 16.1 versions prior to 16.1R7-S7 on MX Series; 17.1R1 and later versions prior to 17.2R3-S3 on MX Series; 17.3 versions prior to 17.3R3-S8 on MX Series; 17.4 versions prior to 17.4R2-S11, 17.4R3-S1 on MX Series, SRX4600; 18.1 versions prior to 18.1R3-S10 on MX Series, EX9200 Series, SRX4600; 18.2 versions prior to 18.2R3-S3 on MX Series, EX9200 Series, SRX4600; 18.3 versions prior to 18.3R3-S1 on MX Series, EX9200 Series, SRX4600; 18.4 versions prior to 18.4R2-S3, 18.4R3 on MX Series, EX9200 Series, SRX4600; 19.1 versions prior to 19.1R2-S1, 19.1R3 on MX Series, EX9200 Series, SRX4600; 19.2 versions prior to 19.2R1-S3, 19.2R2 on MX Series, EX9200 Series, SRX4600; 19.3 versions prior to 19.3R2 on MX Series, EX9200 Series, SRX4600. This issue does not affect Juniper Networks Junos OS versions prior to 16.1R1.",MEDIUM,6.5,CWE-755,2021
CVE-2021-0291,"An Exposure of System Data vulnerability in Juniper Networks Junos OS and Junos OS Evolved, where a sensitive system-level resource is not being sufficiently protected, allows a network-based unauthenticated attacker to send specific traffic which partially reaches this resource. A high rate of specific traffic may lead to a partial Denial of Service (DoS) as the CPU utilization of the RE is significantly increased. The SNMP Agent Extensibility (agentx) process should only be listening to TCP port 705 on the internal routing instance. External connections destined to port 705 should not be allowed. This issue affects: Juniper Networks Junos OS: 15.1 versions prior to 15.1R7-S9; 17.3 versions prior to 17.3R3-S12; 17.4 versions prior to 17.4R2-S13, 17.4R3-S5; 18.3 versions prior to 18.3R3-S5; 18.4 versions prior to 18.4R2-S8; 19.1 versions prior to 19.1R3-S5; 19.2 versions prior to 19.2R3-S2; 19.3 versions prior to 19.3R2-S6, 19.3R3-S2; 19.4 versions prior to 19.4R1-S4, 19.4R2-S4, 19.4R3; 20.1 versions prior to 20.1R2; 20.2 versions prior to 20.2R2; 20.3 versions prior to 20.3R2. Juniper Networks Junos OS Evolved versions prior to 20.3R2-EVO. This issue does not affect Juniper Networks Junos OS versions prior to 13.2R1.",MEDIUM,6.5,CWE-497,2021
CVE-2021-0292,"An Uncontrolled Resource Consumption vulnerability in the ARP daemon (arpd) and Network Discovery Protocol (ndp) process of Juniper Networks Junos OS Evolved allows a malicious attacker on the local network to consume memory resources, ultimately resulting in a Denial of Service (DoS) condition. Link-layer functions such as IPv4 and/or IPv6 address resolution may be impacted, leading to traffic loss. The processes do not recover on their own and must be manually restarted. Changes in memory usage can be monitored using the following shell commands (header shown for clarity): user@router:/var/log# ps aux | grep arpd USER PID %CPU %MEM VSZ RSS TTY STAT START TIME COMMAND root 31418 59.0 0.7 *5702564* 247952 ? xxx /usr/sbin/arpd --app-name arpd -I object_select --shared-objects-mode 3 user@router:/var/log# ps aux | grep arpd USER PID %CPU %MEM VSZ RSS TTY STAT START TIME COMMAND root 31418 49.1 1.0 *5813156* 351184 ? xxx /usr/sbin/arpd --app-name arpd -I object_select --shared-objects-mode 3 Memory usage can be monitored for the ndp process in a similar fashion: user@router:/var/log# ps aux | grep ndp USER PID %CPU %MEM VSZ RSS TTY STAT START TIME COMMAND root 14935 0.0 0.1 *5614052* 27256 ? Ssl Jun15 0:17 /usr/sbin/ndp -I no_tab_chk,object_select --app-name ndp --shared-obje user@router:/var/log# ps aux | grep ndp USER PID %CPU %MEM VSZ RSS TTY STAT START TIME COMMAND root 14935 0.0 0.1 *5725164* 27256 ? Ssl Jun15 0:17 /usr/sbin/ndp -I no_tab_chk,object_select --app-name ndp --shared-obje This issue affects Juniper Networks Junos OS Evolved: 19.4 versions prior to 19.4R2-S3-EVO; 20.1 versions prior to 20.1R2-S4-EVO; all versions of 20.2-EVO. This issue does not affect Juniper Networks Junos OS Evolved versions prior to 19.4R2-EVO.",MEDIUM,6.5,CWE-400,2021
CVE-2021-0293,"A vulnerability in Juniper Networks Junos OS caused by Missing Release of Memory after Effective Lifetime leads to a memory leak each time the CLI command 'show system connections extensive' is executed. The amount of memory leaked on each execution depends on the number of TCP connections from and to the system. Repeated execution will cause more memory to leak and eventually daemons that need to allocate additionally memory and ultimately the kernel to crash, which will result in traffic loss. Continued execution of this command will cause a sustained Denial of Service (DoS) condition. An administrator can use the following CLI command to monitor for increase in memory consumption of the netstat process, if it exists: user@junos> show system processes extensive | match ""username|netstat"" PID USERNAME PRI NICE SIZE RES STATE C TIME WCPU COMMAND 21181 root 100 0 5458M 4913M CPU3 2 0:59 97.27% netstat The following log message might be observed if this issue happens: kernel: %KERN-3: pid 21181 (netstat), uid 0, was killed: out of swap space This issue affects Juniper Networks Junos OS 18.2 versions prior to 18.2R2-S8, 18.2R3-S7. 18.3 versions prior to 18.3R3-S4; 18.4 versions prior to 18.4R1-S8, 18.4R2-S6, 18.4R3-S7; 19.1 versions prior to 19.1R1-S6, 19.1R2-S2, 19.1R3-S4; 19.2 versions prior to 19.2R1-S6, 19.2R3-S2; 19.3 versions prior to 19.3R2-S6, 19.3R3-S1; 19.4 versions prior to 19.4R1-S4, 19.4R2-S3, 19.4R3-S1; 20.1 versions prior to 20.1R2; 20.2 versions prior to 20.2R2-S1, 20.2R3; 20.3 versions prior to 20.3R1-S1, 20.3R2; This issue does not affect Juniper Networks Junos OS versions prior to 18.2R1.",MEDIUM,5.5,CWE-401,2021
CVE-2021-0294,"A vulnerability in Juniper Networks Junos OS, which only affects the release 18.4R2-S5, where a function is inconsistently implemented on Juniper Networks Junos QFX5000 Series and EX4600 Series, and if ""storm-control enhanced"" is configured, can lead to the enhanced storm control filter group not be installed. It will cause storm control not to work hence allowing an attacker to cause high CPU usage or packet loss issues by sending a large amount of broadcast or unknown unicast packets arriving the device. This issue affects Juniper Networks QFX5100, QFX5110, QFX5120, QFX5200, QFX5210, EX4600, and EX4650, and QFX5100 with QFX 5e Series image installed. QFX5130 and QFX5220 are not affected from this issue. This issue affects Juniper Networks Junos OS 18.4R2-S5 on QFX5000 Series and EX4600 Series. No other product or platform is affected by this vulnerability.",MEDIUM,5.3,CWE-474,2021
CVE-2021-0295,"A vulnerability in the Distance Vector Multicast Routing Protocol (DVMRP) of Juniper Networks Junos OS on the QFX10K Series switches allows an attacker to trigger a packet forwarding loop, leading to a partial Denial of Service (DoS). The issue is caused by DVMRP packets looping on a multi-homed Ethernet Segment Identifier (ESI) when VXLAN is configured. DVMRP packets received on a multi-homed ESI are sent to the peer, and then incorrectly forwarded out the same ESI, violating the split horizon rule. This issue only affects QFX10K Series switches, including the QFX10002, QFX10008, and QFX10016. Other products and platforms are unaffected by this vulnerability. This issue affects Juniper Networks Junos OS on QFX10K Series: 17.3 versions prior to 17.3R3-S12; 17.4 versions prior to 17.4R3-S5; 18.1 versions prior to 18.1R3-S13; 18.2 version 18.2R1 and later versions; 18.3 versions prior to 18.3R3-S5; 18.4 versions prior to 18.4R2-S9, 18.4R3-S8; 19.1 versions prior to 19.1R3-S5; 19.2 versions prior to 19.2R1-S7, 19.2R3-S2; 19.3 versions prior to 19.3R3-S2; 19.4 versions prior to 19.4R3-S3; 20.1 versions prior to 20.1R2-S2, 20.1R3; 20.2 versions prior to 20.2R3; 20.3 versions prior to 20.3R3; 20.4 versions prior to 20.4R2.",MEDIUM,6.1,CWE-697,2021
CVE-2021-0296,"The Juniper Networks CTPView server is not enforcing HTTP Strict Transport Security (HSTS). HSTS is an optional response header which allows servers to indicate that content from the requested domain will only be served over HTTPS. The lack of HSTS may leave the system vulnerable to downgrade attacks, SSL-stripping man-in-the-middle attacks, and weakens cookie-hijacking protections. This issue affects Juniper Networks CTPView: 7.3 versions prior to 7.3R7; 9.1 versions prior to 9.1R3.",HIGH,7.4,CWE-319,2021
CVE-2021-0297,"A vulnerability in the processing of TCP MD5 authentication in Juniper Networks Junos OS Evolved may allow a BGP or LDP session configured with MD5 authentication to succeed, even if the peer does not have TCP MD5 authentication enabled. This could lead to untrusted or unauthorized sessions being established, resulting in an impact on confidentiality or stability of the network. This issue affects Juniper Networks Junos OS Evolved: All versions prior to 20.3R2-S1-EVO; 20.4 versions prior to 20.4R2-EVO; 21.1 versions prior to 21.1R2-EVO. Juniper Networks Junos OS is not affected by this issue.",MEDIUM,6.5,CWE-755,2021
CVE-2021-0298,"A Race Condition in the 'show chassis pic' command in Juniper Networks Junos OS Evolved may allow an attacker to crash the port interface concentrator daemon (picd) process on the FPC, if the command is executed coincident with other system events outside the attacker's control, leading to a Denial of Service (DoS) condition. Continued execution of the CLI command, under precise conditions, could create a sustained Denial of Service (DoS) condition. This issue affects all Juniper Networks Junos OS Evolved versions prior to 20.1R2-EVO on PTX10003 and PTX10008 platforms. Junos OS is not affected by this vulnerability.",MEDIUM,4.7,CWE-362,2021
CVE-2021-0299,"An Improper Handling of Exceptional Conditions vulnerability in the processing of a transit or directly received malformed IPv6 packet in Juniper Networks Junos OS results in a kernel crash, causing the device to restart, leading to a Denial of Service (DoS). Continued receipt and processing of this packet will create a sustained Denial of Service (DoS) condition. This issue only affects systems with IPv6 configured. Devices with only IPv4 configured are not vulnerable to this issue. This issue affects Juniper Networks Junos OS: 19.4 versions prior to 19.4R3; 20.1 versions prior to 20.1R2; 20.2 versions prior to 20.2R1-S1, 20.2R2. This issue does not affect Juniper Networks Junos OS versions prior to 19.4R1.",HIGH,7.5,CWE-755,2021
CVE-2021-0301,"In ged, there is a possible out of bounds write due to a missing bounds check. This could lead to local escalation of privilege with System execution privileges needed. User interaction is not needed for exploitation. Product: Android; Versions: Android SoC; Android ID: A-172514667.",MEDIUM,6.7,CWE-787,2021
CVE-2021-0302,"In PackageInstaller, there is a possible tapjacking attack due to an insecure default value. This could lead to local escalation of privilege and permissions with no additional execution privileges needed. User interaction is needed for exploitation.Product: AndroidVersions: Android-8.1 Android-9 Android-10Android ID: A-155287782",HIGH,7.8,CWE-1021,2021
CVE-2021-0303,"In dispatchGraphTerminationMessage() of packages/services/Car/computepipe/runner/graph/StreamSetObserver.cpp, there is a possible use after free due to a race condition. This could lead to local escalation of privilege with User execution privileges needed. User interaction is not needed for exploitation. Product: Android; Versions: Android-11; Android ID: A-170407229.",HIGH,7.0,CWE-362,2021
CVE-2021-0304,"In several functions of GlobalScreenshot.java, there is a possible permission bypass due to an unsafe PendingIntent. This could lead to local information disclosure of the user's contacts with User execution privileges needed. User interaction is not needed for exploitation. Product: Android; Versions: Android-10, Android-8.0, Android-8.1, Android-9; Android ID: A-162738636.",MEDIUM,5.5,CWE-732,2021
CVE-2021-0305,"In PackageInstaller, there is a possible tapjacking attack due to an insecure default value. This could lead to local escalation of privilege and permissions with no additional execution privileges needed. User interaction is needed for exploitation.Product: AndroidVersions: Android-8.1 Android-9 Android-10Android ID: A-154015447",HIGH,7.8,CWE-1021,2021
CVE-2021-0306,"In addAllPermissions of PermissionManagerService.java, there is a possible permissions bypass when upgrading major Android versions which allows an app to gain the android.permission.ACTIVITY_RECOGNITION permission without user confirmation. This could lead to local escalation of privilege with no additional execution privileges needed. User interaction is not needed for exploitation. Product: Android; Versions: Android-11, Android-8.0, Android-8.1, Android-9, Android-10; Android ID: A-154505240.",HIGH,7.8,CWE-269,2021
CVE-2021-0307,"In updatePermissionSourcePackage of PermissionManagerService.java, there is a possible automatic runtime permission grant due to a confused deputy. This could lead to local escalation of privilege allowing a malicious app to silently gain access to a dangerous permission with no additional execution privileges needed. User interaction is not needed for exploitation. Product: Android; Versions: Android-10, Android-11; Android ID: A-155648771.",HIGH,7.8,NVD-CWE-Other,2021
CVE-2021-0308,"In ReadLogicalParts of basicmbr.cc, there is a possible out of bounds write due to a missing bounds check. This could lead to local escalation of privilege with no additional execution privileges needed. User interaction is not needed for exploitation. Product: Android; Versions: Android-8.1, Android-9, Android-10, Android-11, Android-8.0; Android ID: A-158063095.",MEDIUM,6.8,CWE-787,2021
CVE-2021-0309,"In onCreate of grantCredentialsPermissionActivity, there is a confused deputy. This could lead to local information disclosure and account access with no additional execution privileges needed. User interaction is needed for exploitation. Product: Android; Versions: Android-8.1, Android-9, Android-10, Android-11, Android-8.0; Android ID: A-158480899.",MEDIUM,5.5,NVD-CWE-Other,2021
CVE-2021-0310,"In LazyServiceRegistrar of LazyServiceRegistrar.cpp, there is a possible memory corruption due to a use after free. This could lead to local escalation of privilege with no additional execution privileges needed. User interaction is not needed for exploitation. Product: Android; Versions: Android-11; Android ID: A-170212632.",HIGH,7.8,CWE-416,2021
CVE-2021-0311,"In ElementaryStreamQueue::dequeueAccessUnitH264() of ESQueue.cpp, there is a possible out of bounds write due to a missing bounds check. This could lead to remote information disclosure with no additional execution privileges needed. User interaction is needed for exploitation. Product: Android; Versions: Android-9, Android-10, Android-11, Android-8.0, Android-8.1; Android ID: A-170240631.",MEDIUM,6.5,CWE-787,2021
CVE-2021-0312,"In WAVSource::read of WAVExtractor.cpp, there is a possible out of bounds write due to an integer overflow. This could lead to remote information disclosure with no additional execution privileges needed. User interaction is needed for exploitation. Product: Android; Versions: Android-8.1, Android-9, Android-10, Android-11, Android-8.0; Android ID: A-170583712.",MEDIUM,6.5,CWE-190,2021
CVE-2021-0313,"In isWordBreakAfter of LayoutUtils.cpp, there is a possible way to slow or crash a TextView due to improper input validation. This could lead to remote denial of service with no additional execution privileges needed. User interaction is not needed for exploitation. Product: Android; Versions: Android-9, Android-10, Android-11, Android-8.0, Android-8.1; Android ID: A-170968514.",HIGH,7.5,CWE-20,2021
CVE-2021-0314,"In onCreate of UninstallerActivity, there is a possible way to uninstall an all without informed user consent due to a tapjacking/overlay attack. This could lead to local escalation of privilege with User execution privileges needed. User interaction is needed for exploitation.Product: AndroidVersions: Android-10 Android-11 Android-8.1 Android-9Android ID: A-171221302",HIGH,7.3,CWE-1021,2021
CVE-2021-0315,"In onCreate of GrantCredentialsPermissionActivity.java, there is a possible way to convince the user to grant an app access to an account due to a tapjacking/overlay attack. This could lead to local escalation of privilege with User execution privileges needed. User interaction is needed for exploitation. Product: Android; Versions: Android-8.1, Android-9, Android-10, Android-11, Android-8.0; Android ID: A-169763814.",HIGH,7.3,CWE-1021,2021
CVE-2021-0316,"In avrc_pars_vendor_cmd of avrc_pars_tg.cc, there is a possible out of bounds write due to a missing bounds check. This could lead to remote code execution over Bluetooth with no additional execution privileges needed. User interaction is not needed for exploitation. Product: Android; Versions: Android-11, Android-8.0, Android-8.1, Android-9, Android-10; Android ID: A-168802990.",CRITICAL,9.8,CWE-787,2021
CVE-2021-0317,"In createOrUpdate of Permission.java and related code, there is possible permission escalation due to a logic error. This could lead to local escalation of privilege with no additional execution privileges needed. User interaction is needed for exploitation. Product: Android; Versions: Android-10, Android-11, Android-8.0, Android-8.1, Android-9; Android ID: A-168319670.",HIGH,7.8,CWE-863,2021
CVE-2021-0318,"In appendEventsToCacheLocked of SensorEventConnection.cpp, there is a possible out of bounds write due to a use-after-free. This could lead to local escalation of privilege with no additional execution privileges needed. User interaction is not needed for exploitation. Product: Android; Versions: Android-9, Android-8.1, Android-10, Android-11; Android ID: A-168211968.",HIGH,7.8,CWE-416,2021
CVE-2021-0319,"In checkCallerIsSystemOr of CompanionDeviceManagerService.java, there is a possible way to get a nearby Bluetooth device's MAC address without appropriate permissions due to a permissions bypass. This could lead to local escalation of privilege that grants access to nearby MAC addresses, with User execution privileges needed. User interaction is needed for exploitation. Product: Android; Versions: Android-8.0, Android-8.1, Android-9, Android-10, Android-11; Android ID: A-167244818.",HIGH,7.3,CWE-863,2021
CVE-2021-0320,"In is_device_locked and set_device_locked of keystore_keymaster_enforcement.h, there is a possible bypass of lockscreen requirements for keyguard bound keys due to a race condition. This could lead to local information disclosure with no additional execution privileges needed. User interaction is not needed for exploitation. Product: Android; Versions: Android-10, Android-11; Android ID: A-169933423.",MEDIUM,4.7,CWE-362,2021
CVE-2021-0321,"In enforceDumpPermissionForPackage of ActivityManagerService.java, there is a possible way to determine if a package is installed due to side channel information disclosure. This could lead to local information disclosure with no additional execution privileges needed. User interaction is not needed for exploitation. Product: Android; Versions: Android-11; Android ID: A-166667403.",MEDIUM,5.5,CWE-203,2021
CVE-2021-0322,"In onCreate of SlicePermissionActivity.java, there is a possible misleading string displayed due to improper input validation. This could lead to local information disclosure with User execution privileges needed. User interaction is needed for exploitation.Product: Android; Versions: Android-10, Android-11, Android-9; Android ID: A-159145361.",MEDIUM,5.0,CWE-20,2021
CVE-2021-0324,Product: AndroidVersions: Android SoCAndroid ID: A-175402462,CRITICAL,9.8,NVD-CWE-noinfo,2021
CVE-2021-0325,"In ih264d_parse_pslice of ih264d_parse_pslice.c, there is a possible out of bounds write due to a heap buffer overflow. This could lead to remote code execution with no additional execution privileges needed. User interaction is needed for exploitation.Product: AndroidVersions: Android-8.1 Android-9 Android-10 Android-11Android ID: A-174238784",HIGH,8.8,CWE-787,2021
CVE-2021-0326,"In p2p_copy_client_info of p2p.c, there is a possible out of bounds write due to a missing bounds check. This could lead to remote code execution if the target device is performing a Wi-Fi Direct search, with no additional execution privileges needed. User interaction is not needed for exploitation.Product: AndroidVersions: Android-10 Android-11 Android-8.1 Android-9Android ID: A-172937525",HIGH,7.5,CWE-787,2021
CVE-2021-0327,"In getContentProviderImpl of ActivityManagerService.java, there is a possible permission bypass due to non-restored binder identities. This could lead to local escalation of privilege with no additional execution privileges needed. User interaction is not needed for exploitation.Product: AndroidVersions: Android-9 Android-10 Android-11 Android-8.1Android ID: A-172935267",HIGH,7.8,CWE-269,2021
CVE-2021-0328,"In onBatchScanReports and deliverBatchScan of GattService.java, there is a possible way to retrieve Bluetooth scan results without permissions due to a missing permission check. This could lead to local escalation of privilege with no additional execution privileges needed. User interaction is not needed for exploitation.Product: AndroidVersions: Android-10 Android-11 Android-8.1 Android-9Android ID: A-172670415",HIGH,7.8,CWE-862,2021
CVE-2021-0329,"In several native functions called by AdvertiseManager.java, there is a possible out of bounds write due to a missing bounds check. This could lead to local escalation of privilege in the Bluetooth server with User execution privileges needed. User interaction is not needed for exploitation.Product: AndroidVersions: Android-9 Android-10 Android-11 Android-8.1Android ID: A-171400004",HIGH,7.8,CWE-787,2021
CVE-2021-0330,"In add_user_ce and remove_user_ce of storaged.cpp, there is a possible use-after-free due to improper locking. This could lead to local escalation of privilege in storaged with no additional execution privileges needed. User interaction is not needed for exploitation.Product: AndroidVersions: Android-9 Android-10 Android-11Android ID: A-170732441",HIGH,7.8,CWE-416,2021
CVE-2021-0331,"In onCreate of NotificationAccessConfirmationActivity.java, there is a possible overlay attack due to an insecure default value. This could lead to local escalation of privilege and notification access with User execution privileges needed. User interaction is needed for exploitation.Product: AndroidVersions: Android-9 Android-10 Android-11 Android-8.1Android ID: A-170731783",HIGH,7.3,CWE-1021,2021
CVE-2021-0332,"In bootFinished of SurfaceFlinger.cpp, there is a possible memory corruption due to a use after free. This could lead to local escalation of privilege with User execution privileges needed. User interaction is not needed for exploitation.Product: AndroidVersions: Android-11 Android-10Android ID: A-169256435",HIGH,7.8,CWE-416,2021
CVE-2021-0333,"In onCreate of BluetoothPermissionActivity.java, there is a possible permissions bypass due to a tapjacking overlay that obscures the phonebook permissions dialog when a Bluetooth device is connecting. This could lead to local escalation of privilege with User execution privileges needed. User interaction is needed for exploitation.Product: AndroidVersions: Android-8.1 Android-9 Android-10 Android-11Android ID: A-168504491",HIGH,7.3,CWE-1021,2021
CVE-2021-0334,"In onTargetSelected of ResolverActivity.java, there is a possible settings bypass allowing an app to become the default handler for arbitrary domains. This could lead to local escalation of privilege with User execution privileges needed. User interaction is not needed for exploitation.Product: AndroidVersions: Android-8.1 Android-9 Android-10 Android-11Android ID: A-163358811",HIGH,7.8,CWE-732,2021
CVE-2021-0335,"In process of C2SoftHevcDec.cpp, there is a possible out of bounds write due to a use after free. This could lead to remote information disclosure with no additional execution privileges needed. User interaction is needed for exploitation.Product: AndroidVersions: Android-11Android ID: A-160346309",MEDIUM,6.5,CWE-416,2021
CVE-2021-0336,"In onReceive of BluetoothPermissionRequest.java, there is a possible permissions bypass due to a mutable PendingIntent. This could lead to local escalation of privilege that bypasses a permission check, with User execution privileges needed. User interaction is not needed for exploitation.Product: AndroidVersions: Android-9 Android-10 Android-11 Android-8.1Android ID: A-158219161",HIGH,7.8,CWE-732,2021
CVE-2021-0337,"In moveInMediaStore of FileSystemProvider.java, there is a possible file exposure due to stale metadata. This could lead to local escalation of privilege with User execution privileges needed. User interaction is not needed for exploitation.Product: AndroidVersions: Android-8.1 Android-9 Android-10 Android-11Android ID: A-157474195",HIGH,7.8,CWE-312,2021
CVE-2021-0338,"In SystemSettingsValidators, there is a possible permanent denial of service due to missing bounds checks on UI settings. This could lead to local denial of service with User execution privileges needed. User interaction is not needed for exploitation.Product: AndroidVersions: Android-10 Android-11Android ID: A-156260178",MEDIUM,5.5,CWE-770,2021
CVE-2021-0339,"In loadAnimation of WindowContainer.java, there is a possible way to keep displaying a malicious app while a target app is brought to the foreground. This could lead to local escalation of privilege with no additional execution privileges needed. User interaction is needed for exploitation.Product: AndroidVersions: Android-10 Android-8.1 Android-9Android ID: A-145728687",HIGH,7.8,CWE-754,2021
CVE-2021-0340,"In parseNextBox of IsoInterface.java, there is a possible leak of unredacted location information due to improper input validation. This could lead to remote information disclosure with no additional execution privileges needed. User interaction is needed for exploitation.Product: AndroidVersions: Android-10Android ID: A-134155286",HIGH,8.8,CWE-212,2021
CVE-2021-0341,"In verifyHostName of OkHostnameVerifier.java, there is a possible way to accept a certificate for the wrong domain due to improperly used crypto. This could lead to remote information disclosure with no additional execution privileges needed. User interaction is not needed for exploitation.Product: AndroidVersions: Android-8.1 Android-9 Android-10 Android-11Android ID: A-171980069",HIGH,7.5,CWE-295,2021
CVE-2021-0342,"In tun_get_user of tun.c, there is possible memory corruption due to a use after free. This could lead to local escalation of privilege with System execution privileges required. User interaction is not required for exploitation. Product: Android; Versions: Android kernel; Android ID: A-146554327.",MEDIUM,6.7,CWE-416,2021
CVE-2021-0343,"In kisd, there is a possible out of bounds write due to a missing bounds check. This could lead to local escalation of privilege with System execution privileges needed. User interaction is not needed for exploitation. Product: Android; Versions: Android-11; Patch ID: ALPS05449962.",MEDIUM,6.7,CWE-787,2021
CVE-2021-0344,"In mtkpower, there is a possible memory corruption due to a missing bounds check. This could lead to local escalation of privilege with System execution privileges needed. User interaction is not needed for exploitation. Product: Android; Versions: Android-10, Android-11; Patch ID: ALPS05437558.",MEDIUM,6.7,NVD-CWE-noinfo,2021
CVE-2021-0345,"In mobile_log_d, there is a possible escalation of privilege due to improper input validation. This could lead to local escalation of privilege with System execution privileges needed. User interaction is not needed for exploitation. Product: Android; Versions: Android-10, Android-11; Patch ID: ALPS05432974.",MEDIUM,6.7,CWE-20,2021
CVE-2021-0346,"In vpu, there is a possible out of bounds write due to an incorrect bounds check. This could lead to local escalation of privilege with System execution privileges needed. User interaction is not needed for exploitation. Product: Android; Versions: Android-10, Android-11; Patch ID: ALPS05371580.",MEDIUM,6.7,CWE-787,2021
CVE-2021-0347,"In ccu, there is a possible out of bounds read due to a missing bounds check. This could lead to local information disclosure with System execution privileges needed. User interaction is needed for exploitation. Product: Android; Versions: Android-8.1, Android-9, Android-10, Android-11; Patch ID: ALPS05377188.",MEDIUM,4.4,CWE-125,2021
CVE-2021-0348,"In vpu, there is a possible out of bounds write due to a missing bounds check. This could lead to local escalation of privilege with System execution privileges needed. User interaction is not needed for exploitation. Product: Android; Versions: Android-9, Android-10, Android-11; Patch ID: ALPS05349201.",MEDIUM,6.7,CWE-787,2021
CVE-2021-0349,"In display driver, there is a possible memory corruption due to a use after free. This could lead to local escalation of privilege with System execution privileges needed. User interaction is not needed for exploitation. Product: Android; Versions: Android-9, Android-10, Android-11; Patch ID: ALPS05362646.",MEDIUM,6.7,CWE-416,2021
CVE-2021-0350,"In ged, there is a possible system crash due to an improper input validation. This could lead to local denial of service with System execution privileges needed. User interaction is not needed for exploitation. Product: Android; Versions: Android-8.1, Android-9, Android-10, Android-11; Patch ID: ALPS05342338.",MEDIUM,4.4,CWE-20,2021
CVE-2021-0351,"In wlan driver, there is a possible system crash due to a missing bounds check. This could lead to remote denial of service with no additional execution privileges needed. User interaction is not needed for exploitation. Product: Android; Versions: Android-8.1, Android-9, Android-10, Android-11; Patch ID: ALPS05412917.",HIGH,7.5,NVD-CWE-noinfo,2021
CVE-2021-0352,"In RT regmap driver, there is a possible memory corruption due to type confusion. This could lead to local denial of service with System execution privileges needed. User interaction is not needed for exploitation. Product: Android; Versions: Android-10, Android-11; Patch ID: ALPS05453809.",MEDIUM,4.4,CWE-843,2021
CVE-2021-0353,"In kisd, there is a possible memory corruption due to a heap buffer overflow. This could lead to local escalation of privilege with System execution privileges needed. User interaction is not needed for exploitation. Product: Android; Versions: Android-11; Patch ID: ALPS05425247.",MEDIUM,6.7,CWE-787,2021
CVE-2021-0354,"In ged, there is a possible out of bounds write due to an integer overflow. This could lead to local escalation of privilege with System execution privileges needed. User interaction is not needed for exploitation. Product: Android; Versions: Android-8.1, Android-9, Android-10, Android-11; Patch ID: ALPS05431161.",MEDIUM,6.7,CWE-190,2021
CVE-2021-0355,"In kisd, there is a possible out of bounds write due to an integer overflow. This could lead to local escalation of privilege with System execution privileges needed. User interaction is not needed for exploitation. Product: Android; Versions: Android-11; Patch ID: ALPS05425581.",MEDIUM,6.7,CWE-190,2021
CVE-2021-0356,"In netdiag, there is a possible command injection due to improper input validation. This could lead to local escalation of privilege with System execution privileges needed. User interaction is not needed for exploitation. Product: Android; Versions: Android-10, Android-11; Patch ID: ALPS05442014.",MEDIUM,6.7,CWE-77,2021
CVE-2021-0357,"In netdiag, there is a possible out of bounds write due to a missing bounds check. This could lead to local escalation of privilege with System execution privileges needed. User interaction is not needed for exploitation. Product: Android; Versions: Android-10, Android-11; Patch ID: ALPS05442002.",MEDIUM,6.7,CWE-787,2021
CVE-2021-0358,"In netdiag, there is a possible command injection due to improper input validation. This could lead to local escalation of privilege with System execution privileges needed. User interaction is not needed for exploitation. Product: Android; Versions: Android-10, Android-11; Patch ID: ALPS05442022.",MEDIUM,6.7,CWE-77,2021
CVE-2021-0359,"In netdiag, there is a possible out of bounds write due to a missing bounds check. This could lead to local escalation of privilege with System execution privileges needed. User interaction is not needed for exploitation. Product: Android; Versions: Android-10, Android-11; Patch ID: ALPS05442011.",MEDIUM,6.7,CWE-787,2021
CVE-2021-0360,"In netdiag, there is a possible out of bounds write due to an incorrect bounds check. This could lead to local escalation of privilege with System execution privileges needed. User interaction is not needed for exploitation. Product: Android; Versions: Android-10, Android-11; Patch ID: ALPS05442006.",MEDIUM,6.7,CWE-787,2021
CVE-2021-0361,"In kisd, there is a possible out of bounds read due to improper input validation. This could lead to local escalation of privilege with System execution privileges needed. User interaction is not needed for exploitation. Product: Android; Versions: Android-11; Patch ID: ALPS05449968.",MEDIUM,6.7,CWE-125,2021
CVE-2021-0362,"In aee, there is a possible memory corruption due to a stack buffer overflow. This could lead to local escalation of privilege with System execution privileges needed. User interaction is not needed for exploitation. Product: Android; Versions: Android-11; Patch ID: ALPS05457070.",MEDIUM,6.7,CWE-787,2021
CVE-2021-0363,"In mobile_log_d, there is a possible command injection due to a missing bounds check. This could lead to local escalation of privilege with System execution privileges needed. User interaction is not needed for exploitation. Product: Android; Versions: Android-10, Android-11; Patch ID: ALPS05458478.",MEDIUM,6.7,CWE-77,2021
CVE-2021-0364,"In mobile_log_d, there is a possible command injection due to improper input validation. This could lead to local escalation of privilege with System execution privileges needed. User interaction is not needed for exploitation. Product: Android; Versions: Android-10, Android-11; Patch ID: ALPS05458478; Issue ID: ALPS05458503.",MEDIUM,6.7,CWE-77,2021
CVE-2021-0365,"In display driver, there is a possible memory corruption due to a use after free. This could lead to local escalation of privilege with System execution privileges needed. User interaction is not needed for exploitation. Product: Android; Versions: Android-10, Android-11; Patch ID: ALPS05454782.",MEDIUM,6.7,CWE-416,2021
CVE-2021-0366,"In vpu, there is a possible memory corruption due to a race condition. This could lead to local escalation of privilege with System execution privileges needed. User interaction is not needed for exploitation. Product: Android; Versions: Android-10, Android-11; Patch ID: ALPS05371580; Issue ID: ALPS05379093.",MEDIUM,6.4,CWE-362,2021
CVE-2021-0367,"In vpu, there is a possible memory corruption due to a race condition. This could lead to local escalation of privilege with System execution privileges needed. User interaction is not needed for exploitation. Product: Android; Versions: Android-10, Android-11; Patch ID: ALPS05371580; Issue ID: ALPS05379085.",MEDIUM,6.4,CWE-362,2021
CVE-2021-0368,"In oggpack_look of bitwise.c, there is a possible out of bounds read due to a missing bounds check. This could lead to remote information disclosure with no additional execution privileges needed. User interaction is needed for exploitation.Product: AndroidVersions: Android-11Android ID: A-169829774",MEDIUM,6.5,CWE-125,2021
CVE-2021-0369,"In CrossProfileAppsServiceImpl.java, there is the possibility of an application's INTERACT_ACROSS_PROFILES grant state not displaying properly in the setting UI due to a logic error in the code. This could lead to local escalation of privilege with no additional execution privileges needed. User interaction is needed for exploitation.Product: AndroidVersions: Android-11Android ID: A-166561076",HIGH,7.8,NVD-CWE-Other,2021
CVE-2021-0370,"In Write of NxpMfcReader.cc, there is a possible out of bounds write due to a missing bounds check. This could lead to local escalation of privilege in the NFC server with System execution privileges needed. User interaction is not needed for exploitation.Product: AndroidVersions: Android-11Android ID: A-169259605",MEDIUM,6.7,CWE-787,2021
CVE-2021-0371,"In nci_proc_rf_management_ntf of nci_hrcv.cc, there is a possible out of bounds read due to a missing bounds check. This could lead to local escalation of privilege with System execution privileges needed. User interaction is not needed for exploitation.Product: AndroidVersions: Android-11Android ID: A-164440989",MEDIUM,6.7,CWE-125,2021
CVE-2021-0372,"In getMediaOutputSliceAction of RemoteMediaSlice.java, there is a possible permission bypass due to an unsafe PendingIntent. This could lead to local escalation of privilege with User execution privileges needed. User interaction is not needed for exploitation.Product: AndroidVersions: Android-11Android ID: A-174047735",HIGH,7.8,CWE-732,2021
CVE-2021-0374,"In BnAudioPolicyService::onTransact of IAudioPolicyService.cpp, there is a possible out of bounds read due to a missing bounds check. This could lead to local information disclosure with System execution privileges needed. User interaction is not needed for exploitation.Product: AndroidVersions: Android-11Android ID: A-169572641",MEDIUM,4.4,CWE-125,2021
CVE-2021-0375,"In onPackageModified of VoiceInteractionManagerService.java, there is a possible change of default applications due to an insecure default value. This could lead to local escalation of privilege with no additional execution privileges needed. User interaction is not needed for exploitation.Product: AndroidVersions: Android-11Android ID: A-167261484",MEDIUM,5.5,CWE-330,2021
CVE-2021-0376,"In checkUriPermission and related functions of MediaProvider.java, there is a possible way to access external files due to a permissions bypass. This could lead to local escalation of privilege with no additional execution privileges needed. User interaction is not needed for exploitation.Product: AndroidVersions: Android-11Android ID: A-115619667",HIGH,7.8,CWE-863,2021
CVE-2021-0377,"In DeltaPerformer::Write of delta_performer.cc, there is a possible use of untrusted input due to improper input validation. This could lead to a local bypass of defense in depth protections with no additional execution privileges needed. User interaction is not needed for exploitation.Product: AndroidVersions: Android-11Android ID: A-160800689",MEDIUM,5.5,CWE-20,2021
CVE-2021-0378,"In getNbits of pvmp3_getbits.cpp, there is a possible out of bounds read due to a heap buffer overflow. This could lead to remote information disclosure with no additional execution privileges needed. User interaction is needed for exploitation.Product: AndroidVersions: Android-11Android ID: A-154076193",MEDIUM,6.5,CWE-125,2021
CVE-2021-0379,"In getUpTo17bits of pvmp3_getbits.cpp, there is a possible out of bounds read due to a heap buffer overflow. This could lead to remote information disclosure with no additional execution privileges needed. User interaction is needed for exploitation.Product: AndroidVersions: Android-11Android ID: A-154075955",MEDIUM,6.5,CWE-125,2021
CVE-2021-0380,"In onReceive of DcTracker.java, there is a possible way to trigger a provisioning URL and modify other telephony settings due to a missing permission check. This could lead to local escalation of privilege during the onboarding flow with no additional execution privileges needed. User interaction is not needed for exploitation.Product: AndroidVersions: Android-11Android ID: A-172459128",HIGH,7.8,CWE-862,2021
CVE-2021-0381,"In updateNotifications of DeviceStorageMonitorService.java, there is a possible permission bypass due to an unsafe PendingIntent. This could lead to local information disclosure with User execution privileges needed. User interaction is not needed for exploitation.Product: AndroidVersions: Android-11Android ID: A-153466381",MEDIUM,5.5,CWE-276,2021
CVE-2021-0382,"In checkSlicePermission of SliceManagerService.java, there is a possible resource exposure due to an incorrect permission check. This could lead to local information disclosure with no additional execution privileges needed. User interaction is not needed for exploitation.Product: AndroidVersions: Android-11Android ID: A-140727941",MEDIUM,5.5,CWE-863,2021
CVE-2021-0383,"In done of CaptivePortalLoginActivity.java, there is a confused deputy. This could lead to local escalation of privilege in carrier settings with no additional execution privileges needed. User interaction is not needed for exploitation.Product: AndroidVersions: Android-11Android ID: A-160871056",HIGH,7.8,NVD-CWE-Other,2021
CVE-2021-0385,"In createConnectToAvailableNetworkNotification of ConnectToNetworkNotificationBuilder.java, there is a possible connection to untrusted WiFi networks due to notification interaction above the lockscreen. This could lead to local escalation of privilege with no additional execution privileges needed. User interaction is not needed for exploitation.Product: AndroidVersions: Android-11Android ID: A-172584372",HIGH,7.8,CWE-862,2021
CVE-2021-0386,"In onCreate of UsbConfirmActivity, there is a possible tapjacking vector due to an insecure default value. This could lead to local escalation of privilege with User execution privileges needed. User interaction is needed for exploitation.Product: AndroidVersions: Android-11Android ID: A-173421110",HIGH,7.8,CWE-1021,2021
CVE-2021-0387,"In FindQuotaDeviceForUuid of QuotaUtils.cpp, there is a possible use-after-free due to a race condition. This could lead to local escalation of privilege with System execution privileges needed. User interaction is not needed for exploitation.Product: AndroidVersions: Android-11Android ID: A-169421939",MEDIUM,6.4,CWE-362,2021
CVE-2021-0388,"In onReceive of ImsPhoneCallTracker.java, there is a possible misattribution of data usage due to an incorrect broadcast handler. This could lead to local escalation of privilege resulting in attributing video call data to the wrong app, with no additional execution privileges needed. User interaction is not needed for exploitation.Product: AndroidVersions: Android-11Android ID: A-162741489",HIGH,7.8,CWE-862,2021
CVE-2021-0389,"In setNightModeActivated of UiModeManagerService.java, there is a missing permission check. This could lead to local escalation of privilege with no additional execution privileges needed. User interaction is not needed for exploitation.Product: AndroidVersions: Android-11Android ID: A-168039904",HIGH,7.8,CWE-862,2021
CVE-2021-0390,"In various methods of WifiNetworkSuggestionsManager.java, there is a possible modification of suggested networks due to a missing permission check. This could lead to local escalation of privilege by a background user on the same device with no additional execution privileges needed. User interaction is not needed for exploitation.Product: AndroidVersions: Android-11 Android-8.1 Android-9 Android-10Android ID: A-174749461",HIGH,7.8,CWE-862,2021
CVE-2021-0391,"In onCreate() of ChooseTypeAndAccountActivity.java, there is a possible way to learn the existence of an account, without permissions, due to a tapjacking/overlay attack. This could lead to local escalation of privilege with User execution privileges needed. User interaction is needed for exploitation.Product: AndroidVersions: Android-11 Android-8.1 Android-9 Android-10Android ID: A-172841550",HIGH,7.8,CWE-1021,2021
CVE-2021-0392,"In main of main.cpp, there is a possible memory corruption due to a double free. This could lead to local escalation of privilege with User execution privileges needed. User interaction is not needed for exploitation.Product: AndroidVersions: Android-10 Android-11 Android-9Android ID: A-175124730",HIGH,7.8,CWE-415,2021
CVE-2021-0393,"In Scanner::LiteralBuffer::NewCapacity of scanner.cc, there is a possible out of bounds write due to an integer overflow. This could lead to remote code execution if an attacker can supply a malicious PAC file, with no additional execution privileges needed. User interaction is not needed for exploitation.Product: AndroidVersions: Android-11 Android-8.1 Android-9 Android-10Android ID: A-168041375",HIGH,7.8,CWE-190,2021
CVE-2021-0394,"In android_os_Parcel_readString8 of android_os_Parcel.cpp, there is a possible out of bounds read due to a missing bounds check. This could lead to local information disclosure with no additional execution privileges needed. User interaction is not needed for exploitation.Product: AndroidVersions: Android-11 Android-8.1 Android-9 Android-10Android ID: A-172655291",MEDIUM,5.5,CWE-125,2021
CVE-2021-0395,"In StopServicesAndLogViolations of reboot.cpp, there is possible memory corruption due to a use after free. This could lead to local escalation of privilege with no additional execution privileges needed. User interaction is not needed for exploitation.Product: AndroidVersions: Android-11Android ID: A-170315126",HIGH,7.8,CWE-416,2021
CVE-2021-0396,"In Builtins::Generate_ArgumentsAdaptorTrampoline of builtins-arm.cc and related files, there is a possible out of bounds write due to an incorrect bounds check. This could lead to remote code execution in an unprivileged process with no additional execution privileges needed. User interaction is not needed for exploitation.Product: AndroidVersions: Android-8.1 Android-9 Android-10 Android-11Android ID: A-160610106",CRITICAL,9.8,CWE-787,2021
CVE-2021-0397,"In sdp_copy_raw_data of sdp_discovery.cc, there is a possible system compromise due to a double free. This could lead to remote code execution with no additional execution privileges needed. User interaction is not needed for exploitation.Product: AndroidVersions: Android-11 Android-8.1 Android-9 Android-10Android ID: A-174052148",CRITICAL,9.8,CWE-415,2021
CVE-2021-0398,"In bindServiceLocked of ActiveServices.java, there is a possible foreground service launch due to a confused deputy. This could lead to local escalation of privilege with User execution privileges needed. User interaction is not needed for exploitation.Product: AndroidVersions: Android-11Android ID: A-173516292",HIGH,7.8,NVD-CWE-Other,2021
CVE-2021-0399,"In qtaguid_untag of xt_qtaguid.c, there is a possible memory corruption due to a use after free. This could lead to local escalation of privilege with no additional execution privileges needed. User interaction is not needed for exploitation.Product: AndroidVersions: Android kernelAndroid ID: A-176919394References: Upstream kernel",HIGH,7.8,CWE-416,2021
CVE-2021-0400,"In injectBestLocation and handleUpdateLocation of GnssLocationProvider.java, there is a possible incorrect reporting of location data to emergency services due to improper input validation. This could lead to incorrect reporting of location data to emergency services with User execution privileges needed. User interaction is not needed for exploitation.Product: AndroidVersions: Android-9 Android-10 Android-11Android ID: A-177561690",MEDIUM,5.5,CWE-20,2021
CVE-2021-0401,"In vow, there is a possible memory corruption due to a race condition. This could lead to local escalation of privilege with System execution privileges needed. User interaction is needed for exploitation. Product: Android; Versions: Android-10, Android-11; Patch ID: ALPS05418265.",MEDIUM,6.4,CWE-362,2021
CVE-2021-0402,"In jpeg, there is a possible out of bounds write due to improper input validation. This could lead to local escalation of privilege with System execution privileges needed. User interaction is not needed for exploitation. Product: Android; Versions: Android-11; Patch ID: ALPS05433311.",MEDIUM,6.7,CWE-787,2021
CVE-2021-0403,"In netdiag, there is a possible information disclosure due to a missing permission check. This could lead to local information disclosure with System execution privileges needed. User interaction is not needed for exploitation. Product: Android; Versions: Android-11; Patch ID: ALPS05475124.",MEDIUM,4.4,CWE-862,2021
CVE-2021-0404,"In mobile_log_d, there is a possible information disclosure due to improper input validation. This could lead to local information disclosure with System execution privileges needed. User interaction is not needed for exploitation. Product: Android; Versions: Android-11; Patch ID: ALPS05457039.",MEDIUM,4.4,CWE-20,2021
CVE-2021-0405,"In performance driver, there is a possible out of bounds write due to a missing bounds check. This could lead to local escalation of privilege with System execution privileges needed. User interaction is not needed for exploitation. Product: Android; Versions: Android-10, Android-11; Patch ID: ALPS05466547.",MEDIUM,6.7,CWE-787,2021
CVE-2021-0406,"In cameraisp, there is a possible out of bounds write due to a missing bounds check. This could lead to local escalation of privilege with System execution privileges needed. User interaction is not needed for exploitation. Product: Android; Versions: Android-10, Android-11; Patch ID: ALPS05471418.",MEDIUM,6.7,CWE-787,2021
CVE-2021-0407,"In clk driver, there is a possible out of bounds write due to an incorrect bounds check. This could lead to local escalation of privilege with System execution privileges needed. User interaction is not needed for exploitation. Patch ID: ALPS05479659; Issue ID: ALPS05479659.",MEDIUM,6.7,CWE-787,2021
CVE-2021-0408,"In asf extractor, there is a possible out of bounds read due to an incorrect bounds check. This could lead to local information disclosure with no additional execution privileges needed. User interaction is not needed for exploitation. Patch ID: ALPS05489195; Issue ID: ALPS05489220.",MEDIUM,5.5,CWE-125,2021
CVE-2021-0409,"In flv extractor, there is a possible out of bounds read due to an incorrect bounds check. This could lead to local information disclosure with no additional execution privileges needed. User interaction is not needed for exploitation. Patch ID: ALPS05561359; Issue ID: ALPS05561359.",MEDIUM,5.5,CWE-125,2021
CVE-2021-0410,"In flv extractor, there is a possible out of bounds read due to an incorrect bounds check. This could lead to local information disclosure with no additional execution privileges needed. User interaction is not needed for exploitation. Patch ID: ALPS05561360; Issue ID: ALPS05561360.",MEDIUM,5.5,CWE-125,2021
CVE-2021-0411,"In flv extractor, there is a possible out of bounds read due to an integer overflow. This could lead to local information disclosure with no additional execution privileges needed. User interaction is not needed for exploitation. Patch ID: ALPS05561362; Issue ID: ALPS05561362.",MEDIUM,5.5,CWE-125,2021
CVE-2021-0412,"In flv extractor, there is a possible out of bounds read due to a missing bounds check. This could lead to local information disclosure with no additional execution privileges needed. User interaction is not needed for exploitation. Patch ID: ALPS05561366; Issue ID: ALPS05561366.",MEDIUM,5.5,CWE-125,2021
CVE-2021-0413,"In flv extractor, there is a possible out of bounds read due to a missing bounds check. This could lead to local information disclosure with no additional execution privileges needed. User interaction is not needed for exploitation. Patch ID: ALPS05561379; Issue ID: ALPS05561379.",MEDIUM,5.5,CWE-125,2021
CVE-2021-0414,"In flv extractor, there is a possible out of bounds read due to a heap buffer overflow. This could lead to local information disclosure with no additional execution privileges needed. User interaction is not needed for exploitation. Patch ID: ALPS05561384; Issue ID: ALPS05561384.",MEDIUM,5.5,CWE-125,2021
CVE-2021-0415,"In memory management driver, there is a possible information disclosure due to a missing permission check. This could lead to local information disclosure with no additional execution privileges needed. User interaction is not needed for exploitation. Patch ID: ALPS05403499; Issue ID: ALPS05336692.",MEDIUM,5.5,CWE-862,2021
CVE-2021-0416,"In memory management driver, there is a possible system crash due to improper input validation. This could lead to local denial of service with no additional execution privileges needed. User interaction is not needed for exploitation. Patch ID: ALPS05403499; Issue ID: ALPS05336700.",MEDIUM,5.5,CWE-20,2021
CVE-2021-0417,"In memory management driver, there is a possible system crash due to improper input validation. This could lead to local denial of service with no additional execution privileges needed. User interaction is not needed for exploitation. Patch ID: ALPS05403499; Issue ID: ALPS05336702.",MEDIUM,5.5,CWE-20,2021
CVE-2021-0418,"In memory management driver, there is a possible system crash due to improper input validation. This could lead to local denial of service with no additional execution privileges needed. User interaction is not needed for exploitation. Patch ID: ALPS05403499; Issue ID: ALPS05336706.",MEDIUM,5.5,CWE-20,2021
CVE-2021-0419,"In memory management driver, there is a possible system crash due to improper input validation. This could lead to local denial of service with no additional execution privileges needed. User interaction is not needed for exploitation. Patch ID: ALPS05403499; Issue ID: ALPS05336713.",MEDIUM,5.5,CWE-20,2021
CVE-2021-0420,"In memory management driver, there is a possible system crash due to a missing bounds check. This could lead to local denial of service with no additional execution privileges needed. User interaction is not needed for exploitation. Patch ID: ALPS05403499; Issue ID: ALPS05381065.",MEDIUM,5.5,CWE-770,2021
CVE-2021-0421,"In memory management driver, there is a possible information disclosure due to a missing bounds check. This could lead to local information disclosure with no additional execution privileges needed. User interaction is not needed for exploitation. Patch ID: ALPS05403499; Issue ID: ALPS05381235.",MEDIUM,5.5,CWE-120,2021
CVE-2021-0422,"In memory management driver, there is a possible system crash due to a missing bounds check. This could lead to local denial of service with no additional execution privileges needed. User interaction is not needed for exploitation. Patch ID: ALPS05403499; Issue ID: ALPS05381071.",MEDIUM,5.5,CWE-770,2021
CVE-2021-0423,"In memory management driver, there is a possible information disclosure due to uninitialized data. This could lead to local information disclosure with no additional execution privileges needed. User interaction is not needed for exploitation. Patch ID: ALPS05403499; Issue ID: ALPS05385714.",MEDIUM,5.5,CWE-665,2021
CVE-2021-0424,"In memory management driver, there is a possible system crash due to a missing bounds check. This could lead to local denial of service with no additional execution privileges needed. User interaction is not needed for exploitation. Patch ID: ALPS05403499; Issue ID: ALPS05393787.",MEDIUM,5.5,CWE-770,2021
CVE-2021-0425,"In memory management driver, there is a possible side channel information disclosure. This could lead to local information disclosure with no additional execution privileges needed. User interaction is not needed for exploitation. Patch ID: ALPS05403499; Issue ID: ALPS05400059.",MEDIUM,5.5,NVD-CWE-noinfo,2021
CVE-2021-0426,"In parsePrimaryFieldFirstUidAnnotation of LogEvent.cpp, there is a possible out of bounds write due to a heap buffer overflow. This could lead to local escalation of privilege with no additional execution privileges needed. User interaction is not needed for exploitation.Product: AndroidVersions: Android-11Android ID: A-174485572",HIGH,7.8,CWE-787,2021
CVE-2021-0427,"In parseExclusiveStateAnnotation of LogEvent.cpp, there is a possible out of bounds write due to a heap buffer overflow. This could lead to local escalation of privilege with no additional execution privileges needed. User interaction is not needed for exploitation.Product: AndroidVersions: Android-11Android ID: A-174488848",HIGH,7.8,CWE-787,2021
CVE-2021-0428,"In getSimSerialNumber of TelephonyManager.java, there is a possible way to read a trackable identifier due to a missing permission check. This could lead to local information disclosure with User execution privileges needed. User interaction is not needed for exploitation.Product: AndroidVersions: Android-10Android ID: A-173421434",MEDIUM,5.5,CWE-862,2021
CVE-2021-0429,"In pollOnce of ALooper.cpp, there is possible memory corruption due to a use after free. This could lead to local escalation of privilege with no additional execution privileges needed. User interaction is not needed for exploitation.Product: AndroidVersions: Android-9 Android-10 Android-11 Android-8.1Android ID: A-175074139",HIGH,7.8,CWE-416,2021
CVE-2021-0430,"In rw_mfc_handle_read_op of rw_mfc.cc, there is a possible out of bounds write due to a missing bounds check. This could lead to remote code execution via a malicious NFC packet with no additional execution privileges needed. User interaction is not needed for exploitation.Product: AndroidVersions: Android-10 Android-11Android ID: A-178725766",CRITICAL,9.8,CWE-787,2021
CVE-2021-0431,"In avrc_msg_cback of avrc_api.cc, there is a possible out of bounds read due to a missing bounds check. This could lead to remote information disclosure to a paired device with no additional execution privileges needed. User interaction is not needed for exploitation.Product: AndroidVersions: Android-11 Android-8.1 Android-9 Android-10Android ID: A-174149901",HIGH,7.5,CWE-125,2021
CVE-2021-0432,"In ClearPullerCacheIfNecessary and ForceClearPullerCache of StatsPullerManager.cpp, there is a possible use-after-free due to a race condition. This could lead to local escalation of privilege with no additional execution privileges needed. User interaction is not needed for exploitation.Product: AndroidVersions: Android-11Android ID: A-173552790",HIGH,7.0,CWE-362,2021
CVE-2021-0433,"In onCreate of DeviceChooserActivity.java, there is a possible way to bypass user consent when pairing a Bluetooth device due to a tapjacking/overlay attack. This could lead to local escalation of privilege and pairing malicious devices with no additional execution privileges needed. User interaction is needed for exploitation.Product: AndroidVersions: Android-8.1 Android-9 Android-10 Android-11Android ID: A-171221090",HIGH,8.0,CWE-1021,2021
CVE-2021-0434,"In onReceive of BluetoothPermissionRequest.java, there is a possible phishing attack allowing a malicious Bluetooth device to acquire permissions based on insufficient information presented to the user in the consent dialog. This could lead to local escalation of privilege with no additional execution privileges needed. User interaction is needed for exploitation.Product: AndroidVersions: Android-10 Android-11 Android-9Android ID: A-167403112",HIGH,7.3,NVD-CWE-Other,2021
CVE-2021-0435,"In avrc_proc_vendor_command of avrc_api.cc, there is a possible leak of heap data due to uninitialized data. This could lead to remote information disclosure with no additional execution privileges needed. User interaction is not needed for exploitation.Product: AndroidVersions: Android-11 Android-8.1 Android-9 Android-10Android ID: A-174150451",HIGH,7.5,CWE-665,2021
CVE-2021-0436,"In CryptoPlugin::decrypt of CryptoPlugin.cpp, there is a possible out of bounds read due to integer overflow. This could lead to local information disclosure with no additional execution privileges needed. User interaction is not needed for exploitation.Product: AndroidVersions: Android-8.1 Android-9 Android-10 Android-11Android ID: A-176496160",MEDIUM,5.5,CWE-190,2021
CVE-2021-0437,"In setPlayPolicy of DrmPlugin.cpp, there is a possible double free. This could lead to local escalation of privilege in a privileged process with no additional execution privileges needed. User interaction is not needed for exploitation.Product: AndroidVersions: Android-11 Android-8.1 Android-9 Android-10Android ID: A-176168330",HIGH,7.8,CWE-415,2021
CVE-2021-0438,"In several functions of InputDispatcher.cpp, WindowManagerService.java, and related files, there is a possible tapjacking attack due to an incorrect FLAG_OBSCURED value. This could lead to local escalation of privilege with no additional execution privileges needed. User interaction is needed for exploitation.Product: AndroidVersions: Android-8.1 Android-9 Android-10Android ID: A-152064592",HIGH,7.8,CWE-1021,2021
CVE-2021-0439,"In setPowerModeWithHandle of com_android_server_power_PowerManagerService.cpp, there is a possible out of bounds write due to a missing bounds check. This could lead to local escalation of privilege with no additional execution privileges needed. User interaction is not needed for exploitation.Product: AndroidVersions: Android-11Android ID: A-174243830",HIGH,7.8,CWE-787,2021
CVE-2021-0441,"In onCreate of PermissionActivity.java, there is a possible permission bypass due to Confusing UI. This could lead to local escalation of privilege with no additional execution privileges needed. User interaction is needed for exploitation.Product: AndroidVersions: Android-11Android ID: A-174495520",HIGH,7.3,CWE-276,2021
CVE-2021-0442,"In updateInfo of android_hardware_input_InputApplicationHandle.cpp, there is a possible control of code flow due to a use after free. This could lead to local escalation of privilege with no additional execution privileges needed. User interaction is not needed for exploitation.Product: AndroidVersions: Android-11Android ID: A-174768985",HIGH,7.8,CWE-416,2021
CVE-2021-0443,"In several functions of ScreenshotHelper.java and related files, there is a possible incorrectly saved screenshot due to a race condition. This could lead to local information disclosure across user profiles with no additional execution privileges needed. User interaction is needed for exploitation.Product: AndroidVersions: Android-8.1 Android-9 Android-10 Android-11Android ID: A-170474245",MEDIUM,4.7,CWE-362,2021
CVE-2021-0444,"In onActivityResult of QuickContactActivity.java, there is an unnecessary return of an intent. This could lead to local information disclosure of contact data with no additional execution privileges needed. User interaction is needed for exploitation.Product: AndroidVersions: Android-11 Android-8.1 Android-9 Android-10Android ID: A-178825358",MEDIUM,5.5,NVD-CWE-noinfo,2021
CVE-2021-0445,"In start of WelcomeActivity.java, there is a possible residual profile due to a confused deputy. This could lead to local escalation of privilege with no additional execution privileges needed. User interaction is not needed for exploitation.Product: AndroidVersions: Android-11 Android-9Android ID: A-172322502",HIGH,7.8,NVD-CWE-Other,2021
CVE-2021-0446,"In ImportVCardActivity, there is a possible way to bypass user consent due to a tapjacking/overlay attack. This could lead to local escalation of privilege with User execution privileges needed. User interaction is needed for exploitation.Product: AndroidVersions: Android-11Android ID: A-172252122",HIGH,7.3,CWE-1021,2021
CVE-2021-0449,"In the Titan M chip firmware, there is a possible disclosure of stack memory due to uninitialized data. This could lead to local information disclosure with System execution privileges needed. User interaction is not needed for exploitation.Product: AndroidVersions: Android kernelAndroid ID: A-175117965",MEDIUM,4.4,CWE-665,2021
CVE-2021-0450,"In the Titan M chip firmware, there is a possible disclosure of stack memory due to uninitialized data. This could lead to local information disclosure with System execution privileges needed. User interaction is not needed for exploitation.Product: AndroidVersions: Android kernelAndroid ID: A-175117880",MEDIUM,4.4,CWE-665,2021
CVE-2021-0451,"In the Titan M chip firmware, there is a possible disclosure of stack memory due to uninitialized data. This could lead to local information disclosure with System execution privileges needed. User interaction is not needed for exploitation.Product: AndroidVersions: Android kernelAndroid ID: A-175117871",MEDIUM,4.4,CWE-665,2021
CVE-2021-0452,"In the Titan M chip firmware, there is a possible disclosure of stack memory due to uninitialized data. This could lead to local information disclosure with System execution privileges needed. User interaction is not needed for exploitation.Product: AndroidVersions: Android kernelAndroid ID: A-175117261",MEDIUM,4.4,CWE-665,2021
CVE-2021-0453,"In the Titan-M chip firmware, there is a possible disclosure of stack memory due to uninitialized data. This could lead to local information disclosure with System execution privileges needed. User interaction is not needed for exploitation.Product: AndroidVersions: Android kernelAndroid ID: A-175117199",MEDIUM,4.4,CWE-665,2021
CVE-2021-0454,"In the Citadel chip firmware, there is a possible out of bounds write due to a missing bounds check. This could lead to local escalation of privilege with System execution privileges needed. User interaction is not needed for exploitation.Product: AndroidVersions: Android kernelAndroid ID: A-175117047",MEDIUM,6.7,CWE-787,2021
CVE-2021-0455,"In the Citadel chip firmware, there is a possible out of bounds write due to a missing bounds check. This could lead to local escalation of privilege with System execution privileges needed. User interaction is not needed for exploitation.Product: AndroidVersions: Android kernelAndroid ID: A-175116439",MEDIUM,6.7,CWE-787,2021
CVE-2021-0456,"In the Citadel chip firmware, there is a possible out of bounds write due to a missing bounds check. This could lead to local escalation of privilege with System execution privileges needed. User interaction is not needed for exploitation.Product: AndroidVersions: Android kernelAndroid ID: A-174769927",MEDIUM,6.7,CWE-787,2021
CVE-2021-0457,"In the FingerTipS touch screen driver, there is a possible out of bounds write due to a heap buffer overflow. This could lead to local escalation of privilege with System execution privileges needed. User interaction is not needed for exploitation.Product: AndroidVersions: Android kernelAndroid ID: A-157155375",MEDIUM,6.7,CWE-787,2021
CVE-2021-0458,"In the FingerTipS touch screen driver, there is a possible out of bounds read due to an integer overflow. This could lead to local information disclosure with System execution privileges needed. User interaction is not needed for exploitation.Product: AndroidVersions: Android kernelAndroid ID: A-157156744",MEDIUM,4.4,CWE-190,2021
CVE-2021-0459,"In fts_driver_test_write of fts_proc.c, there is a possible out of bounds read due to a missing bounds check. This could lead to local information disclosure with System execution privileges needed. User interaction is not needed for exploitation.Product: AndroidVersions: Android kernelAndroid ID: A-157154534",MEDIUM,4.4,CWE-125,2021
CVE-2021-0460,"In the FingerTipS touch screen driver, there is a possible out of bounds read due to an integer overflow. This could lead to local information disclosure with System execution privileges needed. User interaction is not needed for exploitation.Product: AndroidVersions: Android kernelAndroid ID: A-156739245",MEDIUM,4.4,CWE-190,2021
CVE-2021-0461,"In iaxxx_core_sensor_change_state of iaxxx-module.c, there is a possible out of bounds write due to a missing bounds check. This could lead to local escalation of privilege with System execution privileges needed. User interaction is not needed for exploitation.Product: AndroidVersions: Android kernelAndroid ID: A-175124074",MEDIUM,6.7,CWE-787,2021
CVE-2021-0462,"In the NXP NFC firmware, there is a possible insecure firmware update due to a logic error. This could lead to local escalation of privilege with System execution privileges needed. User interaction is not needed for exploitation.Product: AndroidVersions: Android kernelAndroid ID: A-168799695",MEDIUM,6.7,NVD-CWE-noinfo,2021
CVE-2021-0463,"In convertToHidl of convert.cpp, there is a possible out of bounds read due to uninitialized data from ReturnFrameworkMessage. This could lead to local information disclosure with no additional execution privileges needed. User interaction is needed for exploitation.Product: AndroidVersions: Android kernelAndroid ID: A-154867068",MEDIUM,5.5,CWE-125,2021
CVE-2021-0464,"In sound_trigger_event_alloc of platform.h, there is a possible out of bounds write due to a heap buffer overflow. This could lead to local escalation of privilege with no additional execution privileges needed. User interaction is not needed for exploitation.Product: AndroidVersions: Android kernelAndroid ID: A-167663878",HIGH,7.8,CWE-787,2021
CVE-2021-0465,"In GenerateFaceMask of face.cc, there is a possible out of bounds write due to an incorrect bounds check. This could lead to local escalation of privilege with no additional execution privileges needed. User interaction is not needed for exploitation.Product: AndroidVersions: Android kernelAndroid ID: A-172005755",HIGH,7.8,CWE-787,2021
CVE-2021-0466,"In startIpClient of ClientModeImpl.java, there is a possible identifier which could be used to track a device. This could lead to remote information disclosure to a proximal attacker, with no additional execution privileges needed. User interaction is not needed for exploitation.Product: AndroidVersions: Android-10Android ID: A-154114734",HIGH,7.5,CWE-330,2021
CVE-2021-0467,"In Chromecast bootROM, there is a possible out of bounds write due to an incorrect bounds check. This could lead to local escalation of privilege in the bootloader, with physical USB access, with no additional execution privileges needed. User interaction is not needed for exploitation.Product: AndroidVersions: Android SoCAndroid ID: A-174490700",MEDIUM,6.8,CWE-787,2021
CVE-2021-0468,"In LK, there is a possible escalation of privilege due to an insecure default value. This could lead to local escalation of privilege for an attacker who has physical access to the device with no additional execution privileges needed. User interaction is needed for exploitation.Product: AndroidVersions: Android SoCAndroid ID: A-180427272",MEDIUM,6.6,CWE-1188,2021
CVE-2021-0471,"In decrypt_1_2 of CryptoPlugin.cpp, there is a possible out of bounds read due to an integer overflow. This could lead to local information disclosure with no additional execution privileges needed. User interaction is not needed for exploitation.Product: AndroidVersions: Android-9 Android-10 Android-11 Android-8.1Android ID: A-176444786",MEDIUM,5.5,CWE-125,2021
CVE-2021-0472,"In shouldLockKeyguard of LockTaskController.java, there is a possible way to exit App Pinning without a PIN due to a permissions bypass. This could lead to local escalation of privilege with no additional execution privileges needed. User interaction is not needed for exploitation.Product: AndroidVersions: Android-11 Android-9 Android-10Android ID: A-176801033",HIGH,7.8,CWE-863,2021
CVE-2021-0473,"In rw_t3t_process_error of rw_t3t.cc, there is a possible double free due to uninitialized data. This could lead to remote code execution over NFC with no additional execution privileges needed. User interaction is not needed for exploitation.Product: AndroidVersions: Android-9 Android-10 Android-11 Android-8.1Android ID: A-179687208",HIGH,8.8,CWE-908,2021
CVE-2021-0474,"In avrc_msg_cback of avrc_api.cc, there is a possible out of bounds write due to a heap buffer overflow. This could lead to remote code execution with no additional execution privileges needed. User interaction is not needed for exploitation.Product: AndroidVersions: Android-11 Android-8.1 Android-9 Android-10Android ID: A-177611958",CRITICAL,9.8,CWE-787,2021
CVE-2021-0475,"In on_l2cap_data_ind of btif_sock_l2cap.cc, there is possible memory corruption due to a use after free. This could lead to remote code execution over Bluetooth with no additional execution privileges needed. User interaction is not needed for exploitation.Product: AndroidVersions: Android-11 Android-10Android ID: A-175686168",HIGH,8.8,CWE-416,2021
CVE-2021-0476,"In FindOrCreatePeer of btif_av.cc, there is a possible use after free due to a race condition. This could lead to local escalation of privilege with no additional execution privileges needed. User interaction is not needed for exploitation.Product: AndroidVersions: Android-11 Android-9 Android-10Android ID: A-169252501",HIGH,7.0,CWE-362,2021
CVE-2021-0477,"In notifyScreenshotError of ScreenshotNotificationsController.java, there is a possible permission bypass due to an unsafe PendingIntent. This could lead to local escalation of privilege with User execution privileges needed. User interaction is not needed for exploitation.Product: AndroidVersions: Android-10 Android-11 Android-8.1 Android-9Android ID: A-178189250",HIGH,7.8,CWE-732,2021
CVE-2021-0478,"In updateDrawable of StatusBarIconView.java, there is a possible permission bypass due to an uncaught exception. This could lead to local escalation of privilege by running foreground services without notifying the user, with User execution privileges needed. User interaction is not needed for exploitation.Product: AndroidVersions: Android-10 Android-11 Android-8.1 Android-9Android ID: A-169255797",HIGH,7.8,CWE-755,2021
CVE-2021-0480,"In createPendingIntent of SnoozeHelper.java, there is a possible broadcast intent containing a sensitive identifier. This could lead to local information disclosure with no additional execution privileges needed. User interaction is needed for exploitation.Product: AndroidVersions: Android-10 Android-11 Android-8.1 Android-9Android ID: A-174493336",MEDIUM,5.5,NVD-CWE-Other,2021
CVE-2021-0481,"In onActivityResult of EditUserPhotoController.java, there is a possible access of unauthorized files due to an unexpected URI handler. This could lead to local escalation of privilege with no additional execution privileges needed. User interaction is needed for exploitation.Product: AndroidVersions: Android-8.1 Android-9 Android-10 Android-11Android ID: A-172939189",HIGH,7.8,CWE-20,2021
CVE-2021-0482,"In BinderDiedCallback of MediaCodec.cpp, there is a possible memory corruption due to a use after free. This could lead to local escalation of privilege with no additional execution privileges needed. User interaction is not needed for exploitation.Product: AndroidVersions: Android-11Android ID: A-173791720",HIGH,7.0,CWE-416,2021
CVE-2021-0483,"In multiple methods of AAudioService, there is a possible use-after-free due to a race condition. This could lead to local escalation of privilege with User execution privileges needed. User interaction is not needed for exploitation.Product: AndroidVersions: Android-10 Android-11Android ID: A-153358911",HIGH,7.8,CWE-362,2021
CVE-2021-0484,"In readVector of IMediaPlayer.cpp, there is a possible read of uninitialized heap data due to a missing bounds check. This could lead to local information disclosure with no additional execution privileges needed. User interaction is not needed for exploitation.Product: AndroidVersions: Android-9 Android-10 Android-11 Android-8.1Android ID: A-173720767",MEDIUM,5.5,CWE-909,2021
CVE-2021-0485,"In getMinimalSize of PipBoundsAlgorithm.java, there is a possible bypass of restrictions on background processes due to a permissions bypass. This could lead to local escalation of privilege with no additional execution privileges needed. User interaction is not needed for exploitation.Product: AndroidVersions: Android-11Android ID: A-174302616",HIGH,7.8,CWE-20,2021
CVE-2021-0486,"In onPackageAddedInternal of PermissionManagerService.java, there is possible access to external storage due to a permissions bypass. This could lead to local escalation of privilege with User execution privileges needed. User interaction is not needed for exploitation.Product: AndroidVersions: Android-10 Android-11Android ID: A-171430330",HIGH,7.8,CWE-276,2021
CVE-2021-0487,"In onCreate of CalendarDebugActivity.java, there is a possible way to export calendar data to the sdcard without user consent due to a tapjacking/overlay attack. This could lead to local escalation of privilege with User execution privileges needed. User interaction is not needed for exploitation.Product: AndroidVersions: Android-11Android ID: A-174046397",HIGH,7.8,CWE-1021,2021
CVE-2021-0488,"In pb_write of pb_encode.c, there is a possible out of bounds write due to a missing bounds check. This could lead to local escalation of privilege with System execution privileges needed. User interaction is not needed for exploitation.Product: AndroidVersions: Android kernelAndroid ID: A-178754781",MEDIUM,6.7,CWE-787,2021
CVE-2021-0489,"In memory management driver, there is a possible out of bounds write due to a missing bounds check. This could lead to local escalation of privilege with no additional execution privileges needed. User interaction is not needed for exploitation.Product: AndroidVersions: Android SoCAndroid ID: A-183464866",HIGH,7.8,CWE-787,2021
CVE-2021-0490,"In memory management driver, there is a possible out of bounds write due to a missing bounds check. This could lead to local escalation of privilege with no additional execution privileges needed. User interaction is not needed for exploitation.Product: AndroidVersions: Android SoCAndroid ID: A-183464868",HIGH,7.8,CWE-787,2021
CVE-2021-0491,"In memory management driver, there is a possible escalation of privilege due to a missing permission check. This could lead to local escalation of privilege with no additional execution privileges needed. User interaction is not needed for exploitation.Product: AndroidVersions: Android SoCAndroid ID: A-183461315",HIGH,7.8,CWE-862,2021
CVE-2021-0492,"In memory management driver, there is a possible out of bounds write due to a missing bounds check. This could lead to local escalation of privilege with no additional execution privileges needed. User interaction is not needed for exploitation.Product: AndroidVersions: Android SoCAndroid ID: A-183459078",HIGH,7.8,CWE-787,2021
CVE-2021-0493,"In memory management driver, there is a possible out of bounds write due to a missing bounds check. This could lead to local escalation of privilege with no additional execution privileges needed. User interaction is not needed for exploitation.Product: AndroidVersions: Android SoCAndroid ID: A-183461317",HIGH,7.8,CWE-787,2021
CVE-2021-0494,"In memory management driver, there is a possible out of bounds write due to an integer overflow. This could lead to local escalation of privilege with no additional execution privileges needed. User interaction is not needed for exploitation.Product: AndroidVersions: Android SoCAndroid ID: A-183461318",HIGH,7.8,CWE-190,2021
CVE-2021-0495,"In memory management driver, there is a possible out of bounds write due to uninitialized data. This could lead to local escalation of privilege with no additional execution privileges needed. User interaction is not needed for exploitation.Product: AndroidVersions: Android SoCAndroid ID: A-183459083",HIGH,7.8,CWE-908,2021
CVE-2021-0496,"In memory management driver, there is a possible memory corruption due to a use after free. This could lead to local escalation of privilege with no additional execution privileges needed. User interaction is not needed for exploitation.Product: AndroidVersions: Android SoCAndroid ID: A-183467912",HIGH,7.8,CWE-416,2021
CVE-2021-0497,"In memory management driver, there is a possible memory corruption due to a use after free. This could lead to local escalation of privilege with no additional execution privileges needed. User interaction is not needed for exploitation.Product: AndroidVersions: Android SoCAndroid ID: A-183461320",HIGH,7.8,CWE-416,2021
CVE-2021-0498,"In memory management driver, there is a possible memory corruption due to a double free. This could lead to local escalation of privilege with no additional execution privileges needed. User interaction is not needed for exploitation.Product: AndroidVersions: Android SoCAndroid ID: A-183461321",HIGH,7.8,CWE-415,2021
CVE-2022-0001,Non-transparent sharing of branch predictor selectors between contexts in some Intel(R) Processors may allow an authorized user to potentially enable information disclosure via local access.,MEDIUM,6.5,NVD-CWE-noinfo,2022
CVE-2022-0002,Non-transparent sharing of branch predictor within a context in some Intel(R) Processors may allow an authorized user to potentially enable information disclosure via local access.,MEDIUM,6.5,NVD-CWE-noinfo,2022
CVE-2022-0004,Hardware debug modes and processor INIT setting that allow override of locks for some Intel(R) Processors in Intel(R) Boot Guard and Intel(R) TXT may allow an unauthenticated user to potentially enable escalation of privilege via physical access.,MEDIUM,6.8,NVD-CWE-noinfo,2022
CVE-2022-0005,Sensitive information accessible by physical probing of JTAG interface for some Intel(R) Processors with SGX may allow an unprivileged user to potentially enable information disclosure via physical access.,LOW,2.4,CWE-319,2022
CVE-2022-0010,"Insertion of Sensitive Information into Log File vulnerability in ABB QCS 800xA, ABB QCS AC450, ABB Platform Engineering Tools.


An attacker, who already has local access to the QCS nodes, could successfully obtain the password for a system user account. Using this information, the attacker could have the potential to exploit this vulnerability to gain control of system nodes. 

This issue affects QCS 800xA: from 1.0;0 through 6.1SP2; QCS AC450: from 1.0;0 through 5.1SP2; Platform Engineering Tools: from 1.0:0 through 2.3.0.

",HIGH,7.8,CWE-532,2022
CVE-2022-0011,"PAN-OS software provides options to exclude specific websites from URL category enforcement and those websites are blocked or allowed (depending on your rules) regardless of their associated URL category. This is done by creating a custom URL category list or by using an external dynamic list (EDL) in a URL Filtering profile. When the entries in these lists have a hostname pattern that does not end with a forward slash (/) or a hostname pattern that ends with an asterisk (*), any URL that starts with the specified pattern is considered a match. Entries with a caret (^) at the end of a hostname pattern match any top level domain. This may inadvertently allow or block more URLs than intended and allowing more URLs than intended represents a security risk. For example: example.com will match example.com.website.test example.com.* will match example.com.website.test example.com.^ will match example.com.test You should take special care when using such entries in policy rules that allow traffic. Where possible, use the exact list of hostname names ending with a forward slash (/) instead of using wildcards. PAN-OS 10.1 versions earlier than PAN-OS 10.1.3; PAN-OS 10.0 versions earlier than PAN-OS 10.0.8; PAN-OS 9.1 versions earlier than PAN-OS 9.1.12; all PAN-OS 9.0 versions; PAN-OS 8.1 versions earlier than PAN-OS 8.1.21, and Prisma Access 2.2 and 2.1 versions do not allow customers to change this behavior without changing the URL category list or EDL.",MEDIUM,6.5,CWE-436,2022
CVE-2022-0012,An improper link resolution before file access vulnerability exists in the Palo Alto Networks Cortex XDR agent on Windows platforms that enables a local user to delete arbitrary system files and impact the system integrity or cause a denial of service condition. This issue impacts: Cortex XDR agent 5.0 versions earlier than Cortex XDR agent 5.0.12; Cortex XDR agent 6.1 versions earlier than Cortex XDR agent 6.1.9; Cortex XDR agent 7.2 versions earlier than Cortex XDR agent 7.2.4; Cortex XDR agent 7.3 versions earlier than Cortex XDR agent 7.3.2.,MEDIUM,6.1,CWE-59,2022
CVE-2022-0013,A file information exposure vulnerability exists in the Palo Alto Networks Cortex XDR agent that enables a local attacker to read the contents of arbitrary files on the system with elevated privileges when generating a support file. This issue impacts: Cortex XDR agent 5.0 versions earlier than Cortex XDR agent 5.0.12; Cortex XDR agent 6.1 versions earlier than Cortex XDR agent 6.1.9; Cortex XDR agent 7.2 versions earlier than Cortex XDR agent 7.2.4; Cortex XDR agent 7.3 versions earlier than Cortex XDR agent 7.3.2.,MEDIUM,5.0,CWE-538,2022
CVE-2022-0014,An untrusted search path vulnerability exists in the Palo Alto Networks Cortex XDR agent that enables a local attacker with file creation privilege in the Windows root directory (such as C:\) to store a program that can then be unintentionally executed by another local user when that user utilizes a Live Terminal session. This issue impacts: Cortex XDR agent 5.0 versions earlier than Cortex XDR agent 5.0.12; Cortex XDR agent 6.1 versions earlier than Cortex XDR agent 6.1.9; Cortex XDR agent 7.2 versions earlier than Cortex XDR agent 7.2.4; Cortex XDR agent 7.3 versions earlier than Cortex XDR agent 7.3.2.,MEDIUM,6.7,CWE-426,2022
CVE-2022-0015,A local privilege escalation (PE) vulnerability exists in the Palo Alto Networks Cortex XDR agent that enables an authenticated local user to execute programs with elevated privileges. This issue impacts: Cortex XDR agent 5.0 versions earlier than Cortex XDR agent 5.0.12; Cortex XDR agent 6.1 versions earlier than Cortex XDR agent 6.1.9.,HIGH,7.8,CWE-427,2022
CVE-2022-0016,An improper handling of exceptional conditions vulnerability exists within the Connect Before Logon feature of the Palo Alto Networks GlobalProtect app that enables a local attacker to escalate to SYSTEM or root privileges when authenticating with Connect Before Logon under certain circumstances. This issue impacts GlobalProtect app 5.2 versions earlier than GlobalProtect app 5.2.9 on Windows and MacOS. This issue does not affect the GlobalProtect app on other platforms.,HIGH,7.4,CWE-703,2022
CVE-2022-0017,An improper link resolution before file access ('link following') vulnerability exists in the Palo Alto Networks GlobalProtect app on Windows that enables a local attacker to disrupt system processes and potentially execute arbitrary code with SYSTEM privileges under certain circumstances. This issue impacts: GlobalProtect app 5.1 versions earlier than GlobalProtect app 5.1.10 on Windows. GlobalProtect app 5.2 versions earlier than GlobalProtect app 5.2.5 on Windows. This issue does not affect GlobalProtect app on other platforms.,HIGH,7.0,CWE-59,2022
CVE-2022-0018,"An information exposure vulnerability exists in the Palo Alto Networks GlobalProtect app on Windows and MacOS where the credentials of the local user account are sent to the GlobalProtect portal when the Single Sign-On feature is enabled in the GlobalProtect portal configuration. This product behavior is intentional and poses no security risk when connecting to trusted GlobalProtect portals configured to use the same Single Sign-On credentials both for the local user account as well as the GlobalProtect login. However when the credentials are different, the local account credentials are inadvertently sent to the GlobalProtect portal for authentication. A third party MITM type of attacker cannot see these credentials in transit. This vulnerability is a concern where the GlobalProtect app is deployed on Bring-your-Own-Device (BYOD) type of clients with private local user accounts or GlobalProtect app is used to connect to different organizations. Fixed versions of GlobalProtect app have an app setting to prevent the transmission of the user's local user credentials to the target GlobalProtect portal regardless of the portal configuration. This issue impacts: GlobalProtect app 5.1 versions earlier than GlobalProtect app 5.1.10 on Windows and MacOS; GlobalProtect app 5.2 versions earlier than GlobalProtect app 5.2.9 on Windows and MacOS This issue does not affect GlobalProtect app on other platforms.",MEDIUM,6.1,CWE-201,2022
CVE-2022-0019,An insufficiently protected credentials vulnerability exists in the Palo Alto Networks GlobalProtect app on Linux that exposes the hashed credentials of GlobalProtect users that saved their password during previous GlobalProtect app sessions to other local users on the system. The exposed credentials enable a local attacker to authenticate to the GlobalProtect portal or gateway as the target user without knowing of the target user’s plaintext password. This issue impacts: GlobalProtect app 5.1 versions earlier than GlobalProtect app 5.1.10 on Linux. GlobalProtect app 5.2 versions earlier than and including GlobalProtect app 5.2.7 on Linux. GlobalProtect app 5.3 versions earlier than GlobalProtect app 5.3.2 on Linux. This issue does not affect the GlobalProtect app on other platforms.,MEDIUM,4.7,CWE-522,2022
CVE-2022-0020,A stored cross-site scripting (XSS) vulnerability in Palo Alto Network Cortex XSOAR web interface enables an authenticated network-based attacker to store a persistent javascript payload that will perform arbitrary actions in the Cortex XSOAR web interface on behalf of authenticated administrators who encounter the payload during normal operations. This issue impacts: All builds of Cortex XSOAR 6.1.0; Cortex XSOAR 6.2.0 builds earlier than build 1958888.,MEDIUM,6.8,CWE-79,2022
CVE-2022-0021,An information exposure through log file vulnerability exists in the Palo Alto Networks GlobalProtect app on Windows that logs the cleartext credentials of the connecting GlobalProtect user when authenticating using Connect Before Logon feature. This issue impacts GlobalProtect App 5.2 versions earlier than 5.2.9 on Windows. This issue does not affect the GlobalProtect app on other platforms.,LOW,3.3,CWE-532,2022
CVE-2022-0022,"Usage of a weak cryptographic algorithm in Palo Alto Networks PAN-OS software where the password hashes of administrator and local user accounts are not created with a sufficient level of computational effort, which allows for password cracking attacks on accounts in normal (non-FIPS-CC) operational mode. An attacker must have access to the account password hashes to take advantage of this weakness and can acquire those hashes if they are able to gain access to the PAN-OS software configuration. Fixed versions of PAN-OS software use a secure cryptographic algorithm for account password hashes. This issue does not impact Prisma Access firewalls. This issue impacts: PAN-OS 8.1 versions earlier than PAN-OS 8.1.21; All versions of PAN-OS 9.0; PAN-OS 9.1 versions earlier than PAN-OS 9.1.11; PAN-OS 10.0 versions earlier than PAN-OS 10.0.7.",MEDIUM,4.1,CWE-916,2022
CVE-2022-0023,An improper handling of exceptional conditions vulnerability exists in the DNS proxy feature of Palo Alto Networks PAN-OS software that enables a meddler-in-the-middle (MITM) to send specifically crafted traffic to the firewall that causes the service to restart unexpectedly. Repeated attempts to send this request result in denial-of-service to all PAN-OS services by restarting the device in maintenance mode. This issue does not impact Panorama appliances and Prisma Access customers. This issue impacts: PAN-OS 8.1 versions earlier than PAN-OS 8.1.22; PAN-OS 9.0 versions earlier than PAN-OS 9.0.16; PAN-OS 9.1 versions earlier than PAN-OS 9.1.13; PAN-OS 10.0 versions earlier than PAN-OS 10.0.10; PAN-OS 10.1 versions earlier than PAN-OS 10.1.5. This issue does not impact PAN-OS 10.2.,MEDIUM,5.9,CWE-755,2022
CVE-2022-0024,A vulnerability exists in Palo Alto Networks PAN-OS software that enables an authenticated network-based PAN-OS administrator to upload a specifically created configuration that disrupts system processes and potentially execute arbitrary code with root privileges when the configuration is committed on both hardware and virtual firewalls. This issue does not impact Panorama appliances or Prisma Access customers. This issue impacts: PAN-OS 8.1 versions earlier than PAN-OS 8.1.23; PAN-OS 9.0 versions earlier than PAN-OS 9.0.16; PAN-OS 9.1 versions earlier than PAN-OS 9.1.13; PAN-OS 10.0 versions earlier than PAN-OS 10.0.10; PAN-OS 10.1 versions earlier than PAN-OS 10.1.5.,HIGH,7.2,CWE-138,2022
CVE-2022-0025,A local privilege escalation (PE) vulnerability exists in Palo Alto Networks Cortex XDR agent software on Windows that enables an authenticated local user with file creation privilege in the Windows root directory (such as C:\) to execute a program with elevated privileges. This issue impacts: All versions of the Cortex XDR agent when upgrading to Cortex XDR agent 7.7.0 on Windows; Cortex XDR agent 7.7.0 without content update 500 or a later version on Windows. This issue does not impact other platforms or other versions of the Cortex XDR agent.,MEDIUM,6.7,CWE-427,2022
CVE-2022-0026,A local privilege escalation (PE) vulnerability exists in Palo Alto Networks Cortex XDR agent software on Windows that enables an authenticated local user with file creation privilege in the Windows root directory (such as C:\) to execute a program with elevated privileges. This issue impacts all versions of Cortex XDR agent without content update 330 or a later content update version.,MEDIUM,6.7,CWE-282,2022
CVE-2022-0027,"An improper authorization vulnerability in Palo Alto Network Cortex XSOAR software enables authenticated users in non-Read-Only groups to generate an email report that contains summary information about all incidents in the Cortex XSOAR instance, including incidents to which the user does not have access. This issue impacts: All versions of Cortex XSOAR 6.1; All versions of Cortex XSOAR 6.2; All versions of Cortex XSOAR 6.5; Cortex XSOAR 6.6 versions earlier than Cortex XSOAR 6.6.0 build 6.6.0.2585049.",MEDIUM,4.3,CWE-285,2022
CVE-2022-0028,"A PAN-OS URL filtering policy misconfiguration could allow a network-based attacker to conduct reflected and amplified TCP denial-of-service (RDoS) attacks. The DoS attack would appear to originate from a Palo Alto Networks PA-Series (hardware), VM-Series (virtual) and CN-Series (container) firewall against an attacker-specified target. To be misused by an external attacker, the firewall configuration must have a URL filtering profile with one or more blocked categories assigned to a source zone that has an external facing interface. This configuration is not typical for URL filtering and, if set, is likely unintended by the administrator. If exploited, this issue would not impact the confidentiality, integrity, or availability of our products. However, the resulting denial-of-service (DoS) attack may help obfuscate the identity of the attacker and implicate the firewall as the source of the attack. We have taken prompt action to address this issue in our PAN-OS software. All software updates for this issue are expected to be released no later than the week of August 15, 2022. This issue does not impact Panorama M-Series or Panorama virtual appliances. This issue has been resolved for all Cloud NGFW and Prisma Access customers and no additional action is required from them.",HIGH,8.6,CWE-406,2022
CVE-2022-0029,An improper link resolution vulnerability in the Palo Alto Networks Cortex XDR agent on Windows devices allows a local attacker to read files on the system with elevated privileges when generating a tech support file.,MEDIUM,5.5,CWE-59,2022
CVE-2022-0030,An authentication bypass vulnerability in the Palo Alto Networks PAN-OS 8.1 web interface allows a network-based attacker with specific knowledge of the target firewall or Panorama appliance to impersonate an existing PAN-OS administrator and perform privileged actions.,HIGH,8.1,CWE-290,2022
CVE-2022-0031,A local privilege escalation (PE) vulnerability in the Palo Alto Networks Cortex XSOAR engine software running on a Linux operating system allows a local attacker with shell access to the engine to execute programs with elevated privileges.,MEDIUM,6.7,CWE-345,2022
CVE-2022-0070,Incomplete fix for CVE-2021-3100. The Apache Log4j hotpatch package starting with log4j-cve-2021-44228-hotpatch-1.1-16 will now explicitly mimic the Linux capabilities and cgroups of the target Java process that the hotpatch is applied to.,HIGH,8.8,CWE-250,2022
CVE-2022-0071,"Incomplete fix for CVE-2021-3101. Hotdog, prior to v1.0.2, did not mimic the resource limits, device restrictions, or syscall filters of the target JVM process. This would allow a container to exhaust the resources of the host, modify devices, or make syscalls that would otherwise be blocked.",HIGH,8.8,CWE-250,2022
CVE-2022-0072,"Directory Traversal vulnerability in LiteSpeed Technologies OpenLiteSpeed Web Server and LiteSpeed Web Server dashboards allows Path Traversal. This affects versions from 1.5.11 through 1.5.12, from 1.6.5 through 1.6.20.1, from 1.7.0 before 1.7.16.1",MEDIUM,5.8,CWE-22,2022
CVE-2022-0073,"Improper Input Validation vulnerability in LiteSpeed Technologies OpenLiteSpeed Web Server and LiteSpeed Web Server dashboards allows Command Injection. This affects 1.7.0  versions before 1.7.16.1.
",HIGH,8.8,CWE-20,2022
CVE-2022-0074,"Untrusted Search Path vulnerability in LiteSpeed Technologies OpenLiteSpeed Web Server and LiteSpeed Web Server Container allows Privilege Escalation. This affects versions from 1.6.15 before 1.7.16.1.
",HIGH,8.8,CWE-426,2022
CVE-2022-0079,showdoc is vulnerable to Generation of Error Message Containing Sensitive Information,MEDIUM,5.3,CWE-209,2022
CVE-2022-0080,mruby is vulnerable to Heap-based Buffer Overflow,CRITICAL,9.8,CWE-122,2022
CVE-2022-0083,livehelperchat is vulnerable to Generation of Error Message Containing Sensitive Information,MEDIUM,5.3,CWE-209,2022
CVE-2022-0084,"A flaw was found in XNIO, specifically in the notifyReadClosed method. The issue revealed this method was logging a message to another expected end. This flaw allows an attacker to send flawed requests to a server, possibly causing log contention-related performance concerns or an unwanted disk fill-up.",HIGH,7.5,CWE-770,2022
CVE-2022-0085,Server-Side Request Forgery (SSRF) in GitHub repository dompdf/dompdf prior to 2.0.0.,MEDIUM,5.3,CWE-918,2022
CVE-2022-0086,uppy is vulnerable to Server-Side Request Forgery (SSRF),CRITICAL,9.8,CWE-918,2022
CVE-2022-0087,keystone is vulnerable to Improper Neutralization of Input During Web Page Generation ('Cross-site Scripting'),MEDIUM,6.1,CWE-79,2022
CVE-2022-0088,Cross-Site Request Forgery (CSRF) in GitHub repository yourls/yourls prior to 1.8.3.,HIGH,7.4,CWE-352,2022
CVE-2022-0090,"An issue has been discovered affecting GitLab versions prior to 14.4.5, between 14.5.0 and 14.5.3, and between 14.6.0 and 14.6.1. GitLab is configured in a way that it doesn't ignore replacement references with git sub-commands, allowing a malicious user to spoof the contents of their commits in the UI.",MEDIUM,6.5,CWE-269,2022
CVE-2022-0093,"An issue has been discovered affecting GitLab versions prior to 14.4.5, between 14.5.0 and 14.5.3, and between 14.6.0 and 14.6.1. GitLab allows a user with an expired password to access sensitive information through RSS feeds.",LOW,3.5,NVD-CWE-Other,2022
CVE-2022-0096,Use after free in Storage in Google Chrome prior to 97.0.4692.71 allowed a remote attacker to potentially exploit heap corruption via a crafted HTML page.,HIGH,8.8,CWE-416,2022
CVE-2022-0097,Inappropriate implementation in DevTools in Google Chrome prior to 97.0.4692.71 allowed an attacker who convinced a user to install a malicious extension to to potentially allow extension to escape the sandbox via a crafted HTML page.,CRITICAL,9.6,NVD-CWE-noinfo,2022
CVE-2022-0098,Use after free in Screen Capture in Google Chrome on Chrome OS prior to 97.0.4692.71 allowed an attacker who convinced a user to perform specific user gestures to potentially exploit heap corruption via specific user gestures.,HIGH,8.8,CWE-416,2022
CVE-2022-0099,Use after free in Sign-in in Google Chrome prior to 97.0.4692.71 allowed a remote attacker who convinced a user to perform specific user gestures to potentially exploit heap corruption via specific user gesture.,HIGH,8.8,CWE-416,2022
CVE-2022-0100,Heap buffer overflow in Media streams API in Google Chrome prior to 97.0.4692.71 allowed a remote attacker to potentially exploit heap corruption via a crafted HTML page.,HIGH,8.8,CWE-787,2022
CVE-2022-0101,Heap buffer overflow in Bookmarks in Google Chrome prior to 97.0.4692.71 allowed a remote attacker who convinced a user to perform specific user gesture to potentially exploit heap corruption via specific user gesture.,HIGH,8.8,CWE-787,2022
CVE-2022-0102,Type confusion in V8 in Google Chrome prior to 97.0.4692.71 allowed a remote attacker to potentially exploit heap corruption via a crafted HTML page.,HIGH,8.8,CWE-843,2022
CVE-2022-0103,Use after free in SwiftShader in Google Chrome prior to 97.0.4692.71 allowed a remote attacker to potentially exploit heap corruption via a crafted HTML page.,HIGH,8.8,CWE-416,2022
CVE-2022-0104,Heap buffer overflow in ANGLE in Google Chrome prior to 97.0.4692.71 allowed a remote attacker to potentially exploit heap corruption via a crafted HTML page.,HIGH,8.8,CWE-787,2022
CVE-2022-0105,Use after free in PDF Accessibility in Google Chrome prior to 97.0.4692.71 allowed a remote attacker to potentially exploit heap corruption via a crafted HTML page.,HIGH,8.8,CWE-416,2022
CVE-2022-0106,Use after free in Autofill in Google Chrome prior to 97.0.4692.71 allowed a remote attacker who convinced a user to perform specific user gesture to potentially exploit heap corruption via a crafted HTML page.,HIGH,8.8,CWE-416,2022
CVE-2022-0107,Use after free in File Manager API in Google Chrome on Chrome OS prior to 97.0.4692.71 allowed an attacker who convinced a user to install a malicious extension to potentially exploit heap corruption via a crafted HTML page.,HIGH,8.8,CWE-416,2022
CVE-2022-0108,Inappropriate implementation in Navigation in Google Chrome prior to 97.0.4692.71 allowed a remote attacker to leak cross-origin data via a crafted HTML page.,MEDIUM,6.5,CWE-346,2022
CVE-2022-0109,Inappropriate implementation in Autofill in Google Chrome prior to 97.0.4692.71 allowed a remote attacker to obtain potentially sensitive information via a crafted HTML page.,MEDIUM,6.5,NVD-CWE-noinfo,2022
CVE-2022-0110,Incorrect security UI in Autofill in Google Chrome prior to 97.0.4692.71 allowed a remote attacker to spoof the contents of the Omnibox (URL bar) via a crafted HTML page.,MEDIUM,4.3,CWE-1021,2022
CVE-2022-0111,Inappropriate implementation in Navigation in Google Chrome prior to 97.0.4692.71 allowed a remote attacker to incorrectly set origin via a crafted HTML page.,MEDIUM,6.5,CWE-346,2022
CVE-2022-0112,Incorrect security UI in Browser UI in Google Chrome prior to 97.0.4692.71 allowed a remote attacker to display missing URL or incorrect URL via a crafted URL.,MEDIUM,4.3,NVD-CWE-noinfo,2022
CVE-2022-0113,Inappropriate implementation in Blink in Google Chrome prior to 97.0.4692.71 allowed a remote attacker to leak cross-origin data via a crafted HTML page.,MEDIUM,6.5,CWE-346,2022
CVE-2022-0114,Out of bounds memory access in Blink Serial API in Google Chrome prior to 97.0.4692.71 allowed a remote attacker to perform an out of bounds memory read via a crafted HTML page and virtual serial port driver.,HIGH,8.1,CWE-125,2022
CVE-2022-0115,Uninitialized use in File API in Google Chrome prior to 97.0.4692.71 allowed a remote attacker to potentially perform out of bounds memory access via a crafted HTML page.,HIGH,8.8,CWE-908,2022
CVE-2022-0116,Inappropriate implementation in Compositing in Google Chrome prior to 97.0.4692.71 allowed a remote attacker to spoof the contents of the Omnibox (URL bar) via a crafted HTML page.,MEDIUM,4.3,NVD-CWE-noinfo,2022
CVE-2022-0117,Policy bypass in Blink in Google Chrome prior to 97.0.4692.71 allowed a remote attacker to leak cross-origin data via a crafted HTML page.,MEDIUM,6.5,CWE-863,2022
CVE-2022-0118,Inappropriate implementation in WebShare in Google Chrome prior to 97.0.4692.71 allowed a remote attacker to potentially hide the contents of the Omnibox (URL bar) via a crafted HTML page.,MEDIUM,4.3,NVD-CWE-noinfo,2022
CVE-2022-0120,Inappropriate implementation in Passwords in Google Chrome prior to 97.0.4692.71 allowed a remote attacker to potentially leak cross-origin data via a malicious website.,MEDIUM,6.5,CWE-346,2022
CVE-2022-0121,"Improper Neutralization of Input During Web Page Generation ('Cross-site Scripting') vulnerability in hoppscotch hoppscotch/hoppscotch.This issue affects hoppscotch/hoppscotch before 2.1.1.

",HIGH,8.0,CWE-79,2022
CVE-2022-0122,forge is vulnerable to URL Redirection to Untrusted Site,MEDIUM,6.1,CWE-601,2022
CVE-2022-0123,"An issue has been discovered affecting GitLab versions prior to 14.4.5, between 14.5.0 and 14.5.3, and between 14.6.0 and 14.6.1. GitLab does not validate SSL certificates for some of external CI services which makes it possible to perform MitM attacks on connections to these external services.",MEDIUM,5.9,CWE-295,2022
CVE-2022-0124,"An issue has been discovered affecting GitLab versions prior to 14.4.5, between 14.5.0 and 14.5.3, and between 14.6.0 and 14.6.1. Gitlab's Slack integration is incorrectly validating user input and allows to craft malicious URLs that are sent to slack.",MEDIUM,4.3,CWE-116,2022
CVE-2022-0125,"An issue has been discovered in GitLab affecting all versions starting from 12.0 before 14.4.5, all versions starting from 14.5.0 before 14.5.3, all versions starting from 14.6.0 before 14.6.2. GitLab was not verifying that a maintainer of a project had the right access to import members from a target project.",MEDIUM,4.3,CWE-862,2022
CVE-2022-0128,vim is vulnerable to Out-of-bounds Read,HIGH,7.8,CWE-125,2022
CVE-2022-0129,Uncontrolled search path element vulnerability in McAfee TechCheck prior to 4.0.0.2 allows a local administrator to load their own Dynamic Link Library (DLL) gaining elevation of privileges to system user. This was achieved through placing the malicious DLL in the same directory that the process was run from.,HIGH,7.4,CWE-427,2022
CVE-2022-0130,"Tenable.sc versions 5.14.0 through 5.19.1 were found to contain a remote code execution vulnerability which could allow a remote, unauthenticated attacker to execute code under special circumstances. An attacker would first have to stage a specific file type in the web server root of the Tenable.sc host prior to remote exploitation.",HIGH,8.1,NVD-CWE-noinfo,2022
CVE-2022-0131,"Jimoty App for Android versions prior to 3.7.42 uses a hard-coded API key for an external service. By exploiting this vulnerability, API key for an external service may be obtained by analyzing data in the app.",LOW,3.3,CWE-798,2022
CVE-2022-0132,peertube is vulnerable to Server-Side Request Forgery (SSRF),HIGH,7.5,CWE-918,2022
CVE-2022-0133,peertube is vulnerable to Improper Access Control,HIGH,7.5,CWE-284,2022
CVE-2022-0134,"The AnyComment WordPress plugin before 0.2.18 does not have CSRF checks in the Import and Revert HyperComments features, allowing attackers to make logged in admin perform such actions via a CSRF attack",HIGH,8.8,CWE-352,2022
CVE-2022-0135,"An out-of-bounds write issue was found in the VirGL virtual OpenGL renderer (virglrenderer). This flaw allows a malicious guest to create a specially crafted virgil resource and then issue a VIRTGPU_EXECBUFFER ioctl, leading to a denial of service or possible code execution.",HIGH,7.8,CWE-787,2022
CVE-2022-0136,"A vulnerability was discovered in GitLab versions 10.5 to 14.5.4, 14.6 to 14.6.4, and 14.7 to 14.7.1. GitLab was vulnerable to a blind SSRF attack through the Project Import feature.",MEDIUM,5.4,CWE-918,2022
CVE-2022-0137,A heap buffer overflow in image_set_mask function of HTMLDOC before 1.9.15 allows an attacker to write outside the buffer boundaries.,HIGH,7.5,CWE-119,2022
CVE-2022-0138,"MMP: All versions prior to v1.0.3, PTP C-series: Device versions prior to v2.8.6.1, and PTMP C-series and A5x: Device versions prior to v2.5.4.1 has a deserialization function that does not validate or check the data, allowing arbitrary classes to be created.",HIGH,7.5,CWE-502,2022
CVE-2022-0139,Use After Free in GitHub repository radareorg/radare2 prior to 5.6.0.,CRITICAL,9.8,CWE-416,2022
CVE-2022-0140,"The Visual Form Builder WordPress plugin before 3.0.6 does not perform access control on entry form export, allowing unauthenticated users to see the form entries or export it as a CSV File using the vfb-export endpoint.",MEDIUM,5.3,CWE-306,2022
CVE-2022-0141,The Visual Form Builder WordPress plugin before 3.0.8 does not enforce nonce checks which could allow attackers to make a logged in admin or editor delete and restore arbitrary form entries via CSRF attacks,HIGH,8.1,CWE-352,2022
CVE-2022-0142,"The Visual Form Builder WordPress plugin before 3.0.8 is vulnerable to CSV injection allowing a user with low level or no privileges to inject a command that will be included in the exported CSV file, leading to possible code execution.",CRITICAL,9.8,CWE-1236,2022
CVE-2022-0143,"When the LDAP connector is started with StartTLS configured, unauthenticated access is granted. This issue affects: all versions of the LDAP connector prior to 1.5.20.9. The LDAP connector is bundled with Identity Management (IDM) and Remote Connector Server (RCS)",CRITICAL,9.3,CWE-284,2022
CVE-2022-0144,shelljs is vulnerable to Improper Privilege Management,HIGH,7.1,CWE-269,2022
CVE-2022-0145,Cross-site Scripting (XSS) - Stored in GitHub repository forkcms/forkcms prior to 5.11.1.,MEDIUM,5.4,CWE-79,2022
CVE-2022-0147,"The Cookie Information | Free GDPR Consent Solution WordPress plugin before 2.0.8 does not escape user data before outputting it back in attributes in the admin dashboard, leading to a Reflected Cross-Site Scripting issue",MEDIUM,6.1,CWE-79,2022
CVE-2022-0148,"The All-in-one Floating Contact Form, Call, Chat, and 50+ Social Icon Tabs WordPress plugin before 2.0.4 was vulnerable to reflected XSS on the my-sticky-elements-leads admin page.",MEDIUM,5.4,CWE-79,2022
CVE-2022-0149,The WooCommerce Stored Exporter WordPress plugin before 2.7.1 was affected by a Reflected Cross-Site Scripting (XSS) vulnerability in the woo_ce admin page.,MEDIUM,6.1,CWE-79,2022
CVE-2022-0150,"The WP Accessibility Helper (WAH) WordPress plugin before 0.6.0.7 does not sanitise and escape the wahi parameter before outputting back its base64 decode value in the page, leading to a Reflected Cross-Site Scripting issue",MEDIUM,6.1,CWE-79,2022
CVE-2022-0151,"An issue has been discovered in GitLab affecting all versions starting from 12.10 before 14.4.5, all versions starting from 14.5.0 before 14.5.3, all versions starting from 14.6.0 before 14.6.2. GitLab was not correctly handling requests to delete existing packages which could result in a Denial of Service under specific conditions.",MEDIUM,6.5,NVD-CWE-noinfo,2022
CVE-2022-0152,"An issue has been discovered in GitLab affecting all versions starting from 13.10 before 14.4.5, all versions starting from 14.5.0 before 14.5.3, all versions starting from 14.6.0 before 14.6.2. GitLab was vulnerable to unauthorized access to some particular fields through the GraphQL API.",MEDIUM,6.5,CWE-862,2022
CVE-2022-0153,SQL Injection in GitHub repository forkcms/forkcms prior to 5.11.1.,HIGH,7.5,CWE-89,2022
CVE-2022-0154,"An issue has been discovered in GitLab affecting all versions starting from 7.7 before 14.4.5, all versions starting from 14.5.0 before 14.5.3, all versions starting from 14.6.0 before 14.6.2. GitLab was vulnerable to a Cross-Site Request Forgery attack that allows a malicious user to have their GitHub project imported on another GitLab user account.",HIGH,7.5,CWE-352,2022
CVE-2022-0155,follow-redirects is vulnerable to Exposure of Private Personal Information to an Unauthorized Actor,MEDIUM,6.5,CWE-359,2022
CVE-2022-0156,vim is vulnerable to Use After Free,MEDIUM,5.5,CWE-416,2022
CVE-2022-0157,phoronix-test-suite is vulnerable to Improper Neutralization of Input During Web Page Generation ('Cross-site Scripting'),MEDIUM,5.4,CWE-79,2022
CVE-2022-0158,vim is vulnerable to Heap-based Buffer Overflow,LOW,3.3,CWE-122,2022
CVE-2022-0159,orchardcore is vulnerable to Improper Neutralization of Input During Web Page Generation ('Cross-site Scripting'),MEDIUM,5.4,CWE-79,2022
CVE-2022-0161,"The ARI Fancy Lightbox WordPress plugin before 1.3.9 does not sanitise and escape the msg parameter before outputting it back in an admin page, leading to a Reflected Cross-Site Scripting",MEDIUM,6.1,CWE-79,2022
CVE-2022-0162,The vulnerability exists in TP-Link TL-WR841N V11 3.16.9 Build 160325 Rel.62500n wireless router due to transmission of authentication information in cleartextbase64 format. Successful exploitation of this vulnerability could allow a remote attacker to intercept credentials and subsequently perform administrative operations on the affected device through web-based management interface.,HIGH,8.4,CWE-319,2022
CVE-2022-0163,"The Smart Forms WordPress plugin before 2.6.71 does not have authorisation in its rednao_smart_forms_entries_list AJAX action, allowing any authenticated users, such as subscriber, to download arbitrary form's data, which could include sensitive information such as PII depending on the form.",MEDIUM,6.5,CWE-862,2022
CVE-2022-0164,"The Coming soon and Maintenance mode WordPress plugin before 3.5.3 does not have authorisation and CSRF checks in its coming_soon_send_mail AJAX action, allowing any authenticated users, with a role as low as subscriber to send arbitrary emails to all subscribed users",MEDIUM,4.3,CWE-352,2022
CVE-2022-0165,The Page Builder KingComposer WordPress plugin through 2.9.6 does not validate the id parameter before redirecting the user to it via the kc_get_thumbn AJAX action available to both unauthenticated and authenticated users,MEDIUM,6.1,CWE-601,2022
CVE-2022-0166,A privilege escalation vulnerability in the McAfee Agent prior to 5.7.5. McAfee Agent uses openssl.cnf during the build process to specify the OPENSSLDIR variable as a subdirectory within the installation directory. A low privilege user could have created subdirectories and executed arbitrary code with SYSTEM privileges by creating the appropriate pathway to the specifically created malicious openssl.cnf file.,HIGH,7.8,CWE-427,2022
CVE-2022-0167,"An issue has been discovered in GitLab affecting all versions starting from 14.0 before 14.4.5, all versions starting from 14.5.0 before 14.5.3, all versions starting from 14.6.0 before 14.6.2. GitLab was not disabling the Autocomplete attribute of fields related to sensitive information making it possible to be retrieved under certain conditions.",LOW,3.1,CWE-79,2022
CVE-2022-0168,"A denial of service (DOS) issue was found in the Linux kernel’s smb2_ioctl_query_info function in the fs/cifs/smb2ops.c Common Internet File System (CIFS) due to an incorrect return from the memdup_user function. This flaw allows a local, privileged (CAP_SYS_ADMIN) attacker to crash the system.",MEDIUM,4.4,CWE-476,2022
CVE-2022-0169,"The Photo Gallery by 10Web WordPress plugin before 1.6.0 does not validate and escape the bwg_tag_id_bwg_thumbnails_0 parameter before using it in a SQL statement via the bwg_frontend_data AJAX action (available to unauthenticated and authenticated users), leading to an unauthenticated SQL injection",CRITICAL,9.8,CWE-89,2022
CVE-2022-0171,A flaw was found in the Linux kernel. The existing KVM SEV API has a vulnerability that allows a non-root (host) user-level application to crash the host kernel by creating a confidential guest VM instance in AMD CPU that supports Secure Encrypted Virtualization (SEV).,MEDIUM,5.5,CWE-459,2022
CVE-2022-0172,"An issue has been discovered in GitLab CE/EE affecting all versions starting with 12.3. Under certain conditions it was possible to bypass the IP restriction for public projects through GraphQL allowing unauthorised users to read titles of issues, merge requests and milestones.",MEDIUM,5.3,NVD-CWE-Other,2022
CVE-2022-0173,radare2 is vulnerable to Out-of-bounds Read,MEDIUM,5.5,CWE-125,2022
CVE-2022-0174,Improper Validation of Specified Quantity in Input vulnerability in dolibarr dolibarr/dolibarr.,MEDIUM,4.3,CWE-1284,2022
CVE-2022-0175,"A flaw was found in the VirGL virtual OpenGL renderer (virglrenderer). The virgl did not properly initialize memory when allocating a host-backed memory resource. A malicious guest could use this flaw to mmap from the guest kernel and read this uninitialized memory from the host, possibly leading to information disclosure.",MEDIUM,5.5,CWE-909,2022
CVE-2022-0176,"The PowerPack Lite for Beaver Builder WordPress plugin before 1.2.9.3 does not sanitise and escape the tab parameter before outputting it back in an admin page, leading to a Reflected Cross-Site Scripting",MEDIUM,6.1,CWE-79,2022
CVE-2022-0178,"Missing Authorization vulnerability in snipe snipe/snipe-it.This issue affects snipe/snipe-i before 5.3.8.

",MEDIUM,6.3,CWE-862,2022
CVE-2022-0179,snipe-it is vulnerable to Missing Authorization,MEDIUM,5.4,CWE-862,2022
CVE-2022-0180,Cross-site request forgery (CSRF) vulnerability in Quiz And Survey Master versions prior to 7.3.7 allows a remote attacker to hijack the authentication of administrators and conduct arbitrary operations via a specially crafted web page.,HIGH,8.8,CWE-352,2022
CVE-2022-0181,Reflected cross-site scripting vulnerability in Quiz And Survey Master versions prior to 7.3.7 allows a remote attacker to inject an arbitrary script via unspecified vectors.,MEDIUM,6.1,CWE-79,2022
CVE-2022-0182,Stored cross-site scripting vulnerability in Quiz And Survey Master versions prior to 7.3.7 allows a remote authenticated attacker to inject an arbitrary script via an website that uses Quiz And Survey Master.,MEDIUM,5.4,CWE-79,2022
CVE-2022-0183,Missing encryption of sensitive data vulnerability in 'MIRUPASS' PW10 firmware all versions and 'MIRUPASS' PW20 firmware all versions allows an attacker who can physically access the device to obtain the stored passwords.,MEDIUM,4.6,CWE-311,2022
CVE-2022-0184,Insufficiently protected credentials vulnerability in 'TEPRA' PRO SR5900P Ver.1.080 and earlier and 'TEPRA' PRO SR-R7900P Ver.1.030 and earlier allows an attacker on the adjacent network to obtain credentials for connecting to the Wi-Fi access point with the infrastructure mode.,MEDIUM,4.3,CWE-522,2022
CVE-2022-0185,"A heap-based buffer overflow flaw was found in the way the legacy_parse_param function in the Filesystem Context functionality of the Linux kernel verified the supplied parameters length. An unprivileged (in case of unprivileged user namespaces enabled, otherwise needs namespaced CAP_SYS_ADMIN privilege) local user able to open a filesystem that does not support the Filesystem Context API (and thus fallbacks to legacy handling) could use this flaw to escalate their privileges on the system.",HIGH,8.4,CWE-190,2022
CVE-2022-0186,"The Image Photo Gallery Final Tiles Grid WordPress plugin before 3.5.3 does not sanitise and escape the Description field when editing a gallery, allowing users with a role as low as contributor to perform Cross-Site Scripting attacks against other users having access to the gallery dashboard",MEDIUM,5.4,CWE-79,2022
CVE-2022-0188,"The CMP WordPress plugin before 4.0.19 allows any user, even not logged in, to arbitrarily change the coming soon page layout.",MEDIUM,5.3,CWE-306,2022
CVE-2022-0189,"The WP RSS Aggregator WordPress plugin before 4.20 does not sanitise and escape the id parameter in the wprss_fetch_items_row_action AJAX action before outputting it back in the response, leading to a Reflected Cross-Site Scripting",MEDIUM,6.1,CWE-79,2022
CVE-2022-0190,The Ad Invalid Click Protector (AICP) WordPress plugin before 1.2.6 is affected by a SQL Injection in the id parameter of the delete action.,HIGH,8.8,CWE-89,2022
CVE-2022-0191,"The Ad Invalid Click Protector (AICP) WordPress plugin before 1.2.7 does not have CSRF check deleting banned users, which could allow attackers to make a logged in admin remove arbitrary bans",MEDIUM,6.5,CWE-352,2022
CVE-2022-0192,A DLL search path vulnerability was reported in Lenovo PCManager prior to version 4.0.40.2175 that could allow privilege escalation.,HIGH,7.3,CWE-427,2022
CVE-2022-0193,"The Complianz WordPress plugin before 6.0.0 does not escape the s parameter before outputting it back in an attribute in an admin page, leading to a Reflected Cross-Site Scripting",MEDIUM,6.1,CWE-79,2022
CVE-2022-0194,This vulnerability allows remote attackers to execute arbitrary code on affected installations of Netatalk. Authentication is not required to exploit this vulnerability. The specific flaw exists within the ad_addcomment function. The issue results from the lack of proper validation of the length of user-supplied data prior to copying it to a fixed-length stack-based buffer. An attacker can leverage this vulnerability to execute code in the context of root. Was ZDI-CAN-15876.,CRITICAL,9.8,CWE-121,2022
CVE-2022-0196,phoronix-test-suite is vulnerable to Cross-Site Request Forgery (CSRF),HIGH,8.8,CWE-352,2022
CVE-2022-0198,corenlp is vulnerable to Improper Restriction of XML External Entity Reference,HIGH,7.1,CWE-611,2022
CVE-2022-0199,"The Coming soon and Maintenance mode WordPress plugin before 3.6.8 does not have CSRF check in its coming_soon_send_mail AJAX action, allowing attackers to make logged in admin to send arbitrary emails to all subscribed users via a CSRF attack",MEDIUM,4.3,CWE-352,2022
CVE-2022-0200,"Themify Portfolio Post WordPress plugin before 1.1.7 does not sanitise and escape the num_of_pages parameter before outputting it back the response of the themify_create_popup_page_pagination AJAX action (available to any authenticated user), leading to a Reflected Cross-Site Scripting",MEDIUM,5.4,CWE-79,2022
CVE-2022-0201,"The Permalink Manager Lite WordPress plugin before 2.2.15 and Permalink Manager Pro WordPress plugin before 2.2.15 do not sanitise and escape query parameters before outputting them back in the debug page, leading to a Reflected Cross-Site Scripting issue",MEDIUM,6.1,CWE-79,2022
CVE-2022-0203,Improper Access Control in GitHub repository crater-invoice/crater prior to 6.0.2.,MEDIUM,5.3,CWE-284,2022
CVE-2022-0204,"A heap overflow vulnerability was found in bluez in versions prior to 5.63. An attacker with local network access could pass specially crafted files causing an application to halt or crash, leading to a denial of service.",HIGH,8.8,CWE-119,2022
CVE-2022-0205,"The YOP Poll WordPress plugin before 6.3.5 does not sanitise and escape some of the settings (available to users with a role as low as author) before outputting them, leading to a Stored Cross-Site Scripting issue",MEDIUM,5.4,CWE-79,2022
CVE-2022-0206,"The NewStatPress WordPress plugin before 1.3.6 does not properly escape the whatX parameters before outputting them back in attributes, leading to Reflected Cross-Site Scripting issues",MEDIUM,6.1,CWE-79,2022
CVE-2022-0207,A race condition was found in vdsm. Functionality to obfuscate sensitive values in log files that may lead to values being stored in clear text.,MEDIUM,4.7,CWE-362,2022
CVE-2022-0208,"The MapPress Maps for WordPress plugin before 2.73.4 does not sanitise and escape the mapid parameter before outputting it back in the ""Bad mapid"" error message, leading to a Reflected Cross-Site Scripting",MEDIUM,6.1,CWE-79,2022
CVE-2022-0209,"The Mitsol Social Post Feed WordPress plugin before 1.11 does not escape some of its settings before outputting them back in attributes, which could allow high privilege users such as admin to perform cross-Site Scripting attacks even when the unfiltered_html capability is disallowed",MEDIUM,4.8,CWE-79,2022
CVE-2022-0210,"The Random Banner WordPress plugin is vulnerable to Stored Cross-Site Scripting due to insufficient escaping via the category parameter found in the ~/include/models/model.php file which allowed attackers with administrative user access to inject arbitrary web scripts, in versions up to and including 4.1.4. This affects multi-site installations where unfiltered_html is disabled for administrators, and sites where unfiltered_html is disabled.",MEDIUM,4.8,CWE-79,2022
CVE-2022-0211,"The Shield Security WordPress plugin before 13.0.6 does not sanitise and escape admin notes, which could allow high privilege users to perform Cross-Site Scripting attacks even when the unfiltered_html is disallowed.",MEDIUM,4.8,CWE-79,2022
CVE-2022-0212,"The SpiderCalendar WordPress plugin through 1.5.65 does not sanitise and escape the callback parameter before outputting it back in the page via the window AJAX action (available to both unauthenticated and authenticated users), leading to a Reflected Cross-Site Scripting issue.",MEDIUM,6.1,CWE-79,2022
CVE-2022-0214,"The Custom Popup Builder WordPress plugin before 1.3.1 autoload data from its popup on every pages, as such data can be sent by unauthenticated user, and is not validated in length, this could cause a denial of service on the blog",HIGH,7.5,CWE-1284,2022
CVE-2022-0215,"The Login/Signup Popup, Waitlist Woocommerce ( Back in stock notifier ), and Side Cart Woocommerce (Ajax) WordPress plugins by XootiX are vulnerable to Cross-Site Request Forgery via the save_settings function found in the ~/includes/xoo-framework/admin/class-xoo-admin-settings.php file which makes it possible for attackers to update arbitrary options on a site that can be used to create an administrative user account and grant full privileged access to a compromised site. This affects versions <= 2.2 in Login/Signup Popup, versions <= 2.5.1 in Waitlist Woocommerce ( Back in stock notifier ), and versions <= 2.0 in Side Cart Woocommerce (Ajax).",HIGH,8.8,CWE-352,2022
CVE-2022-0216,"A use-after-free vulnerability was found in the LSI53C895A SCSI Host Bus Adapter emulation of QEMU. The flaw occurs while processing repeated messages to cancel the current SCSI request via the lsi_do_msgout function. This flaw allows a malicious privileged user within the guest to crash the QEMU process on the host, resulting in a denial of service.",MEDIUM,4.4,CWE-416,2022
CVE-2022-0217,"It was discovered that an internal Prosody library to load XML based on libexpat does not properly restrict the XML features allowed in parsed XML data. Given suitable attacker input, this results in expansion of recursive entity references from DTDs (CWE-776). In addition, depending on the libexpat version used, it may also allow injections using XML External Entity References (CWE-611).",HIGH,7.5,CWE-776,2022
CVE-2022-0218,"The WP HTML Mail WordPress plugin is vulnerable to unauthorized access which allows unauthenticated attackers to retrieve and modify theme settings due to a missing capability check on the /themesettings REST-API endpoint found in the ~/includes/class-template-designer.php file, in versions up to and including 3.0.9. This makes it possible for attackers with no privileges to execute the endpoint and add malicious JavaScript to a vulnerable WordPress site.",HIGH,8.3,CWE-79,2022
CVE-2022-0219,Improper Restriction of XML External Entity Reference in GitHub repository skylot/jadx prior to 1.3.2.,MEDIUM,5.5,CWE-611,2022
CVE-2022-0220,"The check_privacy_settings AJAX action of the WordPress GDPR WordPress plugin before 1.9.27, available to both unauthenticated and authenticated users, responds with JSON data without an ""application/json"" content-type. Since an HTML payload isn't properly escaped, it may be interpreted by a web browser led to this endpoint. Javascript code may be executed on a victim's browser. Due to v1.9.26 adding a CSRF check, the XSS is only exploitable against unauthenticated users (as they all share the same nonce)",MEDIUM,6.1,CWE-116,2022
CVE-2022-0221,A CWE-611: Improper Restriction of XML External Entity Reference vulnerability exists that could result in information disclosure when opening a malicious solution file provided by an attacker with SCADAPack Workbench. This could be exploited to pass data from local files to a remote system controlled by an attacker. Affected Product: SCADAPack Workbench (6.6.8a and prior),MEDIUM,5.5,CWE-611,2022
CVE-2022-0222,"A CWE-269: Improper Privilege Management vulnerability exists that could cause a denial of service of the Ethernet communication of the controller when sending a specific request over SNMP. Affected products: Modicon M340 CPUs(BMXP34* versions prior to V3.40), Modicon M340 X80 Ethernet Communication modules:BMXNOE0100 (H), BMXNOE0110 (H), BMXNOR0200H RTU(BMXNOE* all versions)(BMXNOR* versions prior to v1.7 IR24)",HIGH,7.5,CWE-269,2022
CVE-2022-0223,"A CWE-22: Improper Limitation of a Pathname to a Restricted Directory ('Path Traversal') vulnerability exists that could allow an attacker to create or overwrite critical files that are used to execute code, such as programs or libraries and cause unauthenticated code execution. Affected Products: EcoStruxure Power Commission (Versions prior to V2.22)",MEDIUM,6.5,CWE-22,2022
CVE-2022-0224,dolibarr is vulnerable to Improper Neutralization of Special Elements used in an SQL Command,CRITICAL,9.8,CWE-89,2022
CVE-2022-0225,"A flaw was found in Keycloak. This flaw allows a privileged attacker to use the malicious payload as the group name while creating a new group from the admin console, leading to a stored Cross-site scripting (XSS) attack.",MEDIUM,5.4,CWE-79,2022
CVE-2022-0226,livehelperchat is vulnerable to Cross-Site Request Forgery (CSRF),MEDIUM,4.3,CWE-352,2022
CVE-2022-0228,"The Popup Builder WordPress plugin before 4.0.7 does not validate and properly escape the orderby and order parameters before using them in a SQL statement in the admin dashboard, which could allow high privilege users to perform SQL injection",HIGH,7.2,CWE-89,2022
CVE-2022-0229,"The miniOrange's Google Authenticator WordPress plugin before 5.5 does not have proper authorisation and CSRF checks when handling the reconfigureMethod, and does not validate the parameters passed to it properly. As a result, unauthenticated users could delete arbitrary options from the blog, making it unusable.",HIGH,8.1,CWE-352,2022
CVE-2022-0230,"The Better WordPress Google XML Sitemaps WordPress plugin through 1.4.1 does not sanitise and escape its logs when outputting them in the admin dashboard, which could allow unauthenticated users to perform Stored Cross-Site Scripting attacks against admins",MEDIUM,6.1,CWE-79,2022
CVE-2022-0232,"The User Registration, Login & Landing Pages WordPress plugin is vulnerable to Stored Cross-Site Scripting due to insufficient escaping via the loader_text parameter found in the ~/includes/templates/landing-page.php file which allows attackers with administrative user access to inject arbitrary web scripts, in versions up to and including 1.2.7. This affects multi-site installations where unfiltered_html is disabled for administrators, and sites where unfiltered_html is disabled.",MEDIUM,4.8,CWE-79,2022
CVE-2022-0233,"The ProfileGrid – User Profiles, Memberships, Groups and Communities WordPress plugin is vulnerable to Stored Cross-Site Scripting due to insufficient escaping via the pm_user_avatar and pm_cover_image parameters found in the ~/admin/class-profile-magic-admin.php file which allows attackers with authenticated user access, such as subscribers, to inject arbitrary web scripts into their profile, in versions up to and including 1.2.7.",MEDIUM,6.4,CWE-79,2022
CVE-2022-0234,"The WOOCS WordPress plugin before 1.3.7.5 does not sanitise and escape the woocs_in_order_currency parameter of the woocs_get_products_price_html AJAX action (available to both unauthenticated and authenticated users) before outputting it back in the response, leading to a Reflected Cross-Site Scripting",MEDIUM,6.1,CWE-79,2022
CVE-2022-0235,node-fetch is vulnerable to Exposure of Sensitive Information to an Unauthorized Actor,MEDIUM,6.1,CWE-200,2022
CVE-2022-0236,"The WP Import Export WordPress plugin (both free and premium versions) is vulnerable to unauthenticated sensitive data disclosure due to a missing capability check on the download function wpie_process_file_download found in the ~/includes/classes/class-wpie-general.php file. This made it possible for unauthenticated attackers to download any imported or exported information from a vulnerable site which can contain sensitive information like user data. This affects versions up to, and including, 3.9.15.",HIGH,7.5,CWE-862,2022
CVE-2022-0237,"Rapid7 Insight Agent versions 3.1.2.38 and earlier suffer from a privilege escalation vulnerability, whereby an attacker can hijack the flow of execution due to an unquoted argument to the runas.exe command used by the ir_agent.exe component, resulting in elevated rights and persistent access to the machine. This issue was fixed in Rapid7 Insight Agent version 3.1.3.80.",MEDIUM,4.0,CWE-264,2022
CVE-2022-0240,mruby is vulnerable to NULL Pointer Dereference,HIGH,7.5,CWE-476,2022
CVE-2022-0242,Unrestricted Upload of File with Dangerous Type in GitHub repository crater-invoice/crater prior to 6.0.,HIGH,7.2,CWE-434,2022
CVE-2022-0243,Cross-site Scripting (XSS) - Stored in NuGet OrchardCore.Application.Cms.Targets prior to 1.2.2.,MEDIUM,5.4,CWE-79,2022
CVE-2022-0244,An issue has been discovered in GitLab CE/EE affecting all versions starting with 14.5. Arbitrary file read was possible by importing a group was due to incorrect handling of file.,HIGH,8.6,CWE-552,2022
CVE-2022-0245,Cross-Site Request Forgery (CSRF) in GitHub repository livehelperchat/livehelperchat prior to 2.0.,MEDIUM,4.3,CWE-352,2022
CVE-2022-0246,"The settings of the iQ Block Country WordPress plugin before 1.2.13 can be exported or imported using its backup functionality. An authorized user can import preconfigured settings of the plugin by uploading a zip file. After the uploading process, files in the uploaded zip file are extracted one by one. During the extraction process, existence of a file is checked. If the file exists, it is deleted without any security control by only considering the name of the extracted file. This behavior leads to ""Zip Slip"" vulnerability.",MEDIUM,4.9,CWE-73,2022
CVE-2022-0247,An issue exists in Fuchsia where VMO data can be modified through access to copy-on-write snapshots. A local attacker could modify objects in the VMO that they do not have permission to. We recommend upgrading past commit d97c05d2301799ed585620a9c5c739d36e7b5d3d or any of the listed versions.,HIGH,7.5,CWE-732,2022
CVE-2022-0248,"The Contact Form Submissions WordPress plugin before 1.7.3 does not sanitise and escape additional fields in contact form requests before outputting them in the related submission. As a result, unauthenticated attacker could perform Cross-Site Scripting attacks against admins viewing the malicious submission",MEDIUM,6.1,CWE-79,2022
CVE-2022-0249,A vulnerability was discovered in GitLab starting with version 12. GitLab was vulnerable to a blind SSRF attack since requests to shared address space were not blocked.,LOW,3.1,CWE-918,2022
CVE-2022-0250,"The Redirection for Contact Form 7 WordPress plugin before 2.5.0 does not escape a link generated before outputting it in an attribute, leading to a Reflected Cross-Site Scripting",MEDIUM,6.1,CWE-79,2022
CVE-2022-0251,Cross-site Scripting (XSS) - Stored in GitHub repository pimcore/pimcore prior to 10.2.10.,MEDIUM,5.4,CWE-79,2022
CVE-2022-0252,"The GiveWP WordPress plugin before 2.17.3 does not escape the json parameter before outputting it back in an attribute in the Import admin dashboard, leading to a Reflected Cross-Site Scripting",MEDIUM,6.1,CWE-79,2022
CVE-2022-0253,livehelperchat is vulnerable to Improper Neutralization of Input During Web Page Generation ('Cross-site Scripting'),MEDIUM,5.4,CWE-79,2022
CVE-2022-0254,"The WordPress Zero Spam WordPress plugin before 5.2.11 does not properly sanitise and escape the order and orderby parameters before using them in a SQL statement in the admin dashboard, leading to a SQL injection",CRITICAL,9.8,CWE-89,2022
CVE-2022-0255,"The Database Backup for WordPress plugin before 2.5.1 does not properly sanitise and escape the fragment parameter before using it in a SQL statement in the admin dashboard, leading to a SQL injection issue",HIGH,7.2,CWE-89,2022
CVE-2022-0256,pimcore is vulnerable to Improper Neutralization of Input During Web Page Generation ('Cross-site Scripting'),MEDIUM,5.4,CWE-79,2022
CVE-2022-0258,pimcore is vulnerable to Improper Neutralization of Special Elements used in an SQL Command,HIGH,8.8,CWE-89,2022
CVE-2022-0260,Cross-site Scripting (XSS) - Stored in GitHub repository pimcore/pimcore prior to 10.2.7.,MEDIUM,5.4,CWE-79,2022
CVE-2022-0261,Heap-based Buffer Overflow in GitHub repository vim/vim prior to 8.2.,HIGH,7.8,CWE-122,2022
CVE-2022-0262,Cross-site Scripting (XSS) - Stored in Packagist pimcore/pimcore prior to 10.2.7.,MEDIUM,6.1,CWE-79,2022
CVE-2022-0263,Unrestricted Upload of File with Dangerous Type in Packagist pimcore/pimcore prior to 10.2.7.,HIGH,7.8,CWE-434,2022
CVE-2022-0264,A vulnerability was found in the Linux kernel's eBPF verifier when handling internal data structures. Internal memory locations could be returned to userspace. A local attacker with the permissions to insert eBPF code to the kernel can use this to leak internal kernel memory details defeating some of the exploit mitigations in place for the kernel. This flaws affects kernel versions < v5.16-rc6,MEDIUM,5.5,CWE-755,2022
CVE-2022-0265,Improper Restriction of XML External Entity Reference in GitHub repository hazelcast/hazelcast in 5.1-BETA-1.,CRITICAL,9.8,CWE-611,2022
CVE-2022-0266,Authorization Bypass Through User-Controlled Key in Packagist remdex/livehelperchat prior to 3.92v.,MEDIUM,6.6,CWE-639,2022
CVE-2022-0267,"The AdRotate WordPress plugin before 5.8.22 does not sanitise and escape the adrotate_action before using it in a SQL statement via the adrotate_request_action function available to admins, leading to a SQL injection",HIGH,7.2,CWE-89,2022
CVE-2022-0268,Cross-site Scripting (XSS) - Stored in Packagist getgrav/grav prior to 1.7.28.,MEDIUM,5.4,CWE-79,2022
CVE-2022-0269,Cross-Site Request Forgery (CSRF) in Packagist yetiforce/yetiforce-crm prior to 6.3.0.,HIGH,8.0,CWE-352,2022
CVE-2022-0270,"Prior to v0.6.1, bored-agent failed to sanitize incoming kubernetes impersonation headers allowing a user to override assigned user name and groups.",HIGH,8.8,CWE-284,2022
CVE-2022-0271,"The LearnPress WordPress plugin before 4.1.6 does not sanitise and escape the lp-dismiss-notice before outputting it back via the lp_background_single_email AJAX action, leading to a Reflected Cross-Site Scripting",MEDIUM,6.1,CWE-79,2022
CVE-2022-0272,Improper Restriction of XML External Entity Reference in GitHub repository detekt/detekt prior to 1.20.0.,CRITICAL,9.8,CWE-611,2022
CVE-2022-0273,Improper Access Control in Pypi calibreweb prior to 0.6.16.,MEDIUM,6.5,CWE-284,2022
CVE-2022-0277,Incorrect Permission Assignment for Critical Resource in Packagist microweber/microweber prior to 1.2.11.,MEDIUM,6.5,CWE-732,2022
CVE-2022-0278,Cross-site Scripting (XSS) - Stored in Packagist microweber/microweber prior to 1.2.11.,MEDIUM,5.4,CWE-79,2022
CVE-2022-0279,"The AnyComment WordPress plugin before 0.2.18 is affected by a race condition when liking/disliking a comment/reply, which could allow any authenticated user to quickly raise their rating or lower the rating of other users",LOW,3.1,CWE-362,2022
CVE-2022-0280,A race condition vulnerability exists in the QuickClean feature of McAfee Total Protection for Windows prior to 16.0.43 that allows a local user to gain privilege elevation and perform an arbitrary file delete. This could lead to sensitive files being deleted and potentially cause denial of service. This attack exploits the way symlinks are created and how the product works with them.,HIGH,7.5,CWE-367,2022
CVE-2022-0281,Exposure of Sensitive Information to an Unauthorized Actor in Packagist microweber/microweber prior to 1.2.11.,HIGH,7.5,CWE-200,2022
CVE-2022-0282,"Cross-site Scripting in Packagist microweber/microweber prior to 1.2.11.

",MEDIUM,4.3,CWE-79,2022
CVE-2022-0283,An issue has been discovered affecting GitLab versions prior to 13.5. An open redirect vulnerability was fixed in GitLab integration with Jira that a could cause the web application to redirect the request to the attacker specified URL.,MEDIUM,4.7,CWE-601,2022
CVE-2022-0284,A heap-based-buffer-over-read flaw was found in ImageMagick's GetPixelAlpha() function of 'pixel-accessor.h'. This vulnerability is triggered when an attacker passes a specially crafted Tagged Image File Format (TIFF) image to convert it into a PICON file format. This issue can potentially lead to a denial of service and information disclosure.,HIGH,7.1,CWE-125,2022
CVE-2022-0285,Cross-site Scripting (XSS) - Stored in Packagist pimcore/pimcore prior to 10.2.9.,MEDIUM,5.4,CWE-79,2022
CVE-2022-0286,A flaw was found in the Linux kernel. A null pointer dereference in bond_ipsec_add_sa() may lead to local denial of service.,MEDIUM,5.5,CWE-476,2022
CVE-2022-0287,"The myCred WordPress plugin before 2.4.4.1 does not have any authorisation in place in its mycred-tools-select-user AJAX action, allowing any authenticated user, such as subscriber to call and retrieve all email addresses from the blog",MEDIUM,4.3,CWE-862,2022
CVE-2022-0288,"The Ad Inserter WordPress plugin before 2.7.10, Ad Inserter Pro WordPress plugin before 2.7.10 do not sanitise and escape the html_element_selection parameter before outputting it back in the page, leading to a Reflected Cross-Site Scripting",MEDIUM,6.1,CWE-79,2022
CVE-2022-0289,Use after free in Safe browsing in Google Chrome prior to 97.0.4692.99 allowed a remote attacker to potentially exploit heap corruption via a crafted HTML page.,HIGH,8.8,CWE-416,2022
CVE-2022-0290,Use after free in Site isolation in Google Chrome prior to 97.0.4692.99 allowed a remote attacker to potentially perform a sandbox escape via a crafted HTML page.,CRITICAL,9.6,CWE-416,2022
CVE-2022-0291,Inappropriate implementation in Storage in Google Chrome prior to 97.0.4692.99 allowed a remote attacker who had compromised the renderer process to bypass site isolation via a crafted HTML page.,MEDIUM,6.5,NVD-CWE-noinfo,2022
CVE-2022-0292,Inappropriate implementation in Fenced Frames in Google Chrome prior to 97.0.4692.99 allowed a remote attacker who had compromised the renderer process to bypass navigation restrictions via a crafted HTML page.,MEDIUM,6.5,NVD-CWE-noinfo,2022
CVE-2022-0293,Use after free in Web packaging in Google Chrome prior to 97.0.4692.99 allowed a remote attacker to potentially exploit heap corruption via a crafted HTML page.,HIGH,8.8,CWE-416,2022
CVE-2022-0294,Inappropriate implementation in Push messaging in Google Chrome prior to 97.0.4692.99 allowed a remote attacker who had compromised the renderer process to bypass site isolation via a crafted HTML page.,MEDIUM,6.5,NVD-CWE-noinfo,2022
CVE-2022-0295,Use after free in Omnibox in Google Chrome prior to 97.0.4692.99 allowed a remote attacker who convinced the user to engage is specific user interactions to potentially exploit heap corruption via a crafted HTML page.,HIGH,8.8,CWE-416,2022
CVE-2022-0296,Use after free in Printing in Google Chrome prior to 97.0.4692.99 allowed a remote attacker who convinced the user to engage is specific user interactions to potentially exploit heap corruption via a crafted HTML page.,HIGH,8.8,CWE-416,2022
CVE-2022-0297,Use after free in Vulkan in Google Chrome prior to 97.0.4692.99 allowed a remote attacker to potentially exploit heap corruption via a crafted HTML page.,HIGH,8.8,CWE-416,2022
CVE-2022-0298,Use after free in Scheduling in Google Chrome prior to 97.0.4692.99 allowed a remote attacker to potentially exploit heap corruption via a crafted HTML page.,HIGH,8.8,CWE-416,2022
CVE-2022-0300,Use after free in Text Input Method Editor in Google Chrome on Android prior to 97.0.4692.99 allowed a remote attacker who convinced a user to engage in specific user interactions to potentially exploit heap corruption via a crafted HTML page.,HIGH,8.8,CWE-416,2022
CVE-2022-0301,Heap buffer overflow in DevTools in Google Chrome prior to 97.0.4692.99 allowed an attacker who convinced a user to install a malicious extension to potentially exploit heap corruption via a crafted HTML page.,HIGH,7.8,CWE-416,2022
CVE-2022-0302,Use after free in Omnibox in Google Chrome prior to 97.0.4692.99 allowed an attacker who convinced a user to engage in specific user interactions to potentially exploit heap corruption via a crafted HTML page.,HIGH,8.8,CWE-416,2022
CVE-2022-0304,Use after free in Bookmarks in Google Chrome prior to 97.0.4692.99 allowed a remote attacker who convinced a user to engage in specific user interactions to potentially exploit heap corruption via a crafted HTML page.,HIGH,8.8,CWE-416,2022
CVE-2022-0305,Inappropriate implementation in Service Worker API in Google Chrome prior to 97.0.4692.99 allowed a remote attacker who had compromised the renderer process to bypass site isolation via a crafted HTML page.,MEDIUM,6.5,NVD-CWE-noinfo,2022
CVE-2022-0306,Heap buffer overflow in PDFium in Google Chrome prior to 97.0.4692.99 allowed a remote attacker to potentially exploit heap corruption via a crafted HTML page.,HIGH,8.8,CWE-787,2022
CVE-2022-0307,Use after free in Optimization Guide in Google Chrome prior to 97.0.4692.99 allowed a remote attacker who convinced a user to engage in specific user interaction to potentially exploit heap corruption via a crafted HTML page.,HIGH,8.8,CWE-416,2022
CVE-2022-0308,Use after free in Data Transfer in Google Chrome on Chrome OS prior to 97.0.4692.99 allowed a remote attacker who convinced a user to engage in specific user interaction to potentially exploit heap corruption via a crafted HTML page.,HIGH,8.8,CWE-416,2022
CVE-2022-0309,Inappropriate implementation in Autofill in Google Chrome prior to 97.0.4692.99 allowed a remote attacker to bypass navigation restrictions via a crafted HTML page.,MEDIUM,6.5,CWE-863,2022
CVE-2022-0310,Heap buffer overflow in Task Manager in Google Chrome prior to 97.0.4692.99 allowed a remote attacker to potentially exploit heap corruption via specific user interactions.,HIGH,8.8,CWE-787,2022
CVE-2022-0311,Heap buffer overflow in Task Manager in Google Chrome prior to 97.0.4692.99 allowed a remote attacker who convinced a user to engage in specific user interaction to potentially exploit heap corruption via a crafted HTML page.,HIGH,8.8,CWE-787,2022
CVE-2022-0313,"The Float menu WordPress plugin before 4.3.1 does not have CSRF check in place when deleting menu, which could allow attackers to make a logged in admin delete them via a CSRF attack",MEDIUM,4.3,CWE-352,2022
CVE-2022-0314,"The Nimble Page Builder WordPress plugin before 3.2.2 does not sanitise and escape the preview-level-guid parameter before outputting it back in the page, leading to a Reflected Cross-Site Scripting",MEDIUM,6.1,CWE-79,2022
CVE-2022-0315,Insecure Temporary File in GitHub repository horovod/horovod prior to 0.24.0.,HIGH,7.5,CWE-377,2022
CVE-2022-0316,"The WeStand WordPress theme before 2.1, footysquare WordPress theme, aidreform WordPress theme, statfort WordPress theme, club-theme WordPress theme, kingclub-theme WordPress theme, spikes WordPress theme, spikes-black WordPress theme, soundblast WordPress theme, bolster WordPress theme from ChimpStudio and PixFill does not have any authorisation and upload validation in the lang_upload.php file, allowing any unauthenticated attacker to upload arbitrary files to the web server.",CRITICAL,9.8,N/A,2022
CVE-2022-0317,"An improper input validation vulnerability in go-attestation before 0.3.3 allows local users to provide a maliciously-formed Quote over no/some PCRs, causing AKPublic.Verify to succeed despite the inconsistency. Subsequent use of the same set of PCR values in Eventlog.Verify lacks the authentication performed by quote verification, meaning a local attacker could couple this vulnerability with a maliciously-crafted TCG log in Eventlog.Verify to spoof events in the TCG log, hence defeating remotely-attested measured-boot. We recommend upgrading to Version 0.4.0 or above.",MEDIUM,4.0,CWE-20,2022
CVE-2022-0318,Heap-based Buffer Overflow in vim/vim prior to 8.2.,CRITICAL,9.8,CWE-122,2022
CVE-2022-0319,Out-of-bounds Read in vim/vim prior to 8.2.,MEDIUM,5.5,CWE-125,2022
CVE-2022-0320,"The Essential Addons for Elementor WordPress plugin before 5.0.5 does not validate and sanitise some template data before it them in include statements, which could allow unauthenticated attackers to perform Local File Inclusion attack and read arbitrary files on the server, this could also lead to RCE via user uploaded files or other LFI to RCE techniques.",CRITICAL,9.8,CWE-22,2022
CVE-2022-0321,"The WP Voting Contest WordPress plugin before 3.0 does not sanitise and escape the post_id parameter before outputting it back in the response via the wpvc_social_share_icons AJAX action (available to both unauthenticated and authenticated users), leading to a Reflected Cross-Site Scripting issue",MEDIUM,6.1,CWE-79,2022
CVE-2022-0322,"A flaw was found in the sctp_make_strreset_req function in net/sctp/sm_make_chunk.c in the SCTP network protocol in the Linux kernel with a local user privilege access. In this flaw, an attempt to use more buffer than is allocated triggers a BUG_ON issue, leading to a denial of service (DOS).",MEDIUM,5.5,CWE-681,2022
CVE-2022-0323,Improper Neutralization of Special Elements Used in a Template Engine in Packagist mustache/mustache prior to 2.14.1.,HIGH,8.8,CWE-1336,2022
CVE-2022-0324,"There is a vulnerability in DHCPv6 packet parsing code that could be explored by remote attacker to craft a packet that could cause buffer overflow in a memcpy call, leading to out-of-bounds memory write that would cause dhcp6relay to crash. Dhcp6relay is a critical process and could cause dhcp relay docker to shutdown.

Discovered by Eugene Lim of GovTech Singapore.
",HIGH,8.1,CWE-120,2022
CVE-2022-0326,NULL Pointer Dereference in Homebrew mruby prior to 3.2.,MEDIUM,5.5,CWE-476,2022
CVE-2022-0327,"The Master Addons for Elementor WordPress plugin before 1.8.5 does not sanitise and escape the error_message parameter before outputting it back in the response of the jltma_restrict_content AJAX action, available to unauthenticated and authenticated users, leading to a Reflected Cross-Site Scripting",MEDIUM,6.1,CWE-79,2022
CVE-2022-0328,"The Simple Membership WordPress plugin before 4.0.9 does not have CSRF check when deleting members in bulk, which could allow attackers to make a logged in admin delete them via a CSRF attack",MEDIUM,4.7,CWE-352,2022
CVE-2022-0330,A random memory access flaw was found in the Linux kernel's GPU i915 kernel driver functionality in the way a user may run malicious code on the GPU. This flaw allows a local user to crash the system or escalate their privileges on the system.,HIGH,7.8,CWE-281,2022
CVE-2022-0331,An information disclosure vulnerability in Webadmin allows an unauthenticated remote attacker to read the device serial number in Sophos Firewall version v18.5 MR2 and older.,MEDIUM,5.3,NVD-CWE-noinfo,2022
CVE-2022-0332,A flaw was found in Moodle in versions 3.11 to 3.11.4. An SQL injection risk was identified in the h5p activity web service responsible for fetching user attempt data.,CRITICAL,9.8,CWE-89,2022
CVE-2022-0333,"A flaw was found in Moodle in versions 3.11 to 3.11.4, 3.10 to 3.10.8, 3.9 to 3.9.11 and earlier unsupported versions. The calendar:manageentries capability allowed managers to access or modify any calendar event, but should have been restricted from accessing user level events.",LOW,3.8,CWE-863,2022
CVE-2022-0334,"A flaw was found in Moodle in versions 3.11 to 3.11.4, 3.10 to 3.10.8, 3.9 to 3.9.11 and earlier unsupported versions. Insufficient capability checks could lead to users accessing their grade report for courses where they did not have the required gradereport/user:view capability.",MEDIUM,4.3,CWE-863,2022
CVE-2022-0335,"A flaw was found in Moodle in versions 3.11 to 3.11.4, 3.10 to 3.10.8, 3.9 to 3.9.11 and earlier unsupported versions. The ""delete badge alignment"" functionality did not include the necessary token check to prevent a CSRF risk.",HIGH,8.8,CWE-352,2022
CVE-2022-0336,"The Samba AD DC includes checks when adding service principals names (SPNs) to an account to ensure that SPNs do not alias with those already in the database. Some of these checks are able to be bypassed if an account modification re-adds an SPN that was previously present on that account, such as one added when a computer is joined to a domain. An attacker who has the ability to write to an account can exploit this to perform a denial-of-service attack by adding an SPN that matches an existing service. Additionally, an attacker who can intercept traffic can impersonate existing services, resulting in a loss of confidentiality and integrity.",HIGH,8.8,CWE-276,2022
CVE-2022-0337,Inappropriate implementation in File System API in Google Chrome on Windows prior to 97.0.4692.71 allowed a remote attacker to obtain potentially sensitive information via a crafted HTML page. (Chrome security severity: High),MEDIUM,6.5,CWE-668,2022
CVE-2022-0338,"Insertion of Sensitive Information into Log File in Conda loguru prior to 0.5.3.

",MEDIUM,4.3,CWE-532,2022
CVE-2022-0339,Server-Side Request Forgery (SSRF) in Pypi calibreweb prior to 0.6.16.,CRITICAL,9.8,CWE-918,2022
CVE-2022-0341,Cross-site Scripting (XSS) - Stored in GitHub repository vanessa219/vditor prior to 3.8.12.,MEDIUM,5.4,CWE-79,2022
CVE-2022-0342,"An authentication bypass vulnerability in the CGI program of Zyxel USG/ZyWALL series firmware versions 4.20 through 4.70, USG FLEX series firmware versions 4.50 through 5.20, ATP series firmware versions 4.32 through 5.20, VPN series firmware versions 4.30 through 5.20, and NSG series firmware versions V1.20 through V1.33 Patch 4, which could allow an attacker to bypass the web authentication and obtain administrative access of the device.",CRITICAL,9.8,CWE-287,2022
CVE-2022-0343,"A local attacker, as a different local user, may be able to send a HTTP request to 127.0.0.1:10000 after the user (typically a developer) manually invoked the ./tools/run-dev-server script. It is recommended to upgrade to any version beyond 24.2",LOW,3.3,CWE-275,2022
CVE-2022-0344,"An issue has been discovered in GitLab affecting all versions starting from 10.0 before 14.5.4, all versions starting from 10.1 before 14.6.4, all versions starting from 10.2 before 14.7.1. Private project paths can be disclosed to unauthorized users via system notes when an Issue is closed via a Merge Request and later moved to a public project",LOW,3.1,NVD-CWE-noinfo,2022
CVE-2022-0345,"The Customize WordPress Emails and Alerts WordPress plugin before 1.8.7 does not have authorisation and CSRF check in its bnfw_search_users AJAX action, allowing any authenticated users to call it and query for user e-mail prefixes (finding the first letter, then the second one, then the third one etc.).",MEDIUM,4.3,CWE-352,2022
CVE-2022-0346,"The XML Sitemap Generator for Google WordPress plugin before 2.0.4 does not validate a parameter which can be set to an arbitrary value, thus causing XSS via error message or RCE if allow_url_include is turned on.",MEDIUM,6.1,CWE-79,2022
CVE-2022-0347,"The LoginPress | Custom Login Page Customizer WordPress plugin before 1.5.12 does not escape the redirect-page parameter before outputting it back in an attribute, leading to a Reflected Cross-Site Scripting",MEDIUM,6.1,CWE-79,2022
CVE-2022-0348,Cross-site Scripting (XSS) - Stored in Packagist pimcore/pimcore prior to 10.2.,MEDIUM,5.4,CWE-79,2022
CVE-2022-0349,"The NotificationX WordPress plugin before 2.3.9 does not sanitise and escape the nx_id parameter before using it in a SQL statement, leading to an Unauthenticated Blind SQL Injection",CRITICAL,9.8,CWE-89,2022
CVE-2022-0350,Cross-site Scripting (XSS) - Stored in GitHub repository vanessa219/vditor prior to 3.8.13.,MEDIUM,5.4,CWE-79,2022
CVE-2022-0351,Access of Memory Location Before Start of Buffer in GitHub repository vim/vim prior to 8.2.,HIGH,7.8,CWE-786,2022
CVE-2022-0352,Cross-site Scripting (XSS) - Reflected in Pypi calibreweb prior to 0.6.16.,MEDIUM,6.1,CWE-79,2022
CVE-2022-0353,"
A denial of service vulnerability was reported in the Lenovo HardwareScanPlugin versions prior to 

1.3.1.2

 and 

Lenovo Diagnostics versions prior to 4.45

 that could allow a local user with administrative access to trigger a system crash.

",MEDIUM,4.4,CWE-400,2022
CVE-2022-0354,A vulnerability was reported in Lenovo System Update that could allow a local user with interactive system access the ability to execute code with elevated privileges only during the installation of a System Update package released before 2022-02-25 that displays a command prompt window.,HIGH,7.3,NVD-CWE-noinfo,2022
CVE-2022-0355,"Improper Removal of Sensitive Information Before Storage or Transfer in NPM simple-get prior to 4.0.1.

",HIGH,8.8,CWE-212,2022
CVE-2022-0357,"Unquoted Search Path or Element vulnerability in the Vulnerability Scan component of Bitdefender Total Security, Bitdefender Internet Security, and Bitdefender Antivirus Plus allows an attacker to elevate privileges to SYSTEM.

This issue affects:

Bitdefender Total Security
versions prior to 26.0.10.45.
Bitdefender Internet Security
versions prior to 26.0.10.45.
Bitdefender Antivirus Plus
versions prior to 26.0.10.45.",MEDIUM,6.7,CWE-428,2022
CVE-2022-0358,"A flaw was found in the QEMU virtio-fs shared file system daemon (virtiofsd) implementation. This flaw is strictly related to CVE-2018-13405. A local guest user can create files in the directories shared by virtio-fs with unintended group ownership in a scenario where a directory is SGID to a certain group and is writable by a user who is not a member of the group. This could allow a malicious unprivileged user inside the guest to gain access to resources accessible to the root group, potentially escalating their privileges within the guest. A malicious local user in the host might also leverage this unexpected executable file created by the guest to escalate their privileges on the host system.",HIGH,7.8,CWE-273,2022
CVE-2022-0360,"The Easy Drag And drop All Import : WP Ultimate CSV Importer WordPress plugin before 6.4.3 does not sanitise and escaped imported comments, which could allow high privilege users to import malicious ones (either intentionnaly or not) and lead to Stored Cross-Site Scripting issues",MEDIUM,4.8,CWE-79,2022
CVE-2022-0362,SQL Injection in Packagist showdoc/showdoc prior to 2.10.3.,CRITICAL,9.8,CWE-89,2022
CVE-2022-0363,"The myCred WordPress plugin before 2.4.3.1 does not have any authorisation and CSRF checks in the mycred-tools-import-export AJAX action, allowing any authenticated users, such as subscribers, to call it and import mycred setup, thus creating badges, managing points or creating arbitrary posts.",MEDIUM,4.3,CWE-352,2022
CVE-2022-0364,The Modern Events Calendar Lite WordPress plugin before 6.4.0 does not sanitize and escape some of the Hourly Schedule parameters which could allow users with a role as low as contributor to perform Stored Cross-Site Scripting attacks,MEDIUM,5.4,CWE-79,2022
CVE-2022-0365,"The affected product is vulnerable to an authenticated OS command injection, which may allow an attacker to inject and execute arbitrary shell commands as the Admin (root) user.",CRITICAL,9.1,CWE-78,2022
CVE-2022-0366,An authenticated and authorized agent user could potentially gain administrative access via an SQLi vulnerability to Capsule8 Console between versions 4.6.0 and 4.9.1.,HIGH,8.8,CWE-89,2022
CVE-2022-0367,A heap-based buffer overflow flaw was found in libmodbus in function modbus_reply() in src/modbus.c.,HIGH,7.8,CWE-119,2022
CVE-2022-0368,Out-of-bounds Read in GitHub repository vim/vim prior to 8.2.,HIGH,7.8,CWE-125,2022
CVE-2022-0369,"Triangle MicroWorks SCADA Data Gateway Restore Workspace Directory Traversal Remote Code Execution Vulnerability. This vulnerability allows remote attackers to execute arbitrary code on affected installations of Triangle MicroWorks SCADA Data Gateway. Although authentication is required to exploit this vulnerability, the existing authentication mechanism can be bypassed.

The specific flaw exists within the Restore Workspace feature. The issue results from the lack of proper validation of a user-supplied path prior to using it in file operations. An attacker can leverage this vulnerability to execute code in the context of SYSTEM. Was ZDI-CAN-17227.",HIGH,8.8,CWE-22,2022
CVE-2022-0370,Cross-site Scripting (XSS) - Stored in Packagist remdex/livehelperchat prior to 3.93v.,MEDIUM,5.4,CWE-79,2022
CVE-2022-0371,"An issue has been discovered in GitLab CE/EE affecting all versions starting from 11.4 before 14.5.4, all versions starting from 14.6 before 14.6.4, all versions starting from 14.7 before 14.7.1. GitLab search may allow authenticated users to search other users by their respective private emails even if a user set their email to private.",MEDIUM,4.3,NVD-CWE-noinfo,2022
CVE-2022-0372,Cross-site Scripting (XSS) - Stored in Packagist bytefury/crater prior to 6.0.2.,MEDIUM,5.4,CWE-79,2022
CVE-2022-0373,"Improper access control in GitLab CE/EE versions 12.4 to 14.5.4, 14.5 to 14.6.4, and 12.6 to 14.7.1 allows project non-members to retrieve the service desk email address",MEDIUM,4.3,NVD-CWE-Other,2022
CVE-2022-0376,"The User Meta WordPress plugin before 2.4.3 does not sanitise and escape the Form Name, as well as Shared Field Labels before outputting them in the admin dashboard when editing a form, which could allow high privilege users to perform Cross-Site Scripting attacks even when unfiltered_html is disallowed",MEDIUM,4.8,CWE-79,2022
CVE-2022-0377,"Users of the LearnPress WordPress plugin before 4.1.5 can upload an image as a profile avatar after the registration.  After this process the user crops and saves the image. Then a ""POST"" request that contains user supplied name of the image is sent to the server for renaming and cropping of the image. As a result of this request, the name of the user-supplied image is changed with a MD5 value. This process can be conducted only when type of the image is JPG or PNG. An attacker can use this vulnerability in order to rename an arbitrary image file. By doing this, they could destroy the design of the web site.",MEDIUM,4.3,CWE-327,2022
CVE-2022-0378,Cross-site Scripting (XSS) - Reflected in Packagist microweber/microweber prior to 1.2.11.,MEDIUM,5.4,CWE-79,2022
CVE-2022-0380,"The Fotobook WordPress plugin is vulnerable to Reflected Cross-Site Scripting due to insufficient escaping and the use of $_SERVER['PHP_SELF'] found in the ~/options-fotobook.php file which allows attackers to inject arbitrary web scripts onto the page, in versions up to and including 3.2.3.",MEDIUM,6.1,CWE-79,2022
CVE-2022-0381,"The Embed Swagger WordPress plugin is vulnerable to Reflected Cross-Site Scripting due to insufficient escaping/sanitization and validation via the url parameter found in the ~/swagger-iframe.php file which allows attackers to inject arbitrary web scripts onto the page, in versions up to and including 1.0.0.",MEDIUM,6.1,CWE-79,2022
CVE-2022-0382,"An information leak flaw was found due to uninitialized memory in the Linux kernel's TIPC protocol subsystem, in the way a user sends a TIPC datagram to one or more destinations. This flaw allows a local user to read some kernel memory. This issue is limited to no more than 7 bytes, and the user cannot control what is read. This flaw affects the Linux kernel versions prior to 5.17-rc1.",MEDIUM,5.5,CWE-909,2022
CVE-2022-0383,"The WP Review Slider WordPress plugin before 11.0 does not sanitise and escape the pid parameter when copying a Twitter source, which could allow a high privilege users to perform SQL Injections attacks",HIGH,7.2,CWE-89,2022
CVE-2022-0384,"The Video Conferencing with Zoom WordPress plugin before 3.8.17 does not have authorisation in its vczapi_get_wp_users AJAX action, allowing any authenticated users, such as subscriber to download the list of email addresses registered on the blog",MEDIUM,4.3,CWE-200,2022
CVE-2022-0385,"The Crazy Bone WordPress plugin through 0.6.0 does not sanitise and escape the username submitted via the login from when displaying them back in the log dashboard, leading to an unauthenticated Stored Cross-Site scripting",MEDIUM,6.1,CWE-79,2022
CVE-2022-0386,A post-auth SQL injection vulnerability in the Mail Manager potentially allows an authenticated attacker to execute code in Sophos UTM before version 9.710.,HIGH,8.8,CWE-89,2022
CVE-2022-0388,"The Interactive Medical Drawing of Human Body WordPress plugin before 2.6 does not sanitise and escape the Link field, allowing high privilege users to perform Cross-Site Scripting attacks even when the unfiltered_html capability is disallowed.",MEDIUM,4.8,CWE-79,2022
CVE-2022-0389,"The WP Time Slots Booking Form WordPress plugin before 1.1.63 does not sanitise and escape Calendar names, allowing high privilege users to perform Cross-Site Scripting attacks even when the unfiltered_html capability is disallowed.",MEDIUM,4.8,CWE-79,2022
CVE-2022-0390,"Improper access control in Gitlab CE/EE versions 12.7 to 14.5.4, 14.6 to 14.6.4, and 14.7 to 14.7.1 allowed for project non-members to retrieve issue details when it was linked to an item from the vulnerability dashboard.",MEDIUM,4.3,CWE-862,2022
CVE-2022-0391,"A flaw was found in Python, specifically within the urllib.parse module. This module helps break Uniform Resource Locator (URL) strings into components. The issue involves how the urlparse method does not sanitize input and allows characters like '\r' and '\n' in the URL path. This flaw allows an attacker to input a crafted URL, leading to injection attacks. This flaw affects Python versions prior to 3.10.0b1, 3.9.5, 3.8.11, 3.7.11 and 3.6.14.",HIGH,7.5,CWE-74,2022
CVE-2022-0392,Heap-based Buffer Overflow in GitHub repository vim prior to 8.2.,HIGH,7.8,CWE-122,2022
CVE-2022-0396,"BIND 9.16.11 -> 9.16.26, 9.17.0 -> 9.18.0 and versions 9.16.11-S1 -> 9.16.26-S1 of the BIND Supported Preview Edition. Specifically crafted TCP streams can cause connections to BIND to remain in CLOSE_WAIT status for an indefinite period of time, even after the client has terminated the connection.",MEDIUM,5.3,CWE-404,2022
CVE-2022-0397,"The WPC Smart Wishlist for WooCommerce WordPress plugin before 2.9.4 does not sanitise and escape the key parameter before outputting it back in the wishlist_quickview AJAX action's response (available to any authenticated user), leading to a Reflected Cross-Site Scripting",MEDIUM,5.4,CWE-79,2022
CVE-2022-0398,"The ThirstyAffiliates Affiliate Link Manager WordPress plugin before 3.10.5 does not have authorisation and CSRF checks when creating affiliate links, which could allow any authenticated user, such as subscriber to create arbitrary affiliate links, which could then be used to redirect users to an arbitrary website",MEDIUM,5.4,CWE-352,2022
CVE-2022-0399,"The Advanced Product Labels for WooCommerce WordPress plugin before 1.2.3.7 does not sanitise and escape the tax_color_set_type parameter before outputting it back in the berocket_apl_color_listener AJAX action's response, leading to a Reflected Cross-Site Scripting",MEDIUM,6.1,CWE-79,2022
CVE-2022-0400,"An out-of-bounds read vulnerability was discovered in linux kernel in the smc protocol stack, causing remote dos.",HIGH,7.5,CWE-125,2022
CVE-2022-0401,Path Traversal in NPM w-zip prior to 1.0.12.,CRITICAL,9.8,CWE-22,2022
CVE-2022-0402,"The Super Forms - Drag & Drop Form Builder WordPress plugin before 6.0.4 does not escape the bob_czy_panstwa_sprawa_zostala_rozwiazana parameter before outputting it back in an attribute via the super_language_switcher AJAX action, leading to a Reflected Cross-Site Scripting. The action is also lacking CSRF, making the attack easier to perform against any user.",MEDIUM,6.1,CWE-79,2022
CVE-2022-0403,"The Library File Manager WordPress plugin before 5.2.3 is using an outdated version of the elFinder library, which is know to be affected by security issues (CVE-2021-32682), and does not have any authorisation as well as CSRF checks in its connector AJAX action, allowing any authenticated users, such as subscriber to call it. Furthermore, as the options passed to the elFinder library does not restrict any file type, users with a role as low as subscriber can Create/Upload/Delete Arbitrary files and folders.",HIGH,8.1,CWE-434,2022
CVE-2022-0404,"The Material Design for Contact Form 7 WordPress plugin through 2.6.4 does not check authorization or that the option mentioned in the notice param belongs to the plugin when processing requests to the cf7md_dismiss_notice action, allowing any logged in user (with roles as low as Subscriber) to set arbitrary options to true, potentially leading to Denial of Service by breaking the site.",MEDIUM,6.5,CWE-862,2022
CVE-2022-0405,Improper Access Control in GitHub repository janeczku/calibre-web prior to 0.6.16.,MEDIUM,4.3,CWE-284,2022
CVE-2022-0406,Improper Authorization in GitHub repository janeczku/calibre-web prior to 0.6.16.,MEDIUM,4.3,CWE-285,2022
CVE-2022-0408,Stack-based Buffer Overflow in GitHub repository vim/vim prior to 8.2.,HIGH,7.8,CWE-121,2022
CVE-2022-0409,Unrestricted Upload of File with Dangerous Type in Packagist showdoc/showdoc prior to 2.10.2.,HIGH,7.8,CWE-434,2022
CVE-2022-0410,"The WP Visitor Statistics (Real Time Traffic) WordPress plugin before 5.6 does not sanitise and escape the id parameter before using it in a SQL statement via the refUrlDetails AJAX action, available to any authenticated user, leading to a SQL injection",HIGH,8.8,CWE-89,2022
CVE-2022-0411,"The Asgaros Forum WordPress plugin before 2.0.0 does not sanitise and escape the post_id parameter before using it in a SQL statement via a REST route of the plugin (accessible to any authenticated user), leading to a SQL injection",HIGH,8.8,CWE-89,2022
CVE-2022-0412,"The TI WooCommerce Wishlist WordPress plugin before 1.40.1, TI WooCommerce Wishlist Pro WordPress plugin before 1.40.1 do not sanitise and escape the item_id parameter before using it in a SQL statement via the wishlist/remove_product REST endpoint, allowing unauthenticated attackers to perform SQL injection attacks",CRITICAL,9.8,CWE-89,2022
CVE-2022-0413,Use After Free in GitHub repository vim/vim prior to 8.2.,HIGH,7.8,CWE-416,2022
CVE-2022-0414,Improper Validation of Specified Quantity in Input in Packagist dolibarr/dolibarr prior to 16.0.,MEDIUM,4.3,CWE-1284,2022
CVE-2022-0415,Remote Command Execution in uploading repository file in GitHub repository gogs/gogs prior to 0.12.6.,HIGH,8.8,CWE-20,2022
CVE-2022-0417,Heap-based Buffer Overflow GitHub repository vim/vim prior to 8.2.,HIGH,7.8,CWE-122,2022
CVE-2022-0418,"The Event List WordPress plugin before 0.8.8 does not sanitise and escape some of its settings, allowing high privilege users such as admin to perform Cross-Site Scripting attacks against other admin even when the unfiltered_html is disallowed",MEDIUM,4.8,CWE-79,2022
CVE-2022-0419,NULL Pointer Dereference in GitHub repository radareorg/radare2 prior to 5.6.0.,MEDIUM,5.5,CWE-476,2022
CVE-2022-0420,"The RegistrationMagic WordPress plugin before 5.0.2.2 does not sanitise and escape the rm_form_id parameter before using it in a SQL statement in the Automation admin dashboard, allowing high privilege users to perform SQL injection attacks",HIGH,7.2,CWE-89,2022
CVE-2022-0421,"The Five Star Restaurant Reservations WordPress plugin before 2.4.12 does not have authorisation when changing whether a payment was successful or failed, allowing unauthenticated users to change the payment status of arbitrary bookings. Furthermore, due to the lack of sanitisation and escaping, attackers could perform Cross-Site Scripting attacks against a logged in admin viewing the failed payments",MEDIUM,6.1,CWE-116,2022
CVE-2022-0422,"The White Label CMS WordPress plugin before 2.2.9 does not sanitise and validate the wlcms[_login_custom_js] parameter before outputting it back in the response while previewing, leading to a Reflected Cross-Site Scripting issue",MEDIUM,6.1,CWE-79,2022
CVE-2022-0423,"The 3D FlipBook WordPress plugin before 1.12.1 does not have authorisation and CSRF checks when updating its settings, and does not have any sanitisation/escaping, allowing any authenticated users, such as subscriber to put Cross-Site Scripting payloads in all pages with a 3d flipbook.",MEDIUM,5.4,CWE-79,2022
CVE-2022-0424,"The Popup by Supsystic WordPress plugin before 1.10.9 does not have any authentication and authorisation in an AJAX action, allowing unauthenticated attackers to call it and get the email addresses of subscribed users",MEDIUM,5.3,CWE-306,2022
CVE-2022-0425,A DNS rebinding vulnerability in the Irker IRC Gateway integration in all versions of GitLab CE/EE since version 7.9 allows an attacker to trigger Server Side Request Forgery (SSRF) attacks.,MEDIUM,5.4,CWE-918,2022
CVE-2022-0426,"The Product Feed PRO for WooCommerce WordPress plugin before 11.2.3 does not escape the rowCount parameter before outputting it back in an attribute via the woosea_categories_dropdown AJAX action (available to any authenticated user), leading to a Reflected Cross-Site Scripting",MEDIUM,5.4,CWE-79,2022
CVE-2022-0427,Missing sanitization of HTML attributes in Jupyter notebooks in all versions of GitLab CE/EE since version 14.5 allows an attacker to perform arbitrary HTTP POST requests on a user's behalf leading to potential account takeover,HIGH,7.7,CWE-352,2022
CVE-2022-0428,"The Content Egg WordPress plugin before 5.3.0 does not sanitise and escape the page parameter before outputting back in an attribute in the Autoblogging admin dashboard, leading to a Reflected Cross-Site Scripting",MEDIUM,6.1,CWE-79,2022
CVE-2022-0429,"The WP Cerber Security, Anti-spam & Malware Scan WordPress plugin before 8.9.6 does not sanitise the $url variable before using it in an attribute in the Activity tab in the plugins dashboard, leading to an unauthenticated stored Cross-Site Scripting vulnerability.",MEDIUM,6.1,CWE-79,2022
CVE-2022-0430,Exposure of Sensitive Information to an Unauthorized Actor in GitHub repository httpie/httpie prior to 3.1.0.,MEDIUM,5.3,CWE-200,2022
CVE-2022-0431,"The Insights from Google PageSpeed WordPress plugin before 4.0.4 does not sanitise and escape various parameters before outputting them back in attributes in the plugin's settings dashboard, leading to Reflected Cross-Site Scripting",MEDIUM,6.1,CWE-79,2022
CVE-2022-0432,Prototype Pollution in GitHub repository mastodon/mastodon prior to 3.5.0.,MEDIUM,6.1,CWE-1321,2022
CVE-2022-0433,A NULL pointer dereference flaw was found in the Linux kernel's BPF subsystem in the way a user triggers the map_get_next_key function of the BPF bloom filter. This flaw allows a local user to crash the system. This flaw affects Linux kernel versions prior to 5.17-rc1.,MEDIUM,5.5,CWE-908,2022
CVE-2022-0434,"The Page View Count WordPress plugin before 2.4.15 does not sanitise and escape the post_ids parameter before using it in a SQL statement via a REST endpoint, available to both unauthenticated and authenticated users. As a result, unauthenticated attackers could perform SQL injection attacks",CRITICAL,9.8,CWE-89,2022
CVE-2022-0435,A stack overflow flaw was found in the Linux kernel's TIPC protocol functionality in the way a user sends a packet with malicious content where the number of domain member nodes is higher than the 64 allowed. This flaw allows a remote user to crash the system or possibly escalate their privileges if they have access to the TIPC network.,HIGH,8.8,CWE-787,2022
CVE-2022-0436,Path Traversal in GitHub repository gruntjs/grunt prior to 1.5.2.,MEDIUM,5.5,CWE-22,2022
CVE-2022-0437,Cross-site Scripting (XSS) - DOM in NPM karma prior to 6.3.14.,MEDIUM,6.1,CWE-79,2022
CVE-2022-0439,"The Email Subscribers & Newsletters WordPress plugin before 5.3.2 does not correctly escape the `order` and `orderby` parameters to the `ajax_fetch_report_list` action, making it vulnerable to blind SQL injection attacks by users with roles as low as Subscriber. Further, it does not have any CSRF protection in place for the action, allowing an attacker to trick any logged in user to perform the action by clicking a link.",HIGH,8.8,CWE-89,2022
CVE-2022-0440,"The Catch Themes Demo Import WordPress plugin before 2.1.1 does not validate one of the file to be imported, which could allow high privivilege admin to upload an arbitrary PHP file and gain RCE even in the case of an hardened blog (ie DISALLOW_UNFILTERED_HTML, DISALLOW_FILE_EDIT and DISALLOW_FILE_MODS constants set to true)",HIGH,7.2,CWE-434,2022
CVE-2022-0441,"The MasterStudy LMS WordPress plugin before 2.7.6 does to validate some parameters given when registering a new account, allowing unauthenticated users to register as an admin",CRITICAL,9.8,CWE-269,2022
CVE-2022-0442,"The UsersWP WordPress plugin before 1.2.3.1 is missing access controls when updating a user avatar, and does not make sure file names for user avatars are unique, allowing a logged in user to overwrite another users avatar.",MEDIUM,4.3,CWE-639,2022
CVE-2022-0444,"The Backup, Restore and Migrate WordPress Sites With the XCloner Plugin WordPress plugin before 4.3.6 does not have authorisation and CSRF checks when resetting its settings, allowing unauthenticated attackers to reset them, including generating a new backup encryption key.",MEDIUM,4.3,CWE-352,2022
CVE-2022-0445,"The WordPress Real Cookie Banner: GDPR (DSGVO) & ePrivacy Cookie Consent WordPress plugin before 2.14.2 does not have CSRF checks in place when resetting its settings, allowing attackers to make a logged in admin reset them via a CSRF attack",MEDIUM,6.5,CWE-352,2022
CVE-2022-0446,"The Simple Banner WordPress plugin before 2.12.0 does not properly sanitize its ""Simple Banner Text"" Settings allowing high privilege users to perform Cross-Site Scripting attacks even when the unfiltered_html capability is disallowed.",MEDIUM,4.8,CWE-79,2022
CVE-2022-0447,"The Post Grid WordPress plugin before 2.1.16 does not sanitise and escape the post_types parameter before outputting it back in the response of the post_grid_update_taxonomies_terms_by_posttypes AJAX action, available to any authenticated users, leading to a Reflected Cross-Site Scripting",MEDIUM,6.4,CWE-79,2022
CVE-2022-0448,"The CP Blocks WordPress plugin before 1.0.15 does not sanitise and escape its ""License ID"" settings, which could allow high privilege users to perform Cross-Site Scripting attacks even when the unfiltered_html is disallowed.",MEDIUM,4.8,CWE-79,2022
CVE-2022-0449,"The Flexi WordPress plugin before 4.20 does not sanitise and escape various parameters before outputting them back in some pages such as the user dashboard, leading to a Reflected Cross-Site Scripting",MEDIUM,6.1,CWE-79,2022
CVE-2022-0450,"The Menu Image, Icons made easy WordPress plugin before 3.0.6 does not have authorisation and CSRF checks when saving menu settings, and does not validate, sanitise and escape them. As a result, any authenticate users, such as subscriber can update the settings or arbitrary menu and put Cross-Site Scripting payloads in them which will be triggered in the related menu in the frontend",MEDIUM,5.4,CWE-116,2022
CVE-2022-0451,"Dart SDK contains the HTTPClient in dart:io library whcih includes authorization headers when handling cross origin redirects. These headers may be explicitly set and contain sensitive information. By default, HttpClient handles redirection logic. If a request is sent to example.com with authorization header and it redirects to an attackers site, they might not expect attacker site to receive authorization header. We recommend updating the Dart SDK to version 2.16.0 or beyond.",MEDIUM,6.5,CWE-305,2022
CVE-2022-0452,Use after free in Safe Browsing in Google Chrome prior to 98.0.4758.80 allowed a remote attacker to potentially perform a sandbox escape via a crafted HTML page.,CRITICAL,9.6,CWE-416,2022
CVE-2022-0453,Use after free in Reader Mode in Google Chrome prior to 98.0.4758.80 allowed a remote attacker who had compromised the renderer process to potentially exploit heap corruption via a crafted HTML page.,HIGH,8.8,CWE-416,2022
CVE-2022-0454,Heap buffer overflow in ANGLE in Google Chrome prior to 98.0.4758.80 allowed a remote attacker to potentially exploit heap corruption via a crafted HTML page.,HIGH,8.8,CWE-787,2022
CVE-2022-0455,Inappropriate implementation in Full Screen Mode in Google Chrome on Android prior to 98.0.4758.80 allowed a remote attacker to spoof the contents of the Omnibox (URL bar) via a crafted HTML page.,MEDIUM,6.5,CWE-1021,2022
CVE-2022-0456,Use after free in Web Search in Google Chrome prior to 98.0.4758.80 allowed a remote attacker to potentially exploit heap corruption via profile destruction.,HIGH,8.8,CWE-416,2022
CVE-2022-0457,Type confusion in V8 in Google Chrome prior to 98.0.4758.80 allowed a remote attacker to potentially exploit heap corruption via a crafted HTML page.,HIGH,8.8,CWE-843,2022
CVE-2022-0458,Use after free in Thumbnail Tab Strip in Google Chrome prior to 98.0.4758.80 allowed a remote attacker to potentially exploit heap corruption via a crafted HTML page.,HIGH,8.8,CWE-416,2022
CVE-2022-0459,Use after free in Screen Capture in Google Chrome prior to 98.0.4758.80 allowed a remote attacker who had compromised the renderer process and convinced a user to engage in specific user interaction to potentially exploit heap corruption via a crafted HTML page.,HIGH,8.8,CWE-416,2022
CVE-2022-0460,Use after free in Window Dialogue in Google Chrome prior to 98.0.4758.80 allowed a remote attacker to potentially exploit heap corruption via a crafted HTML page.,HIGH,8.8,CWE-416,2022
CVE-2022-0461,Policy bypass in COOP in Google Chrome prior to 98.0.4758.80 allowed a remote attacker to bypass iframe sandbox via a crafted HTML page.,MEDIUM,6.5,NVD-CWE-noinfo,2022
CVE-2022-0462,Inappropriate implementation in Scroll in Google Chrome prior to 98.0.4758.80 allowed a remote attacker to leak cross-origin data via a crafted HTML page.,MEDIUM,6.5,NVD-CWE-noinfo,2022
CVE-2022-0463,Use after free in Accessibility in Google Chrome prior to 98.0.4758.80 allowed a remote attacker who convinced a user to engage in specific user interaction to potentially exploit heap corruption via user interaction.,HIGH,8.8,CWE-416,2022
CVE-2022-0465,Use after free in Extensions in Google Chrome prior to 98.0.4758.80 allowed a remote attacker to potentially exploit heap corruption via user interaction.,HIGH,8.8,CWE-416,2022
CVE-2022-0466,Inappropriate implementation in Extensions Platform in Google Chrome prior to 98.0.4758.80 allowed an attacker who convinced a user to install a malicious extension to potentially perform a sandbox escape via a crafted HTML page.,CRITICAL,9.6,NVD-CWE-noinfo,2022
CVE-2022-0467,Inappropriate implementation in Pointer Lock in Google Chrome on Windows prior to 98.0.4758.80 allowed a remote attacker to bypass navigation restrictions via a crafted HTML page.,HIGH,8.8,NVD-CWE-noinfo,2022
CVE-2022-0468,Use after free in Payments in Google Chrome prior to 98.0.4758.80 allowed a remote attacker to potentially exploit heap corruption via a crafted HTML page.,HIGH,8.8,CWE-416,2022
CVE-2022-0469,Use after free in Cast in Google Chrome prior to 98.0.4758.80 allowed a remote attacker who convinced a user to engage in specific interactions to potentially exploit heap corruption via a crafted HTML page.,HIGH,8.8,CWE-416,2022
CVE-2022-0470,Out of bounds memory access in V8 in Google Chrome prior to 98.0.4758.80 allowed a remote attacker to potentially exploit heap corruption via a crafted HTML page.,HIGH,8.8,CWE-787,2022
CVE-2022-0471,"The Favicon by RealFaviconGenerator WordPress plugin before 1.3.23 does not properly sanitise and escape the json_result_url parameter before outputting it back in the Favicon admin dashboard, leading to a Reflected Cross-Site Scripting issue",MEDIUM,6.1,CWE-79,2022
CVE-2022-0472,Unrestricted Upload of File with Dangerous Type in Packagist jsdecena/laracom prior to v2.0.9.,MEDIUM,5.4,CWE-434,2022
CVE-2022-0473,"OTRS administrators can configure dynamic field and inject malicious JavaScript code in the error message of the regular expression check. When used in the agent interface, malicious code might be exectued in the browser. This issue affects: OTRS AG OTRS 7.0.x version: 7.0.31 and prior versions.",LOW,3.8,CWE-79,2022
CVE-2022-0474,Full list of recipients from customer users in a contact field could be disclosed in notification emails event when the notification is set to be sent to each recipient individually. This issue affects: OTRS AG OTRSCustomContactFields 8.0.x version: 8.0.11 and prior versions.,LOW,2.4,CWE-200,2022
CVE-2022-0475,"Malicious translator is able to inject JavaScript code in few translatable strings (where HTML is allowed). The code could be executed in the Package manager. This issue affects: OTRS AG OTRS 7.0.x version: 7.0.32 and prior versions, 8.0.x version: 8.0.19 and prior versions.",LOW,3.5,CWE-79,2022
CVE-2022-0476,Denial of Service in GitHub repository radareorg/radare2 prior to 5.6.4.,MEDIUM,5.5,CWE-400,2022
CVE-2022-0477,"An issue has been discovered in GitLab affecting all versions starting from 11.9 before 14.5.4, all versions starting from 14.6.0 before 14.6.4, all versions starting from 14.7.0 before 14.7.1. GitLab was not correctly handling bulk requests to delete existing packages from the package registries which could result in a Denial of Service under specific conditions.",MEDIUM,4.9,NVD-CWE-noinfo,2022
CVE-2022-0478,"The Event Manager and Tickets Selling for WooCommerce WordPress plugin before 3.5.8 does not validate and escape the post_author_gutenberg parameter before using it in a SQL statement when creating/editing events, which could allow users with a role as low as contributor to perform SQL Injection attacks",HIGH,8.8,CWE-89,2022
CVE-2022-0479,"The Popup Builder WordPress plugin before 4.1.1 does not sanitise and escape the sgpb-subscription-popup-id parameter before using it in a SQL statement in the All Subscribers admin dashboard, leading to a SQL injection, which could also be used to perform Reflected Cross-Site Scripting attack against a logged in admin opening a malicious link",CRITICAL,9.8,CWE-89,2022
CVE-2022-0480,A flaw was found in the filelock_init in fs/locks.c function in the Linux kernel. This issue can lead to host memory exhaustion due to memcg not limiting the number of Portable Operating System Interface (POSIX) file locks.,MEDIUM,5.5,CWE-770,2022
CVE-2022-0482,Exposure of Private Personal Information to an Unauthorized Actor in GitHub repository alextselegidis/easyappointments prior to 1.4.3.,CRITICAL,9.1,CWE-359,2022
CVE-2022-0483,Local privilege escalation due to insecure folder permissions. The following products are affected: Acronis VSS Doctor (Windows) before build 53,HIGH,7.8,CWE-427,2022
CVE-2022-0484,Lack of validation of URLs causes Mirantis Container Cloud Lens Extension before v3.1.1 to open external programs other than the default browser to perform sign on to a new cluster. An attacker could host a webserver which serves a malicious Mirantis Container Cloud configuration file and induce the victim to add a new cluster via its URL. This issue affects: Mirantis Mirantis Container Cloud Lens Extension v3 versions prior to v3.1.1.,HIGH,8.8,CWE-20,2022
CVE-2022-0485,"A flaw was found in the copying tool `nbdcopy` of libnbd. When performing multi-threaded copies using asynchronous nbd calls, nbdcopy was blindly treating the completion of an asynchronous command as successful, rather than checking the *error parameter. This could result in the silent creation of a corrupted destination image.",MEDIUM,4.8,CWE-252,2022
CVE-2022-0486,"Improper file permissions in the CommandPost, Collector, Sensor, and Sandbox components of Fidelis Network and Deception enables an attacker with local, administrative access to the CLI to modify affected files and enable escalation of privileges equivalent to the root user. The vulnerability is present in Fidelis Network and Deception versions prior to 9.4.5. Patches and updates are available to address this vulnerability.",MEDIUM,4.4,CWE-276,2022
CVE-2022-0487,"A use-after-free vulnerability was found in rtsx_usb_ms_drv_remove in drivers/memstick/host/rtsx_usb_ms.c in memstick in the Linux kernel. In this flaw, a local attacker with a user privilege may impact system Confidentiality. This flaw affects kernel versions prior to 5.14 rc1.",MEDIUM,5.5,CWE-416,2022
CVE-2022-0488,An issue has been discovered in GitLab CE/EE affecting all versions starting with version 8.10. It was possible to trigger a timeout on a page with markdown by using a specific amount of block-quotes.,LOW,3.5,CWE-400,2022
CVE-2022-0489,An issue has been discovered in GitLab CE/EE affecting all versions starting with 8.15 . It was possible to trigger a DOS by using the math feature with a specific formula in issue comments.,LOW,3.5,CWE-400,2022
CVE-2022-0492,"A vulnerability was found in the Linux kernel’s cgroup_release_agent_write in the kernel/cgroup/cgroup-v1.c function. This flaw, under certain circumstances, allows the use of the cgroups v1 release_agent feature to escalate privileges and bypass the namespace isolation unexpectedly.",HIGH,7.8,CWE-287,2022
CVE-2022-0493,"The String locator WordPress plugin before 2.5.0 does not properly validate the path of the files to be searched, allowing high privilege users such as admin to query arbitrary files on the web server via a path traversal vector. Furthermore, due to a flaw in the search, allowing a pattern to be provided, which will be used to output the relevant matches from the matching file, all content of the file can be disclosed.",MEDIUM,4.9,CWE-22,2022
CVE-2022-0494,A kernel information leak flaw was identified in the scsi_ioctl function in drivers/scsi/scsi_ioctl.c in the Linux kernel. This flaw allows a local attacker with a special user privilege (CAP_SYS_ADMIN or CAP_SYS_RAWIO) to create issues with confidentiality.,MEDIUM,4.4,CWE-200,2022
CVE-2022-0495,The library automation system product KOHA developed by Parantez Teknoloji before version 19.05.03 has an unauthenticated SQL Injection vulnerability. This has been fixed in the version 19.05.03.01.,CRITICAL,9.4,CWE-89,2022
CVE-2022-0496,"A vulnerbiility was found in Openscad, where a DXF-format drawing with particular (not necessarily malformed!) properties may cause an out-of-bounds memory access when imported using import().",MEDIUM,5.5,CWE-119,2022
CVE-2022-0497,"A vulnerbiility was found in Openscad, where a .scad file with no trailing newline could cause an out-of-bounds read during parsing of annotations.",HIGH,7.1,CWE-125,2022
CVE-2022-0499,"The Sermon Browser WordPress plugin through 0.45.22 does not have CSRF checks in place when uploading Sermon files, and does not validate them in any way, allowing attackers to make a logged in admin upload arbitrary files such as PHP ones.",HIGH,8.8,CWE-352,2022
CVE-2022-0500,"A flaw was found in unrestricted eBPF usage by the BPF_BTF_LOAD, leading to a possible out-of-bounds memory write in the Linux kernel’s BPF subsystem due to the way a user loads BTF. This flaw allows a local user to crash or escalate their privileges on the system.",HIGH,7.8,CWE-119,2022
CVE-2023-0001,"An information exposure vulnerability in the Palo Alto Networks Cortex XDR agent on Windows devices allows a local system administrator to disclose the admin password for the agent in cleartext, which bad actors can then use to execute privileged cytool commands that disable or uninstall the agent.",MEDIUM,6.0,CWE-319,2023
CVE-2023-0002,"A problem with a protection mechanism in the Palo Alto Networks Cortex XDR agent on Windows devices allows a local user to execute privileged cytool commands that disable or uninstall the agent.
",MEDIUM,5.5,CWE-693,2023
CVE-2023-0003,A file disclosure vulnerability in the Palo Alto Networks Cortex XSOAR server software enables an authenticated user with access to the web interface to read local files from the server.,MEDIUM,6.5,CWE-73,2023
CVE-2023-0004,"A local file deletion vulnerability in Palo Alto Networks PAN-OS software enables an authenticated administrator to delete files from the local file system with elevated privileges.

These files can include logs and system components that impact the integrity and availability of PAN-OS software.",MEDIUM,6.5,CWE-703,2023
CVE-2023-0005,A vulnerability in Palo Alto Networks PAN-OS software enables an authenticated administrator to expose the plaintext values of secrets stored in the device configuration and encrypted API keys.,MEDIUM,4.1,CWE-497,2023
CVE-2023-0006,A local file deletion vulnerability in the Palo Alto Networks GlobalProtect app on Windows devices enables a user to delete system files from the endpoint with elevated privileges through a race condition.,MEDIUM,6.3,CWE-367,2023
CVE-2023-0007,"A cross-site scripting (XSS) vulnerability in Palo Alto Networks PAN-OS software on Panorama appliances enables an authenticated read-write administrator to store a JavaScript payload in the web interface that will execute in the context of another administrator’s browser when viewed.
",MEDIUM,6.5,CWE-80,2023
CVE-2023-0008,"A file disclosure vulnerability in Palo Alto Networks PAN-OS software enables an authenticated read-write administrator with access to the web interface to export local files from the firewall through a race condition.

",MEDIUM,4.4,CWE-73,2023
CVE-2023-0009,"A local privilege escalation (PE) vulnerability in the Palo Alto Networks GlobalProtect app on Windows enables a local user to execute programs with elevated privileges.
",HIGH,7.8,CWE-807,2023
CVE-2023-0010,"A reflected cross-site scripting (XSS) vulnerability in the Captive Portal feature of Palo Alto Networks PAN-OS software can allow a JavaScript payload to be executed in the context of an authenticated Captive Portal user’s browser when they click on a specifically crafted link.
",MEDIUM,5.4,CWE-79,2023
CVE-2023-0011,"A flaw in the input validation in TOBY-L2 allows a user to execute arbitrary operating system commands using specifically crafted AT commands. This vulnerability requires physical access to the serial interface of the module or the ability to modify the system or software which uses its serial interface to send malicious AT commands.




Exploitation of the vulnerability gives full administrative (root) privileges to the attacker to execute any operating system command on TOBY-L2 which can lead to modification of the behavior of the module itself as well as the components connected with it (depending on its rights on other connected systems). It can further provide the ability to read system level files and hamper the availability of the module as well..




This issue affects TOBY-L2 series: TOBY-L200, TOBY-L201, TOBY-L210, TOBY-L220, TOBY-L280.

",HIGH,7.6,CWE-20,2023
CVE-2023-0012,"In SAP Host Agent (Windows) - versions 7.21, 7.22, an attacker who gains local membership to SAP_LocalAdmin could be able to replace executables with a malicious file that will be started under a privileged account. Note that by default all user members of SAP_LocaAdmin are denied the ability to logon locally by security policy so that this can only occur if the system has already been compromised.",MEDIUM,6.4,CWE-284,2023
CVE-2023-0013,"The ABAP Keyword Documentation of SAP NetWeaver Application Server - versions 702, 731, 740, 750, 751, 752, 753, 754, 755, 756, 757, for ABAP and ABAP Platform does not sufficiently encode user-controlled inputs, resulting in Cross-Site Scripting (XSS) vulnerability. On successful exploitation an attacker can cause limited impact on confidentiality and integrity of the application.",MEDIUM,6.1,CWE-79,2023
CVE-2023-0014,"SAP NetWeaver ABAP Server and ABAP Platform - versions SAP_BASIS 700, 701, 702, 710, 711, 730, 731, 740, 750, 751, 752, 753, 754, 755, 756, 757, KERNEL 7.22, 7.53, 7.77, 7.81, 7.85, 7.89, KRNL64UC 7.22, 7.22EXT, 7.53, KRNL64NUC 7.22, 7.22EXT, creates information about system identity in an ambiguous format. This could lead to capture-replay vulnerability and may be exploited by malicious users to obtain illegitimate access to the system.


",CRITICAL,9.0,CWE-294,2023
CVE-2023-0015,"In SAP BusinessObjects Business Intelligence Platform (Web Intelligence user interface) - version 420, some calls return json with wrong content type in the header of the response. As a result, a custom application that calls directly the jsp of Web Intelligence DHTML may be vulnerable to XSS attacks. On successful exploitation an attacker can cause limited impact on confidentiality and integrity of the application.",MEDIUM,4.6,CWE-79,2023
CVE-2023-0016,"SAP BPC MS 10.0 - version 810, allows an unauthorized attacker to execute crafted database queries. The exploitation of this issue could lead to SQL injection vulnerability and could allow an attacker to access, modify, and/or delete data from the backend database.",CRITICAL,9.9,CWE-89,2023
CVE-2023-0017,"An unauthenticated attacker in SAP NetWeaver AS for Java - version 7.50, due to improper access control, can attach to an open interface and make use of an open naming and directory API to access services which can be used to perform unauthorized operations affecting users and data on the current system. This could allow the attacker to have full read access to user data, make modifications to user data, and make services within the system unavailable.",CRITICAL,9.4,CWE-284,2023
CVE-2023-0018,"Due to improper input sanitization of user-controlled input in SAP BusinessObjects Business Intelligence Platform CMC application - versions 420, and 430, an attacker with basic user-level privileges can modify/upload crystal reports containing a malicious payload. Once these reports are viewable, anyone who opens those reports would be susceptible to stored XSS attacks. As a result of the attack, information maintained in the victim's web browser can be read, modified, and sent to the attacker.",CRITICAL,10.0,CWE-79,2023
CVE-2023-0019,"In SAP GRC (Process Control) - versions GRCFND_A V1200, GRCFND_A V8100, GRCPINW V1100_700, GRCPINW V1100_731, GRCPINW V1200_750, remote-enabled function module in the proprietary SAP solution enables an authenticated attacker with minimal privileges to access all the confidential data stored in the database. Successful exploitation of this vulnerability can expose user credentials from client-specific tables of the database, leading to high impact on confidentiality.

",MEDIUM,6.5,CWE-862,2023
CVE-2023-0020,"SAP BusinessObjects Business Intelligence platform - versions 420, 430, allows an authenticated attacker to access sensitive information which is otherwise restricted. On successful exploitation, there could be a high impact on confidentiality and limited impact on integrity of the application.

",HIGH,8.5,CWE-200,2023
CVE-2023-0021,"Due to insufficient encoding of user input, SAP NetWeaver - versions 700, 701, 702, 731, 740, 750, allows an unauthenticated attacker to inject code that may expose sensitive data like user ID and password, which could lead to reflected Cross-Site scripting. These endpoints are normally exposed over the network and successful exploitation can partially impact confidentiality of the application.

",MEDIUM,6.1,CWE-79,2023
CVE-2023-0022,"SAP BusinessObjects Business Intelligence Analysis edition for OLAP allows an authenticated attacker to inject malicious code that can be executed by the application over the network. On successful exploitation, an attacker can perform operations that may completely compromise the application causing a high impact on the confidentiality, integrity, and availability of the application.",CRITICAL,9.9,CWE-94,2023
CVE-2023-0023,"In SAP Bank Account Management (Manage Banks) application, when a user clicks a smart link to navigate to another app, personal data is shown directly in the URL. They might get captured in log files, bookmarks, and so on disclosing sensitive data of the application.",MEDIUM,4.5,CWE-200,2023
CVE-2023-0024,"SAP Solution Manager (BSP Application) - version 720, allows an authenticated attacker to craft a malicious link, which when clicked by an unsuspecting user, can be used to read or modify some sensitive information or craft a payload which may restrict access to the desired resources, resulting in Cross-Site Scripting vulnerability.

",MEDIUM,6.5,CWE-79,2023
CVE-2023-0025,"SAP Solution Manager (BSP Application) - version 720, allows an authenticated attacker to craft a malicious link, which when clicked by an unsuspecting user, can be used to read or modify some sensitive information or craft a payload which may restrict access to the desired resources.

",MEDIUM,6.5,CWE-79,2023
CVE-2023-0026,"An Improper Input Validation vulnerability in the Routing Protocol Daemon (rpd) of Juniper Networks Junos OS and Junos OS Evolved allows an unauthenticated, network-based attacker to cause a Denial of Service (DoS). When a BGP update message is received over an established BGP session, and that message contains a specific, optional transitive attribute, this session will be torn down with an update message error. This issue cannot propagate beyond an affected system as the processing error occurs as soon as the update is received. This issue is exploitable remotely as the respective attribute can propagate through unaffected systems and intermediate AS (if any). Continuous receipt of a BGP update containing this attribute will create a sustained Denial of Service (DoS) condition. Some customers have experienced these BGP session flaps which prompted Juniper SIRT to release this advisory out of cycle before fixed releases are widely available as there is an effective workaround.

This issue affects:
Juniper Networks Junos OS
15.1R1 and later versions prior to 20.4R3-S8;
21.1 version 21.1R1 and later versions prior to 21.2R3-S6;
21.3 versions prior to 21.3R3-S5;
21.4 versions prior to 21.4R3-S4;
22.1 versions prior to 22.1R3-S4;
22.2 versions prior to 22.2R3-S2;
22.3 versions prior to 22.3R2-S2, 22.3R3-S1;
22.4 versions prior to 22.4R2-S1, 22.4R3;
23.1 versions prior to 23.1R1-S1, 23.1R2.

Juniper Networks Junos OS Evolved
All versions prior to 20.4R3-S8-EVO;
21.1 version 21.1R1-EVO and later versions prior to 21.2R3-S6-EVO;
21.3 versions prior to 21.3R3-S5-EVO;
21.4 versions prior to 21.4R3-S4-EVO;
22.1 versions prior to 22.1R3-S4-EVO;
22.2 versions prior to 22.2R3-S2-EVO;
22.3 versions prior to 22.3R2-S2-EVO, 22.3R3-S1-EVO;
22.4 versions prior to 22.4R2-S1-EVO, 22.4R3-EVO;
23.1 versions prior to 23.1R1-S1-EVO, 23.1R2-EVO.
",HIGH,7.5,CWE-20,2023
CVE-2023-0027,"Rockwell Automation Modbus TCP Server AOI prior to 2.04.00 is vulnerable to an unauthorized user sending a malformed message that could cause the controller to respond with a copy of the most recent response to the last valid request. If exploited, an unauthorized user could read the connected device’s Modbus TCP Server AOI information.

",MEDIUM,5.3,CWE-200,2023
CVE-2023-0028,"Cross-site Scripting (XSS) - Stored in GitHub repository linagora/twake prior to 2023.Q1.1200+.

",MEDIUM,5.7,CWE-79,2023
CVE-2023-0029,A vulnerability was found in Multilaser RE708 RE1200R4GC-2T2R-V3_v3411b_MUL029B. It has been rated as problematic. This issue affects some unknown processing of the component Telnet Service. The manipulation leads to denial of service. The attack may be initiated remotely. The identifier VDB-217169 was assigned to this vulnerability.,MEDIUM,5.3,CWE-404,2023
CVE-2023-0030,A use-after-free flaw was found in the Linux kernel’s nouveau driver in how a user triggers a memory overflow that causes the nvkm_vma_tail function to fail. This flaw allows a local user to crash or potentially escalate their privileges on the system.,HIGH,7.8,CWE-416,2023
CVE-2023-0033,"The PDF Viewer WordPress plugin before 1.0.0 does not validate and escape one of its shortcode attributes, which could allow users with a role as low as contributor to perform Stored Cross-Site Scripting attack.",MEDIUM,5.4,N/A,2023
CVE-2023-0034,"The JetWidgets For Elementor WordPress plugin before 1.0.14 does not validate and escape some of its shortcode attributes before outputting them back in a page/post where the shortcode is embed, which could allow users with the contributor role and above to perform Stored Cross-Site Scripting attacks",MEDIUM,5.4,N/A,2023
CVE-2023-0035,"softbus_client_stub in communication subsystem within OpenHarmony-v3.0.5 and prior versions has an authentication bypass vulnerability which allows an ""SA relay attack"".Local attackers can bypass authentication and attack other SAs with high privilege.
",MEDIUM,6.5,CWE-287,2023
CVE-2023-0036,"platform_callback_stub in misc subsystem within OpenHarmony-v3.0.5 and prior versions has an authentication bypass vulnerability which allows an ""SA relay attack"".Local attackers can bypass authentication and attack other SAs with high privilege.
",MEDIUM,6.5,CWE-287,2023
CVE-2023-0037,"The 10Web Map Builder for Google Maps WordPress plugin before 1.0.73 does not properly sanitise and escape some parameters before using them in an SQL statement via an AJAX action available to unauthenticated users, leading to a SQL injection",CRITICAL,9.8,N/A,2023
CVE-2023-0038,"The ""Survey Maker – Best WordPress Survey Plugin"" plugin for WordPress is vulnerable to Stored Cross-Site Scripting via survey answers in versions up to, and including, 3.1.3 due to insufficient input sanitization and output escaping. This makes it possible for unauthenticated attackers to inject arbitrary web scripts when submitting quizzes that will execute whenever a user accesses the submissions page.",HIGH,7.2,N/A,2023
CVE-2023-0040,"Versions of Async HTTP Client prior to 1.13.2 are vulnerable to a form of targeted request manipulation called CRLF injection. This vulnerability was the result of insufficient validation of HTTP header field values before sending them to the network. Users are vulnerable if they pass untrusted data into HTTP header field values without prior sanitisation. Common use-cases here might be to place usernames from a database into HTTP header fields. This vulnerability allows attackers to inject new HTTP header fields, or entirely new requests, into the data stream. This can cause requests to be understood very differently by the remote server than was intended. In general, this is unlikely to result in data disclosure, but it can result in a number of logical errors and other misbehaviours.",HIGH,7.5,CWE-93,2023
CVE-2023-0041,IBM Security Guardium 11.5 could allow a user to take over another user's session due to insufficient session expiration.  IBM X-Force ID:  243657.,MEDIUM,6.3,CWE-613,2023
CVE-2023-0042,"An issue has been discovered in GitLab CE/EE affecting all versions starting from 11.4 prior to 15.5.7, 15.6 prior to 15.6.4, and 15.7 prior to 15.7.2. GitLab Pages allows redirection to arbitrary protocols.",MEDIUM,6.1,CWE-601,2023
CVE-2023-0043,"The Custom Add User WordPress plugin through 2.0.2 does not sanitise and escape a parameter before outputting it back in the page, leading to a Reflected Cross-Site Scripting which could be used against high privilege users such as admin",MEDIUM,6.1,CWE-79,2023
CVE-2023-0044,If the Quarkus Form Authentication session cookie Path attribute is set to `/` then a cross-site attack may be initiated which might lead to the Information Disclosure. This attack can be prevented with the Quarkus CSRF Prevention feature.,MEDIUM,6.1,CWE-79,2023
CVE-2023-0045,"The current implementation of the prctl syscall does not issue an IBPB immediately during the syscall. The ib_prctl_set  function updates the Thread Information Flags (TIFs) for the task and updates the SPEC_CTRL MSR on the function __speculation_ctrl_update, but the IBPB is only issued on the next schedule, when the TIF bits are checked. This leaves the victim vulnerable to values already injected on the BTB, prior to the prctl syscall.  The patch that added the support for the conditional mitigation via prctl (ib_prctl_set) dates back to the kernel 4.9.176.

We recommend upgrading past commit a664ec9158eeddd75121d39c9a0758016097fa96",MEDIUM,4.7,CWE-610,2023
CVE-2023-0046,Improper Restriction of Names for Files and Other Resources in GitHub repository lirantal/daloradius prior to master-branch.,HIGH,7.2,CWE-641,2023
CVE-2023-0048,Code Injection in GitHub repository lirantal/daloradius prior to master-branch.,HIGH,8.8,CWE-94,2023
CVE-2023-0049,Out-of-bounds Read in GitHub repository vim/vim prior to 9.0.1143.,HIGH,7.8,CWE-125,2023
CVE-2023-0050,"An issue has been discovered in GitLab affecting all versions starting from 13.7 before 15.7.8, all versions starting from 15.8 before 15.8.4, all versions starting from 15.9 before 15.9.2. A specially crafted Kroki diagram could lead to a stored XSS on the client side which allows attackers to perform arbitrary actions on behalf of victims.",HIGH,8.7,CWE-79,2023
CVE-2023-0051,Heap-based Buffer Overflow in GitHub repository vim/vim prior to 9.0.1144.,HIGH,7.8,CWE-122,2023
CVE-2023-0052,"SAUTER Controls Nova 200–220 Series with firmware version 3.3-006 and prior and BACnetstac version 4.2.1 and prior allows the execution of commands without credentials. As Telnet and file transfer protocol (FTP) are the only protocols available for device management, an unauthorized user could access the system and modify the device configuration, which could result in the unauthorized user executing unrestricted malicious commands.

",CRITICAL,9.8,CWE-306,2023
CVE-2023-0053,"SAUTER Controls Nova 200–220 Series with firmware version 3.3-006 and 
prior and BACnetstac version 4.2.1 and prior have only FTP and Telnet 
available for device management. Any sensitive information communicated 
through these protocols, such as credentials, is sent in cleartext. An 
attacker could obtain sensitive information such as user credentials to 
gain access to the system. 



",HIGH,7.5,CWE-319,2023
CVE-2023-0054,Out-of-bounds Write in GitHub repository vim/vim prior to 9.0.1145.,HIGH,7.8,CWE-787,2023
CVE-2023-0055,Sensitive Cookie in HTTPS Session Without 'Secure' Attribute in GitHub repository pyload/pyload prior to 0.5.0b3.dev32.,MEDIUM,5.3,CWE-614,2023
CVE-2023-0056,An uncontrolled resource consumption vulnerability was discovered in HAProxy which could crash the service. This issue could allow an authenticated remote attacker to run a specially crafted malicious server in an OpenShift cluster. The biggest impact is to availability.,MEDIUM,6.5,CWE-400,2023
CVE-2023-0057,Improper Restriction of Rendered UI Layers or Frames in GitHub repository pyload/pyload prior to 0.5.0b3.dev33.,MEDIUM,6.1,CWE-1021,2023
CVE-2023-0058,"The Tiempo.com WordPress plugin through 0.1.2 does not have CSRF check when creating and editing its shortcode, and is missing sanitisation as well as escaping, which could allow attackers to make logged in admin add Stored XSS payloads via a CSRF attack",MEDIUM,6.1,N/A,2023
CVE-2023-0059,"The Youzify WordPress plugin before 1.2.2 does not validate and escape some of its shortcode attributes before outputting them back in a page/post where the shortcode is embed, which could allow users with the contributor role and above to perform Stored Cross-Site Scripting attacks.",MEDIUM,5.4,N/A,2023
CVE-2023-0060,"The Responsive Gallery Grid WordPress plugin before 2.3.9 does not validate and escape some of its shortcode attributes before outputting them back in a page/post where the shortcode is embed, which could allow users with the contributor role and above to perform Stored Cross-Site Scripting attacks.",MEDIUM,5.4,N/A,2023
CVE-2023-0061,"The Judge.me Product Reviews for WooCommerce WordPress plugin before 1.3.21 does not validate and escape some of its shortcode attributes before outputting them back in a page/post where the shortcode is embed, which could allow users with the contributor role and above to perform Stored Cross-Site Scripting attacks.",MEDIUM,5.4,N/A,2023
CVE-2023-0062,"The EAN for WooCommerce WordPress plugin before 4.4.3 does not validate and escape some of its shortcode attributes before outputting them back in a page/post where the shortcode is embed, which could allow users with the contributor role and above to perform Stored Cross-Site Scripting attacks.",MEDIUM,5.4,N/A,2023
CVE-2023-0063,"The WordPress Shortcodes WordPress plugin through 1.6.36 does not validate and escape some of its shortcode attributes before outputting them back in a page/post where the shortcode is embed, which could allow users with the contributor role and above to perform Stored Cross-Site Scripting attacks.",MEDIUM,5.4,CWE-79,2023
CVE-2023-0064,"The eVision Responsive Column Layout Shortcodes WordPress plugin through 2.3 does not validate and escape some of its shortcode attributes before outputting them back in a page/post where the shortcode is embed, which could allow users with the contributor role and above to perform Stored Cross-Site Scripting attacks.",MEDIUM,5.4,CWE-79,2023
CVE-2023-0065,"The i2 Pros & Cons WordPress plugin through 1.3.1 does not validate and escape some of its shortcode attributes before outputting them back in a page/post where the shortcode is embed, which could allow users with the contributor role and above to perform Stored Cross-Site Scripting attacks.",MEDIUM,5.4,CWE-79,2023
CVE-2023-0066,"The Companion Sitemap Generator WordPress plugin through 4.5.1.1 does not validate and escape some of its shortcode attributes before outputting them back in a page/post where the shortcode is embed, which could allow users with the contributor role and above to perform Stored Cross-Site Scripting attacks.",MEDIUM,5.4,N/A,2023
CVE-2023-0067,"The Timed Content WordPress plugin before 2.73 does not validate and escape some of its shortcode attributes before outputting them back in a page/post where the shortcode is embed, which could allow users with the contributor role and above to perform Stored Cross-Site Scripting attacks.",MEDIUM,5.4,CWE-79,2023
CVE-2023-0068,"The Product GTIN (EAN, UPC, ISBN) for WooCommerce WordPress plugin through 1.1.1 does not validate and escape some of its shortcode attributes before outputting them back in a page/post where the shortcode is embed, which could allow users with the contributor role and above to perform Stored Cross-Site Scripting attacks.",MEDIUM,5.4,CWE-79,2023
CVE-2023-0069,"The WPaudio MP3 Player WordPress plugin through 4.0.2 does not validate and escape some of its shortcode attributes before outputting them back in a page/post where the shortcode is embed, which could allow users with the contributor role and above to perform Stored Cross-Site Scripting attacks.",MEDIUM,5.4,N/A,2023
CVE-2023-0070,"The ResponsiveVoice Text To Speech WordPress plugin before 1.7.7 does not validate and escape some of its shortcode attributes before outputting them back in a page/post where the shortcode is embed, which could allow users with the contributor role and above to perform Stored Cross-Site Scripting attacks.",MEDIUM,5.4,N/A,2023
CVE-2023-0071,"The WP Tabs WordPress plugin before 2.1.17 does not validate and escape some of its shortcode attributes before outputting them back in a page/post where the shortcode is embed, which could allow users with the contributor role and above to perform Stored Cross-Site Scripting attacks.",MEDIUM,5.4,N/A,2023
CVE-2023-0072,"The WC Vendors Marketplace WordPress plugin before 2.4.5 does not validate and escape some of its shortcode attributes before outputting them back in a page/post where the shortcode is embed, which could allow users with the contributor role and above to perform Stored Cross-Site Scripting attacks.",MEDIUM,5.4,N/A,2023
CVE-2023-0073,"The Client Logo Carousel WordPress plugin through 3.0.0 does not validate and escape some of its shortcode attributes before outputting them back in a page/post where the shortcode is embed, which could allow users with the contributor role and above to perform Stored Cross-Site Scripting attacks.",MEDIUM,5.4,CWE-79,2023
CVE-2023-0074,"The WP Social Widget WordPress plugin before 2.2.4 does not validate and escape some of its shortcode attributes before outputting them back in a page/post where the shortcode is embed, which could allow users with the contributor role and above to perform Stored Cross-Site Scripting attacks.",MEDIUM,5.4,N/A,2023
CVE-2023-0075,"The Amazon JS WordPress plugin through 0.10 does not validate and escape some of its shortcode attributes before outputting them back in a page/post where the shortcode is embed, which could allow users with the contributor role and above to perform Stored Cross-Site Scripting attacks.",MEDIUM,5.4,N/A,2023
CVE-2023-0076,"The Download Attachments WordPress plugin before 1.3 does not validate and escape some of its shortcode attributes before outputting them back in a page/post where the shortcode is embed, which could allow users with the contributor role and above to perform Stored Cross-Site Scripting attacks.",MEDIUM,5.4,N/A,2023
CVE-2023-0077,Integer overflow or wraparound vulnerability in CGI component in Synology Router Manager (SRM) before 1.2.5-8227-6 and 1.3.1-9346-3 allows remote attackers to overflow buffers via unspecified vectors.,MEDIUM,6.5,N/A,2023
CVE-2023-0078,"The Resume Builder WordPress plugin through 3.1.1 does not sanitize and escape some parameters related to Resume, which could allow users with a role as low as subscriber to perform Stored XSS attacks against higher privilege users",MEDIUM,5.4,N/A,2023
CVE-2023-0079,"The Customer Reviews for WooCommerce WordPress plugin before 5.17.0 does not validate and escape some of its shortcode attributes before outputting them back in a page/post where the shortcode is embed, which could allow users with the contributor role and above to perform Stored Cross-Site Scripting attacks.",MEDIUM,5.4,CWE-79,2023
CVE-2023-0080,"The Customer Reviews for WooCommerce WordPress plugin before 5.16.0 does not validate one of its shortcode attribute, which could allow users with a contributor role and above to include arbitrary files via a traversal attack. This could also allow them to read non PHP files and retrieve their content. RCE could also be achieved if the attacker manage to upload a malicious image containing PHP code, and then include it via the affected attribute, on a default WP install, authors could easily achieve that given that they have the upload_file capability.",HIGH,8.8,N/A,2023
CVE-2023-0081,"The MonsterInsights WordPress plugin before 8.12.1 does not validate and escape some of its block options before outputting them back in a page/post where the block is embed, which could allow users with the contributor role and above to perform Stored Cross-Site Scripting attacks.",MEDIUM,5.4,N/A,2023
CVE-2023-0082,"The ExactMetrics WordPress plugin before 7.12.1 does not validate and escape some of its block options before outputting them back in a page/post where the block is embed, which could allow users with the contributor role and above to perform Stored Cross-Site Scripting attacks.",MEDIUM,5.4,N/A,2023
CVE-2023-0083,"The ArKUI framework subsystem within OpenHarmony-v3.1.5 and prior versions, 

OpenHarmony-v3.0.7 and prior versions

has an Improper Input Validation vulnerability which local attackers can exploit this vulnerability to send malicious data, causing the current application to crash.
",MEDIUM,4.0,CWE-843,2023
CVE-2023-0084,"The Metform Elementor Contact Form Builder plugin for WordPress is vulnerable to Stored Cross-Site Scripting via text areas on forms in versions up to, and including, 3.1.2 due to insufficient input sanitization and output escaping. This makes it possible for unauthenticated attackers to inject arbitrary web scripts in pages that will execute whenever a user accesses an injected page, which is the submissions page.",HIGH,7.2,N/A,2023
CVE-2023-0085,"The Metform Elementor Contact Form Builder plugin for WordPress is vulnerable to reCaptcha Bypass in versions up to, and including, 3.2.1. This is due to insufficient server side checking on the captcha value submitted during a form submission. This makes it possible for unauthenticated attackers to bypass Captcha restrictions and for attackers to utilize bots to submit forms.",MEDIUM,5.3,N/A,2023
CVE-2023-0086,"The JetWidgets for Elementor plugin for WordPress is vulnerable to Cross-Site Request Forgery in versions up to, and including, 1.0.12. This is due to missing nonce validation on the save() function. This makes it possible for unauthenticated attackers to to modify the plugin's settings via a forged request granted they can trick a site administrator into performing an action such as clicking on a link.  This can be used to enable SVG uploads that could make Cross-Site Scripting possible.",MEDIUM,5.4,N/A,2023
CVE-2023-0087,"The Swifty Page Manager plugin for WordPress is vulnerable to Stored Cross-Site Scripting via the ‘spm_plugin_options_page_tree_max_width’ parameter in versions up to, and including, 3.0.1 due to insufficient input sanitization and output escaping. This makes it possible for authenticated attackers, with administrator-level permissions and above, to inject arbitrary web scripts in pages that will execute whenever a user accesses an injected page. This only affects multi-site installations and installations where unfiltered_html has been disabled.",MEDIUM,5.5,N/A,2023
CVE-2023-0088,"The Swifty Page Manager plugin for WordPress is vulnerable to Cross-Site Request Forgery in versions up to, and including, 3.0.1. This is due to missing or incorrect nonce validation on several AJAX actions handling page creation and deletion among other things. This makes it possible for unauthenticated attackers to invoke those functions, via forged request granted they can trick a site administrator into performing an action such as clicking on a link.",HIGH,8.8,CWE-352,2023
CVE-2023-0089,"
The webutils in Proofpoint Enterprise Protection (PPS/POD) contain a vulnerability that allows an authenticated user to execute remote code through 'eval injection'.

This affects all versions 8.20.0 and below. 





",HIGH,8.8,CWE-95,2023
CVE-2023-0090,"The webservices in Proofpoint Enterprise Protection (PPS/POD) contain a vulnerability that allows for an anonymous user to execute remote code through 'eval injection'.  Exploitation requires network access to the webservices API, but such access is a non-standard configuration.  This affects all versions 8.20.0 and below.

",CRITICAL,9.8,CWE-95,2023
CVE-2023-0091,"A flaw was found in Keycloak, where it did not properly check client tokens for possible revocation in its client credential flow. This flaw allows an attacker to access or modify potentially sensitive information.",LOW,3.8,CWE-863,2023
CVE-2023-0092,"An authenticated user who has read access to the juju controller model, may construct a remote request to download an arbitrary file from the controller's filesystem.",MEDIUM,4.9,CWE-22,2023
CVE-2023-0093,"Okta Advanced Server Access Client versions 1.13.1 through 1.65.0 are vulnerable to command injection due to the third party library webbrowser. An outdated library, webbrowser, used by the ASA client was found to be vulnerable to command injection. To exploit this issue, an attacker would need to phish the user to enter an attacker controlled server URL during enrollment.",HIGH,8.8,CWE-77,2023
CVE-2023-0094,"The UpQode Google Maps WordPress plugin through 1.0.5 does not validate and escape some of its shortcode attributes before outputting them back in a page/post where the shortcode is embed, which could allow users with the contributor role and above to perform Stored Cross-Site Scripting attacks.",MEDIUM,5.4,CWE-79,2023
CVE-2023-0095,"The Page View Count WordPress plugin before 2.6.1 does not validate and escape some of its block options before outputting them back in a page/post where the block is embed, which could allow users with the contributor role and above to perform Stored Cross-Site Scripting attacks.",MEDIUM,5.4,N/A,2023
CVE-2023-0096,"The Happyforms WordPress plugin before 1.22.0 does not validate and escape some of its block options before outputting them back in a page/post where the block is embed, which could allow users with the contributor role and above to perform Stored Cross-Site Scripting attacks.",MEDIUM,5.4,N/A,2023
CVE-2023-0097,"The Post Grid, Post Carousel, & List Category Posts WordPress plugin before 2.4.19 does not validate and escape some of its block options before outputting them back in a page/post where the block is embed, which could allow users with the contributor role and above to perform Stored Cross-Site Scripting attacks.",MEDIUM,5.4,CWE-79,2023
CVE-2023-0098,"The Simple URLs WordPress plugin before 115 does not escape some parameters before using them in various SQL statements used by AJAX actions available by any authenticated users, leading to a SQL injection exploitable by low privilege users such as subscriber.",HIGH,8.8,N/A,2023
CVE-2023-0099,"The Simple URLs WordPress plugin before 115 does not sanitise and escape some parameters before outputting them back in some pages, leading to Reflected Cross-Site Scripting which could be used against high privilege users such as admin.",MEDIUM,6.1,N/A,2023
CVE-2023-0100,"In Eclipse BIRT, starting from version 2.6.2, the default configuration allowed to retrieve a report from the same host using an absolute HTTP path for the report parameter (e.g. __report=http://xyz.com/report.rptdesign). If the host indicated in the __report parameter matched the HTTP Host header value, the report would be retrieved. However, the Host header can be tampered with on some configurations where no virtual hosts are put in place (e.g. in the default configuration of Apache Tomcat) or when the default host points to the BIRT server. This vulnerability was patched on Eclipse BIRT 4.13.",HIGH,8.8,CWE-20,2023
CVE-2023-0101,A privilege escalation vulnerability was identified in Nessus versions 8.10.1 through 8.15.8 and 10.0.0 through 10.4.1. An authenticated attacker could potentially execute a specially crafted file to obtain root or NT AUTHORITY / SYSTEM privileges on the Nessus host.,HIGH,8.8,CWE-269,2023
CVE-2023-0102,"LS ELECTRIC XBC-DN32U with operating system version 01.80 is missing authentication for its deletion command. This could allow an attacker to delete arbitrary files.

",CRITICAL,9.1,CWE-306,2023
CVE-2023-0103,"If an attacker were to access memory locations of LS ELECTRIC XBC-DN32U with operating system version 01.80 that are outside of the communication buffer, the device stops operating. This could allow an attacker to cause a denial-of-service condition.

",HIGH,7.5,CWE-788,2023
CVE-2023-0104,"
The listed versions for Weintek EasyBuilder Pro are vulnerable to a ZipSlip attack caused by decompiling a malicious project file. This may allow an attacker to gain control of the user’s computer or gain access to sensitive data.   




",CRITICAL,9.3,CWE-29,2023
CVE-2023-0105,A flaw was found in Keycloak. This flaw allows impersonation and lockout due to the email trust not being handled correctly in Keycloak. An attacker can shadow other users with the same email and lockout or impersonate them.,MEDIUM,6.5,CWE-287,2023
CVE-2023-0106,Cross-site Scripting (XSS) - Stored in GitHub repository usememos/memos prior to 0.10.0.,MEDIUM,5.4,CWE-79,2023
CVE-2023-0109,"A stored cross-site scripting (XSS) vulnerability was discovered in usememos/memos version 0.9.1. This vulnerability allows an attacker to upload a JavaScript file containing a malicious script and reference it in an HTML file. When the HTML file is accessed, the malicious script is executed. This can lead to the theft of sensitive information, such as login credentials, from users visiting the affected website. The issue has been fixed in version 0.10.0.",MEDIUM,5.4,CWE-79,2023
CVE-2023-0113,A vulnerability was found in Netis Netcore Router up to 2.2.6. It has been declared as problematic. Affected by this vulnerability is an unknown functionality of the file param.file.tgz of the component Backup Handler. The manipulation leads to information disclosure. The attack can be launched remotely. The associated identifier of this vulnerability is VDB-217591.,MEDIUM,5.3,CWE-200,2023
CVE-2023-0114,A vulnerability was found in Netis Netcore Router. It has been rated as problematic. Affected by this issue is some unknown functionality of the file param.file.tgz of the component Backup Handler. The manipulation leads to cleartext storage in a file or on disk. Local access is required to approach this attack. The identifier of this vulnerability is VDB-217592.,LOW,3.3,CWE-313,2023
CVE-2023-0116,The reminder module lacks an authentication mechanism for broadcasts received. Successful exploitation of this vulnerability may affect availability.,HIGH,7.5,CWE-306,2023
CVE-2023-0117,"The online authentication provided by the hwKitAssistant lacks strict identity verification of applications. Successful exploitation of this vulnerability may affect availability of features,such as MeeTime.",MEDIUM,5.3,CWE-287,2023
CVE-2023-0118,An arbitrary code execution flaw was found in Foreman. This flaw allows an admin user to bypass safe mode in templates and execute arbitrary code on the underlying operating system.,CRITICAL,9.1,CWE-78,2023
CVE-2023-0119,"A stored Cross-site scripting vulnerability was found in foreman. The Comment section in the Hosts tab has incorrect filtering of user input data. As a result of the attack, an attacker with an existing account on the system can steal another user's session, make requests on behalf of the user, and obtain user credentials.",MEDIUM,5.4,CWE-79,2023
CVE-2023-0120,"An issue has been discovered in GitLab affecting all versions starting from 10.0 before 16.1.5, all versions starting from 16.2 before 16.2.5, all versions starting from 16.3 before 16.3.1. Due to improper permission validation it was possible to edit labels description by an unauthorised user.",LOW,3.5,CWE-863,2023
CVE-2023-0121,"A denial of service issue was discovered in GitLab CE/EE affecting all versions starting from 13.2.4 before 15.10.8, all versions starting from 15.11 before 15.11.7, all versions starting from 16.0 before 16.0.2 which allows an attacker to cause high resource consumption using malicious test report artifacts.",MEDIUM,6.5,CWE-770,2023
CVE-2023-0122,"A NULL pointer dereference vulnerability in the Linux kernel NVMe functionality, in nvmet_setup_auth(), allows an attacker to perform a Pre-Auth Denial of Service (DoS) attack on a remote machine. Affected versions v6.0-rc1 to v6.0-rc3, fixed in v6.0-rc4.",HIGH,7.5,CWE-476,2023
CVE-2023-0123,"Delta Electronics DOPSoft versions 4.00.16.22 and prior are vulnerable to a stack-based buffer overflow, which could allow an attacker to remotely execute arbitrary code when a malformed file is introduced to the software.

",HIGH,7.8,CWE-121,2023
CVE-2023-0124,"Delta Electronics DOPSoft versions 4.00.16.22 and prior are vulnerable to an out-of-bounds write, which could allow an attacker to remotely execute arbitrary code when a malformed file is introduced to the software.

",HIGH,7.8,CWE-787,2023
CVE-2023-0125,A vulnerability was found in Control iD Gerencia Web 1.30. It has been declared as problematic. Affected by this vulnerability is an unknown functionality of the component Web Interface. The manipulation of the argument Nome leads to cross site scripting. The attack can be launched remotely. The exploit has been disclosed to the public and may be used. The identifier VDB-217717 was assigned to this vulnerability.,LOW,2.4,CWE-79,2023
CVE-2023-0126,"Pre-authentication path traversal vulnerability in SMA1000 firmware version 12.4.2, which allows an unauthenticated attacker to access arbitrary files and directories stored outside the web root directory.",HIGH,7.5,CWE-22,2023
CVE-2023-0127,"A command injection vulnerability in the firmware_update command, in the device's restricted telnet interface, allows an authenticated attacker to execute arbitrary commands as root.",HIGH,7.8,CWE-77,2023
CVE-2023-0128,Use after free in Overview Mode in Google Chrome on Chrome OS prior to 109.0.5414.74 allowed a remote attacker who convinced a user to engage in specific UI interactions to potentially exploit heap corruption via a crafted HTML page. (Chromium security severity: High),HIGH,8.8,CWE-416,2023
CVE-2023-0129,Heap buffer overflow in Network Service in Google Chrome prior to 109.0.5414.74 allowed an attacker who convinced a user to install a malicious extension to potentially exploit heap corruption via a crafted HTML page and specific interactions. (Chromium security severity: High),HIGH,8.8,CWE-787,2023
CVE-2023-0130,Inappropriate implementation in in Fullscreen API in Google Chrome on Android prior to 109.0.5414.74 allowed a remote attacker to spoof the contents of the Omnibox (URL bar) via a crafted HTML page. (Chromium security severity: Medium),MEDIUM,6.5,NVD-CWE-noinfo,2023
CVE-2023-0131,Inappropriate implementation in in iframe Sandbox in Google Chrome prior to 109.0.5414.74 allowed a remote attacker to bypass file download restrictions via a crafted HTML page. (Chromium security severity: Medium),MEDIUM,6.5,NVD-CWE-noinfo,2023
CVE-2023-0132,Inappropriate implementation in in Permission prompts in Google Chrome on Windows prior to 109.0.5414.74 allowed a remote attacker to force acceptance of a permission prompt via a crafted HTML page. (Chromium security severity: Medium),MEDIUM,6.5,NVD-CWE-noinfo,2023
CVE-2023-0133,Inappropriate implementation in in Permission prompts in Google Chrome on Android prior to 109.0.5414.74 allowed a remote attacker to bypass main origin permission delegation via a crafted HTML page. (Chromium security severity: Medium),MEDIUM,6.5,NVD-CWE-noinfo,2023
CVE-2023-0134,Use after free in Cart in Google Chrome prior to 109.0.5414.74 allowed an attacker who convinced a user to install a malicious extension to potentially exploit heap corruption via database corruption and a crafted HTML page. (Chromium security severity: Medium),HIGH,8.8,CWE-416,2023
CVE-2023-0136,Inappropriate implementation in in Fullscreen API in Google Chrome on Android prior to 109.0.5414.74 allowed a remote attacker to execute incorrect security UI via a crafted HTML page. (Chromium security severity: Medium),HIGH,8.8,NVD-CWE-noinfo,2023
CVE-2023-0137,Heap buffer overflow in Platform Apps in Google Chrome on Chrome OS prior to 109.0.5414.74 allowed an attacker who convinced a user to install a malicious extension to potentially exploit heap corruption via a crafted HTML page. (Chromium security severity: Medium),HIGH,8.8,CWE-787,2023
CVE-2023-0138,Heap buffer overflow in libphonenumber in Google Chrome prior to 109.0.5414.74 allowed a remote attacker to potentially exploit heap corruption via a crafted HTML page. (Chromium security severity: Low),HIGH,8.8,CWE-787,2023
CVE-2023-0139,Insufficient validation of untrusted input in Downloads in Google Chrome on Windows prior to 109.0.5414.74 allowed a remote attacker to bypass download restrictions via a crafted HTML page. (Chromium security severity: Low),MEDIUM,6.5,CWE-20,2023
CVE-2023-0140,Inappropriate implementation in in File System API in Google Chrome on Windows prior to 109.0.5414.74 allowed a remote attacker to bypass file system restrictions via a crafted HTML page. (Chromium security severity: Low),MEDIUM,6.5,NVD-CWE-noinfo,2023
CVE-2023-0141,Insufficient policy enforcement in CORS in Google Chrome prior to 109.0.5414.74 allowed a remote attacker to leak cross-origin data via a crafted HTML page. (Chromium security severity: Low),MEDIUM,4.3,NVD-CWE-noinfo,2023
CVE-2023-0142,"Uncontrolled search path element vulnerability in Backup Management functionality in Synology DiskStation Manager (DSM) before 6.2.4-25556-8, 7.0.1-42218-7 and 7.1-42661 allows remote authenticated users with administrator privileges to read or write arbitrary files via unspecified vectors.",MEDIUM,6.5,CWE-427,2023
CVE-2023-0143,"The Send PDF for Contact Form 7 WordPress plugin before 0.9.9.2 does not validate and escape some of its shortcode attributes before outputting them back in the page, which could allow users with a role as low as contributor to perform Stored Cross-Site Scripting attacks which could be used against high privilege users such as admins.",MEDIUM,5.4,N/A,2023
CVE-2023-0144,"The Event Manager and Tickets Selling Plugin for WooCommerce WordPress plugin before 3.8.0 does not validate and escape some of its post meta before outputting them back in a page/post, which could allow users with the contributor role and above to perform Stored Cross-Site Scripting attacks.",MEDIUM,5.4,CWE-79,2023
CVE-2023-0145,"The Saan World Clock WordPress plugin through 1.8 does not validate and escape some of its shortcode attributes before outputting them back in a page/post where the shortcode is embed, which could allow users with the contributor role and above to perform Stored Cross-Site Scripting attacks.",MEDIUM,5.4,CWE-79,2023
CVE-2023-0146,"The Naver Map WordPress plugin through 1.1.0 does not validate and escape some of its shortcode attributes before outputting them back in a page/post where the shortcode is embed, which could allow users with the contributor role and above to perform Stored Cross-Site Scripting attacks.",MEDIUM,5.4,N/A,2023
CVE-2023-0147,"The Flexible Captcha WordPress plugin through 4.1 does not validate and escape some of its shortcode attributes before outputting them back in a page/post where the shortcode is embed, which could allow users with the contributor role and above to perform Stored Cross-Site Scripting attacks",MEDIUM,5.4,N/A,2023
CVE-2023-0148,"The Gallery Factory Lite WordPress plugin through 2.0.0 does not validate and escape some of its shortcode attributes before outputting them back in a page/post where the shortcode is embed, which could allow users with the contributor role and above to perform Stored Cross-Site Scripting attacks.",MEDIUM,5.4,N/A,2023
CVE-2023-0149,"The WordPrezi WordPress plugin before 0.9 does not validate and escape some of its shortcode attributes before outputting them back in a page/post where the shortcode is embed, which could allow users with the contributor role and above to perform Stored Cross-Site Scripting attacks",MEDIUM,5.4,N/A,2023
CVE-2023-0150,"The Cloak Front End Email WordPress plugin before 1.9.2 does not validate and escape some of its shortcode attributes before outputting them back in a page/post where the shortcode is embed, which could allow users with the contributor role and above to perform Stored Cross-Site Scripting attacks",MEDIUM,5.4,N/A,2023
CVE-2023-0151,"The uTubeVideo Gallery WordPress plugin before 2.0.8 does not validate and escape some of its shortcode attributes before outputting them back in a page/post where the shortcode is embed, which could allow users with the contributor role and above to perform Stored Cross-Site Scripting attacks.",MEDIUM,5.4,CWE-79,2023
CVE-2023-0152,"The WP Multi Store Locator WordPress plugin through 2.4 does not validate and escape some of its shortcode attributes before outputting them back in a page/post where the shortcode is embed, which could allow users with the contributor role and above to perform Stored Cross-Site Scripting attacks",MEDIUM,5.4,CWE-79,2023
CVE-2023-0153,"The Vimeo Video Autoplay Automute WordPress plugin through 1.0 does not validate and escape some of its shortcode attributes before outputting them back in a page/post where the shortcode is embed, which could allow users with the contributor role and above to perform Stored Cross-Site Scripting attacks.",MEDIUM,5.4,N/A,2023
CVE-2023-0154,"The GamiPress WordPress plugin before 1.0.9 does not validate and escape some of its shortcode attributes before outputting them back in a page/post where the shortcode is embed, which could allow users with the contributor role and above to perform Stored Cross-Site Scripting attacks.",MEDIUM,5.4,N/A,2023
CVE-2023-0155,"An issue has been discovered in GitLab CE/EE affecting all versions before 15.8.5, 15.9.4, 15.10.1. Open redirects was possible due to framing arbitrary content on any page allowing user controlled markdown",MEDIUM,5.4,CWE-601,2023
CVE-2023-0156,"The All-In-One Security (AIOS) WordPress plugin before 5.1.5 does not limit what log files to display in it's settings pages, allowing an authorized user (admin+) to view the contents of arbitrary files and list directories anywhere on the server (to which the web server has access). The plugin only displays the last 50 lines of the file.",MEDIUM,4.9,CWE-22,2023
CVE-2023-0157,"The All-In-One Security (AIOS) WordPress plugin before 5.1.5 does not escape the content of log files before outputting it to the plugin admin page, allowing an authorized user (admin+) to plant bogus log files containing malicious JavaScript code that will be executed in the context of any administrator visiting this page.",MEDIUM,4.8,CWE-79,2023
CVE-2023-0158,"NLnet Labs Krill supports direct access to the RRDP repository content through its built-in web server at the ""/rrdp"" endpoint. Prior to 0.12.1 a direct query for any existing directory under ""/rrdp/"", rather than an RRDP file such as ""/rrdp/notification.xml"" as would be expected, causes Krill to crash. If the built-in ""/rrdp"" endpoint is exposed directly to the internet, then malicious remote parties can cause the publication server to crash. The repository content is not affected by this, but the availability of the server and repository can cause issues if this attack is persistent and is not mitigated.",HIGH,7.5,CWE-248,2023
CVE-2023-0159,"The Extensive VC Addons for WPBakery page builder WordPress plugin before 1.9.1 does not validate a parameter passed to the php extract function when loading templates, allowing an unauthenticated attacker to override the template path to read arbitrary files from the hosts file system. This may be escalated to RCE using PHP filter chains.",HIGH,7.5,N/A,2023
CVE-2023-0160,A deadlock flaw was found in the Linux kernel’s BPF subsystem. This flaw allows a local user to potentially crash the system.,MEDIUM,4.7,CWE-833,2023
CVE-2023-0162,"The CPO Companion plugin for WordPress is vulnerable to Stored Cross-Site Scripting via several of its content type settings parameters in versions up to, and including, 1.0.4 due to insufficient input sanitization and output escaping. This makes it possible for authenticated attackers, with administrator-level permissions and above, to inject arbitrary web scripts in pages that will execute whenever a user accesses an injected page.",MEDIUM,5.5,N/A,2023
CVE-2023-0163,"Improperly Controlled Modification of Object Prototype Attributes ('Prototype Pollution') vulnerability in Mozilla Convict.

This allows an attacker to inject attributes that are used in other components, or to override existing attributes with ones that have incompatible type, which may lead to a crash.


The main use case of Convict is for handling server-side 
configurations written by the admins owning the servers, and not random 
users. So it's unlikely that an admin would deliberately sabotage their 
own server. Still, a situation can happen where an admin not 
knowledgeable about JavaScript could be tricked by an attacker into 
writing the malicious JavaScript code into some config files.



This issue affects Convict: before 6.2.4.",HIGH,8.4,CWE-1321,2023
CVE-2023-0164,OrangeScrum version 2.0.11 allows an authenticated external attacker to execute arbitrary commands on the server. This is possible because the application injects an attacker-controlled parameter into a system function.,HIGH,8.8,CWE-78,2023
CVE-2023-0165,"The Cost Calculator WordPress plugin through 1.8 does not validate and escape some of its shortcode attributes before outputting them back in a page/post where the shortcode is embed, which could allow users with the contributor role and above to perform Stored Cross-Site Scripting attacks.",MEDIUM,5.4,CWE-79,2023
CVE-2023-0166,"The Product Slider for WooCommerce by PickPlugins WordPress plugin before 1.13.42 does not validate and escape some of its shortcode attributes before outputting them back in a page/post where the shortcode is embed, which could allow users with the contributor role and above to perform Stored Cross-Site Scripting attacks.",MEDIUM,5.4,N/A,2023
CVE-2023-0167,"The GetResponse for WordPress plugin through 5.5.31 does not validate and escape some of its shortcode attributes before outputting them back in a page/post where the shortcode is embed, which could allow users with the contributor role and above to perform Stored Cross-Site Scripting attacks.",MEDIUM,5.4,N/A,2023
CVE-2023-0168,"The Olevmedia Shortcodes WordPress plugin through 1.1.9 does not validate and escape some of its shortcode attributes before outputting them back in a page/post where the shortcode is embed, which could allow users with the contributor role and above to perform Stored Cross-Site Scripting attacks.",MEDIUM,5.4,N/A,2023
CVE-2023-0169,"The Zoho Forms WordPress plugin before 3.0.1 does not validate and escape some of its shortcode attributes before outputting them back in a page/post where the shortcode is embed, which could allow users with the contributor role and above to perform Stored Cross-Site Scripting attacks.",MEDIUM,5.4,N/A,2023
CVE-2023-0170,"The Html5 Audio Player WordPress plugin before 2.1.12 does not validate and escape some of its shortcode attributes before outputting them back in a page/post where the shortcode is embed, which could allow users with the contributor role and above to perform Stored Cross-Site Scripting attacks.",MEDIUM,5.4,N/A,2023
CVE-2023-0171,"The jQuery T(-) Countdown Widget WordPress plugin before 2.3.24 does not validate and escape some of its shortcode attributes before outputting them back in a page/post where the shortcode is embed, which could allow users with the contributor role and above to perform Stored Cross-Site Scripting attacks.",MEDIUM,5.4,N/A,2023
CVE-2023-0172,"The Juicer WordPress plugin before 1.11 does not validate and escape some of its shortcode attributes before outputting them back in a page/post where the shortcode is embed, which could allow users with the contributor role and above to perform Stored Cross-Site Scripting attacks",MEDIUM,5.4,CWE-79,2023
CVE-2023-0173,"The Drag & Drop Sales Funnel Builder for WordPress plugin before 2.6.9 does not validate and escape some of its shortcode attributes before outputting them back in a page/post where the shortcode is embed, which could allow users with the contributor role and above to perform Stored Cross-Site Scripting attacks.",MEDIUM,5.4,N/A,2023
CVE-2023-0174,"The WP VR WordPress plugin before 8.2.7 does not validate and escape some of its shortcode attributes before outputting them back in a page/post where the shortcode is embed, which could allow users with the contributor role and above to perform Stored Cross-Site Scripting attacks.",MEDIUM,5.4,CWE-79,2023
CVE-2023-0175,"The Responsive Clients Logo Gallery Plugin for WordPress plugin through 1.1.9 does not validate and escape some of its shortcode attributes before outputting them back in a page/post where the shortcode is embed, which could allow users with the contributor role and above to perform Stored Cross-Site Scripting attacks.",MEDIUM,5.4,N/A,2023
CVE-2023-0176,"The Giveaways and Contests by RafflePress WordPress plugin before 1.11.3 does not validate and escape some of its shortcode attributes before outputting them back in a page/post where the shortcode is embed, which could allow users with the contributor role and above to perform Stored Cross-Site Scripting attacks.",MEDIUM,5.4,N/A,2023
CVE-2023-0177,"The Social Like Box and Page by WpDevArt WordPress plugin before 0.8.41 does not validate and escape some of its shortcode attributes before outputting them back in a page/post where the shortcode is embed, which could allow users with the contributor role and above to perform Stored Cross-Site Scripting attacks.",MEDIUM,5.4,N/A,2023
CVE-2023-0178,"The Annual Archive WordPress plugin before 1.6.0 does not validate and escape some of its shortcode attributes before outputting them back in a page/post where the shortcode is embed, which could allow users with the contributor role and above to perform Stored Cross-Site Scripting attacks.",MEDIUM,5.4,N/A,2023
CVE-2023-0179,"A buffer overflow vulnerability was found in the Netfilter subsystem in the Linux Kernel. This issue could allow the leakage of both stack and heap addresses, and potentially allow Local Privilege Escalation to the root user via arbitrary code execution.",HIGH,7.8,CWE-190,2023
CVE-2023-0180,"NVIDIA GPU Display Driver for Linux contains a vulnerability in a kernel mode layer handler, which may lead to denial of service or information disclosure.",HIGH,7.1,CWE-125,2023
CVE-2023-0181,"NVIDIA GPU Display Driver for Windows and Linux contains a vulnerability in a kernel mode layer handler, where memory permissions are not correctly checked, which may lead to denial of service and data tampering.",HIGH,7.1,CWE-280,2023
CVE-2023-0182,"NVIDIA GPU Display Driver for Windows contains a vulnerability in the kernel mode layer, where an out-of-bounds write can lead to denial of service, information disclosure, and data tampering.",HIGH,7.8,CWE-787,2023
CVE-2023-0183,NVIDIA GPU Display Driver for Linux contains a vulnerability in the kernel mode layer where an out-of-bounds write can lead to denial of service and data tampering.,HIGH,7.1,CWE-787,2023
CVE-2023-0184,"NVIDIA GPU Display Driver for Windows and Linux contains a vulnerability in the kernel mode layer handler which may lead to denial of service, escalation of privileges, information disclosure, and data tampering.",HIGH,8.8,CWE-822,2023
CVE-2023-0185,"NVIDIA GPU Display Driver for Linux contains a vulnerability in the kernel mode layer, where sign conversion issuescasting an unsigned primitive to signed may lead to denial of service or information disclosure.",MEDIUM,6.7,CWE-196,2023
CVE-2023-0186,"NVIDIA GPU Display Driver for Windows contains a vulnerability in the kernel mode layer, where an out-of-bounds write can lead to denial of service and data tampering.",MEDIUM,6.1,CWE-787,2023
CVE-2023-0187,"NVIDIA GPU Display Driver for Windows and Linux contains a vulnerability in the kernel mode layer handler, where an out-of-bounds read can lead to denial of service.",MEDIUM,6.1,CWE-125,2023
CVE-2023-0188,"NVIDIA GPU Display Driver for Windows and Linux contains a vulnerability in the kernel mode layer handler, where an unprivileged user can cause improper restriction of operations within the bounds of a memory buffer cause an out-of-bounds read, which may lead to denial of service.",MEDIUM,5.5,CWE-119,2023
CVE-2023-0189,"NVIDIA GPU Display Driver for Linux contains a vulnerability in the kernel mode layer handler which may lead to code execution, denial of service, escalation of privileges, information disclosure, and data tampering.",HIGH,8.8,CWE-822,2023
CVE-2023-0190,"NVIDIA GPU Display Driver for Linux contains a vulnerability in the kernel mode layer, where a NULL pointer dereference may lead to denial of service.",MEDIUM,5.5,CWE-476,2023
CVE-2023-0191,"NVIDIA GPU Display Driver for Windows and Linux contains a vulnerability in the kernel mode layer handler, where an out-of-bounds access may lead to denial of service or data tampering.",HIGH,7.1,CWE-119,2023
CVE-2023-0192,"NVIDIA GPU Display Driver for Windows contains a vulnerability in the kernel mode layer handler, where improper privilege management can lead to escalation of privileges and information disclosure.",MEDIUM,4.7,CWE-269,2023
CVE-2023-0193,"
NVIDIA CUDA Toolkit SDK contains a vulnerability in cuobjdump, where a local user running the tool against a malicious binary may cause an out-of-bounds read, which may result in a limited denial of service and limited information disclosure.

",MEDIUM,4.4,CWE-125,2023
CVE-2023-0194,"NVIDIA GPU Display Driver for Windows and Linux contains a vulnerability in the kernel mode layer driver, where an invalid display configuration may lead to denial of service.",LOW,2.0,CWE-1284,2023
CVE-2023-0195,"NVIDIA GPU Display Driver for Windows contains a vulnerability in the kernel mode layer driver nvlddmkm.sys, where an can cause CWE-1284,
which may lead to hypothetical Information leak of unimportant data such as local variable data of the driver",LOW,2.0,CWE-1284,2023
CVE-2023-0196,"
NVIDIA CUDA Toolkit SDK contains a bug in cuobjdump, where a local user running the tool against an ill-formed binary may cause a null- pointer dereference, which may result in a limited denial of service.

",LOW,3.3,CWE-476,2023
CVE-2023-0197,"NVIDIA vGPU software contains a vulnerability in the Virtual GPU Manager, where a malicious user in a guest VM can cause a NULL-pointer dereference, which may lead to denial of service.",MEDIUM,5.5,CWE-476,2023
CVE-2023-0198,"NVIDIA GPU Display Driver for Linux contains a vulnerability in the kernel mode layer, where improper restriction of operations within the bounds of a memory buffer can lead to denial of service, information disclosure, and data tampering.",MEDIUM,6.6,CWE-119,2023
CVE-2023-0199,"NVIDIA GPU Display Driver for Windows and Linux contains a vulnerability in the kernel mode layer handler, where an out-of-bounds write can lead to denial of service and data tampering.",MEDIUM,6.1,CWE-787,2023
CVE-2023-0200,"NVIDIA DGX-2 contains a vulnerability in OFBD where a user with high privileges and a pre-conditioned heap can cause an access beyond a buffers end, which may lead to code execution, escalation of privileges, denial of service, and information disclosure.",HIGH,7.5,CWE-788,2023
CVE-2023-0201,"NVIDIA DGX-2 SBIOS contains a vulnerability in Bds, where a user with high privileges can cause a write beyond the bounds of an indexable resource, which may lead to code execution, denial of service, compromised integrity, and information disclosure.",MEDIUM,6.7,CWE-118,2023
CVE-2023-0202,"NVIDIA DGX A100 SBIOS contains a vulnerability where an attacker may modify arbitrary memory of SMRAM by exploiting the GenericSio and LegacySmmSredir SMM APIs. A successful exploit of this vulnerability may lead to denial of service, escalation of privileges, and information disclosure.",HIGH,7.5,CWE-119,2023
CVE-2023-0203,"NVIDIA ConnectX-5, ConnectX-6, and ConnectX6-DX contain a vulnerability in the NIC firmware, where an unprivileged user can exploit insufficient granularity of access control, which may lead to denial of service.",MEDIUM,5.0,CWE-1220,2023
CVE-2023-0204,"NVIDIA ConnectX-5, ConnectX-6, and ConnectX6-DX contain a vulnerability in the NIC firmware, where an unprivileged user can cause improper handling of exceptional conditions, which may lead to denial of service.",MEDIUM,6.5,CWE-703,2023
CVE-2023-0206,"NVIDIA DGX A100 SBIOS contains a vulnerability where an attacker may modify arbitrary memory of SMRAM by exploiting the NVME SMM API. A successful exploit of this vulnerability may lead to denial of service, escalation of privileges, and information disclosure.",HIGH,7.5,CWE-119,2023
CVE-2023-0207,NVIDIA DGX-2 SBIOS contains a vulnerability where an attacker may modify the ServerSetup NVRAM variable at runtime by executing privileged code. A successful exploit of this vulnerability may lead to denial of service.,HIGH,7.5,CWE-732,2023
CVE-2023-0208,"
NVIDIA DCGM for Linux contains a vulnerability in HostEngine (server component) where a user may cause a heap-based buffer overflow through the bound socket. A successful exploit of this vulnerability may lead to denial of service and data tampering.

",HIGH,8.4,CWE-122,2023
CVE-2023-0209,"NVIDIA DGX-1 SBIOS contains a vulnerability in the Uncore PEI module, where authentication of the code executed by SSA is missing, which may lead to arbitrary code execution, denial of service, escalation of privileges assisted by a firmware implant, information disclosure assisted by a firmware implant, data tampering, and SecureBoot bypass.",HIGH,8.2,CWE-287,2023
CVE-2023-0210,A bug affects the Linux kernel’s ksmbd NTLMv2 authentication and is known to crash the OS immediately in Linux-based systems.,HIGH,7.5,CWE-122,2023
CVE-2023-0212,"The Advanced Recent Posts WordPress plugin through 0.6.14 does not validate and escape some of its shortcode attributes before outputting them back in a page/post where the shortcode is embed, which could allow users with the contributor role and above to perform Stored Cross-Site Scripting attacks.",MEDIUM,5.4,CWE-79,2023
CVE-2023-0213,Elevation of privilege issue in M-Files Installer versions before 22.6 on Windows allows user to gain SYSTEM privileges via DLL hijacking.,HIGH,8.8,CWE-427,2023
CVE-2023-0214,"A cross-site scripting vulnerability in Skyhigh SWG in main releases 11.x prior to 11.2.6, 10.x prior to 10.2.17, and controlled release 12.x prior to 12.0.1 allows a remote attacker to craft SWG-specific internal requests with URL paths to any third-party website, causing arbitrary content to be injected into the response when accessed through SWG.

",MEDIUM,6.1,CWE-79,2023
CVE-2023-0215,"The public API function BIO_new_NDEF is a helper function used for streaming
ASN.1 data via a BIO. It is primarily used internally to OpenSSL to support the
SMIME, CMS and PKCS7 streaming capabilities, but may also be called directly by
end user applications.

The function receives a BIO from the caller, prepends a new BIO_f_asn1 filter
BIO onto the front of it to form a BIO chain, and then returns the new head of
the BIO chain to the caller. Under certain conditions, for example if a CMS
recipient public key is invalid, the new filter BIO is freed and the function
returns a NULL result indicating a failure. However, in this case, the BIO chain
is not properly cleaned up and the BIO passed by the caller still retains
internal pointers to the previously freed filter BIO. If the caller then goes on
to call BIO_pop() on the BIO then a use-after-free will occur. This will most
likely result in a crash.



This scenario occurs directly in the internal function B64_write_ASN1() which
may cause BIO_new_NDEF() to be called and will subsequently call BIO_pop() on
the BIO. This internal function is in turn called by the public API functions
PEM_write_bio_ASN1_stream, PEM_write_bio_CMS_stream, PEM_write_bio_PKCS7_stream,
SMIME_write_ASN1, SMIME_write_CMS and SMIME_write_PKCS7.

Other public API functions that may be impacted by this include
i2d_ASN1_bio_stream, BIO_new_CMS, BIO_new_PKCS7, i2d_CMS_bio_stream and
i2d_PKCS7_bio_stream.

The OpenSSL cms and smime command line applications are similarly affected.",HIGH,7.5,CWE-416,2023
CVE-2023-0216,"An invalid pointer dereference on read can be triggered when an
application tries to load malformed PKCS7 data with the
d2i_PKCS7(), d2i_PKCS7_bio() or d2i_PKCS7_fp() functions.

The result of the dereference is an application crash which could
lead to a denial of service attack. The TLS implementation in OpenSSL
does not call this function however third party applications might
call these functions on untrusted data.",HIGH,7.5,CWE-476,2023
CVE-2023-0217,"An invalid pointer dereference on read can be triggered when an
application tries to check a malformed DSA public key by the
EVP_PKEY_public_check() function. This will most likely lead
to an application crash. This function can be called on public
keys supplied from untrusted sources which could allow an attacker
to cause a denial of service attack.

The TLS implementation in OpenSSL does not call this function
but applications might call the function if there are additional
security requirements imposed by standards such as FIPS 140-3.",HIGH,7.5,CWE-476,2023
CVE-2023-0219,"The FluentSMTP WordPress plugin before 2.2.3 does not sanitize or escape email content, making it vulnerable to stored cross-site scripting attacks (XSS) when an administrator views the email logs. This exploit requires other plugins to enable users to send emails with unfiltered HTML.",MEDIUM,5.4,CWE-79,2023
CVE-2023-0220,"The Pinpoint Booking System WordPress plugin before 2.9.9.2.9 does not validate and escape one of its shortcode attributes before using it in a SQL statement, which could allow any authenticated users, such as subscriber to perform SQL Injection attacks.",HIGH,8.8,N/A,2023
CVE-2023-0221,"Product security bypass vulnerability in ACC prior to version 8.3.4 allows a locally logged-in attacker with administrator privileges to bypass the execution controls provided by ACC using the utilman program.
",MEDIUM,4.4,CWE-269,2023
CVE-2023-0223,"An issue has been discovered in GitLab affecting all versions starting from 15.5 before 15.7.8, all versions starting from 15.8 before 15.8.4, all versions starting from 15.9 before 15.9.2. Non-project members could retrieve release descriptions via the API, even if the release visibility is restricted to project members only in the project settings.",MEDIUM,5.3,NVD-CWE-noinfo,2023
CVE-2023-0224,"The GiveWP WordPress plugin before 2.24.1 does not properly escape user input before it reaches SQL queries, which could let unauthenticated attackers perform SQL Injection attacks",CRITICAL,9.8,CWE-89,2023
CVE-2023-0225,A flaw was found in Samba. An incomplete access check on dnsHostName allows authenticated but otherwise unprivileged users to delete this attribute from any object in the directory.,MEDIUM,4.3,CWE-732,2023
CVE-2023-0227,Insufficient Session Expiration in GitHub repository pyload/pyload prior to 0.5.0b3.dev36.,MEDIUM,6.5,CWE-613,2023
CVE-2023-0228,"Improper Authentication vulnerability in ABB Symphony Plus S+ Operations.This issue affects Symphony Plus S+ Operations: from 2.X through 2.1 SP2, 2.2, from 3.X through 3.3 SP1, 3.3 SP2.

",HIGH,8.8,CWE-287,2023
CVE-2023-0229,"A flaw was found in github.com/openshift/apiserver-library-go, used in OpenShift 4.12 and 4.11, that contains an issue that can allow low-privileged users to set the seccomp profile for pods they control to ""unconfined."" By default, the seccomp profile used in the restricted-v2 Security Context Constraint (SCC) is ""runtime/default,"" allowing users to disable seccomp for pods they can create and modify.",MEDIUM,6.3,CWE-20,2023
CVE-2023-0230,"The VK All in One Expansion Unit WordPress plugin before 9.86.0.0 does not validate and escape some of its block options before outputting them back in a page/post where the block is embed, which could allow users with the contributor role and above to perform Stored Cross-Site Scripting attacks.",MEDIUM,5.4,N/A,2023
CVE-2023-0231,"The ShopLentor WordPress plugin before 2.5.4 does not validate and escape some of its block options before outputting them back in a page/post where the block is embed, which could allow users with the contributor role and above to perform Stored Cross-Site Scripting attacks.",MEDIUM,5.4,CWE-79,2023
CVE-2023-0232,"The ShopLentor WordPress plugin before 2.5.4 unserializes user input from cookies in order to track viewed products and user data, which could lead to PHP Object Injection.",CRITICAL,9.8,N/A,2023
CVE-2023-0233,"The ActiveCampaign WordPress plugin before 8.1.12 does not validate and escape some of its block options before outputting them back in a page/post where the block is embed, which could allow users with the contributor role and above to perform Stored Cross-Site Scripting attacks",MEDIUM,5.4,N/A,2023
CVE-2023-0234,"The SiteGround Security WordPress plugin before 1.3.1 does not properly sanitize user input before using it in an SQL query, leading to an authenticated SQL injection issue.",HIGH,8.8,N/A,2023
CVE-2023-0236,"The Tutor LMS WordPress plugin before 2.0.10 does not sanitise and escape the reset_key and user_id parameters before outputting then back in attributes, leading to Reflected Cross-Site Scripting which could be used against high privilege users such as admin",MEDIUM,6.1,N/A,2023
CVE-2023-0238,"Due to lack of a security policy, the WARP Mobile Client (<=6.29) for Android was susceptible to this vulnerability which allowed a malicious app installed on a victim's device to exploit a peculiarity in an Android function, wherein under certain conditions, the malicious app could dictate the task behaviour of the WARP app.",LOW,3.9,CWE-200,2023
CVE-2023-0240,"There is a logic error in io_uring's implementation which can be used to trigger a use-after-free vulnerability leading to privilege escalation.

In the io_prep_async_work function the assumption that the last io_grab_identity call cannot return false is not true, and in this case the function will use the init_cred or the previous linked requests identity to do operations instead of using the current identity. This can lead to reference counting issues causing use-after-free. We recommend upgrading past version 5.10.161.",HIGH,7.8,CWE-416,2023
CVE-2023-0241,pgAdmin 4 versions prior to v6.19 contains a directory traversal vulnerability. A user of the product may change another user's settings or alter the database.,MEDIUM,6.5,CWE-22,2023
CVE-2023-0242,"Rapid7 Velociraptor allows users to be created with different privileges on the server. Administrators are generally allowed to run any command on the server including writing arbitrary files. However, lower privilege users are generally forbidden from writing or modifying files on the server.

The VQL copy() function applies permission checks for reading files but does not check for permission to write files. This allows a low privilege user (usually, users with the Velociraptor ""investigator"" role) to overwrite files on the server, including Velociraptor configuration files.

To exploit this vulnerability, the attacker must already have a Velociraptor user account at a low privilege level (at least ""analyst"") and be able to log into the GUI and create a notebook where they can run the VQL query invoking the copy() VQL function. Typically, most users deploy Velociraptor with limited access to a trusted group (most users will be administrators within the GUI).
This vulnerability is associated with program files  https://github.Com/Velocidex/velociraptor/blob/master/vql/filesystem/copy.go https://github.Com/Velocidex/velociraptor/blob/master/vql/filesystem/copy.go  and program routines copy().

This issue affects Velociraptor versions before 0.6.7-5. Version 0.6.7-5, released January 16, 2023, fixes the issue.

",HIGH,8.8,CWE-269,2023
CVE-2023-0243,A vulnerability classified as critical has been found in TuziCMS 2.0.6. This affects the function index of the file App\Manage\Controller\ArticleController.class.php of the component Article Module. The manipulation of the argument id leads to sql injection. It is possible to initiate the attack remotely. The exploit has been disclosed to the public and may be used. The associated identifier of this vulnerability is VDB-218151.,MEDIUM,6.3,CWE-89,2023
CVE-2023-0244,A vulnerability classified as critical was found in TuziCMS 2.0.6. This vulnerability affects the function delall of the file \App\Manage\Controller\KefuController.class.php. The manipulation of the argument id leads to sql injection. The attack can be initiated remotely. The exploit has been disclosed to the public and may be used. The identifier of this vulnerability is VDB-218152.,MEDIUM,6.3,CWE-89,2023
CVE-2023-0245,"A vulnerability, which was classified as critical, has been found in SourceCodester Online Flight Booking Management System. This issue affects some unknown processing of the file add_contestant.php. The manipulation of the argument add_contestant leads to sql injection. The attack may be initiated remotely. The exploit has been disclosed to the public and may be used. The identifier VDB-218153 was assigned to this vulnerability.",MEDIUM,6.3,CWE-89,2023
CVE-2023-0246,"A vulnerability, which was classified as problematic, was found in earclink ESPCMS P8.21120101. Affected is an unknown function of the component Content Handler. The manipulation leads to cross site scripting. It is possible to launch the attack remotely. The exploit has been disclosed to the public and may be used. VDB-218154 is the identifier assigned to this vulnerability.",LOW,3.5,CWE-79,2023
CVE-2023-0247,Uncontrolled Search Path Element in GitHub repository bits-and-blooms/bloom prior to 3.3.1.,HIGH,7.8,CWE-427,2023
CVE-2023-0248,"An attacker with physical access to the Kantech Gen1 ioSmart card reader with firmware version prior to 1.07.02 in certain circumstances can recover the reader's communication memory between the card and reader.

",HIGH,7.5,CWE-200,2023
CVE-2023-0249,"Delta Electronics DIAScreen versions 1.2.1.23 and prior are vulnerable to out-of-bounds write, which may allow an attacker to remotely execute arbitrary code.

",HIGH,7.8,CWE-787,2023
CVE-2023-0250,"Delta Electronics DIAScreen versions 1.2.1.23 and prior are vulnerable to a stack-based buffer overflow, which could allow an attacker to remotely execute arbitrary code.

",HIGH,7.8,CWE-121,2023
CVE-2023-0251,"Delta Electronics DIAScreen versions 1.2.1.23 and prior are vulnerable to a buffer overflow through improper restrictions of operations within memory, which could allow an attacker to remotely execute arbitrary code.

",HIGH,7.8,CWE-119,2023
CVE-2023-0252,"The Contextual Related Posts WordPress plugin before 3.3.1 does not validate and escape some of its block options before outputting them back in a page/post where the block is embed, which could allow users with the contributor role and above to perform Stored Cross-Site Scripting attacks",MEDIUM,5.4,N/A,2023
CVE-2023-0254,"The Simple Membership WP user Import plugin for WordPress is vulnerable to SQL Injection via the ‘orderby’ parameter in versions up to, and including, 1.7 due to insufficient escaping on the user supplied parameter. This makes it possible for authenticated attackers with administrative privileges to append additional SQL queries into already existing queries that can be used to extract sensitive information from the database.",HIGH,7.2,N/A,2023
CVE-2023-0255,"The Enable Media Replace WordPress plugin before 4.0.2 does not prevent authors from uploading arbitrary files to the site, which may allow them to upload PHP shells on affected sites.",HIGH,8.8,CWE-434,2023
CVE-2023-0256,A vulnerability was found in SourceCodester Online Food Ordering System 2.0. It has been classified as critical. Affected is an unknown function of the file /fos/admin/ajax.php?action=login of the component Login Page. The manipulation of the argument Username leads to sql injection. It is possible to launch the attack remotely. The identifier of this vulnerability is VDB-218184.,MEDIUM,6.3,CWE-89,2023
CVE-2023-0257,A vulnerability was found in SourceCodester Online Food Ordering System 2.0. It has been declared as critical. Affected by this vulnerability is an unknown functionality of the file /fos/admin/index.php?page=menu of the component Menu Form. The manipulation of the argument Image with the input <?php system($_GET['c']); ?> leads to unrestricted upload. The attack can be launched remotely. The identifier VDB-218185 was assigned to this vulnerability.,MEDIUM,4.7,CWE-434,2023
CVE-2023-0258,"A vulnerability was found in SourceCodester Online Food Ordering System 2.0. It has been rated as problematic. Affected by this issue is some unknown functionality of the component Category List Handler. The manipulation of the argument Reason with the input ""><script>prompt(1)</script> leads to cross site scripting. The attack may be launched remotely. VDB-218186 is the identifier assigned to this vulnerability.",LOW,2.4,CWE-79,2023
CVE-2023-0259,"The WP Google Review Slider WordPress plugin before 11.8 does not properly sanitise and escape a parameter before using it in a SQL statement, leading to a SQL injection exploitable by users with a role as low as subscriber.",HIGH,8.8,N/A,2023
CVE-2023-0260,"The WP Review Slider WordPress plugin before 12.2 does not properly sanitise and escape a parameter before using it in a SQL statement, leading to a SQL injection exploitable by users with a role as low as subscriber.",HIGH,8.8,N/A,2023
CVE-2023-0261,"The WP TripAdvisor Review Slider WordPress plugin before 10.8 does not properly sanitise and escape a parameter before using it in a SQL statement, leading to a SQL injection exploitable by users with a role as low as subscriber.",HIGH,8.8,N/A,2023
CVE-2023-0262,"The WP Airbnb Review Slider WordPress plugin before 3.3 does not properly sanitise and escape a parameter before using it in a SQL statement, leading to a SQL injection exploitable by users with a role as low as subscriber.",HIGH,8.8,N/A,2023
CVE-2023-0263,"The WP Yelp Review Slider WordPress plugin before 7.1 does not properly sanitise and escape a parameter before using it in a SQL statement, leading to a SQL injection exploitable by users with a role as low as subscriber.",HIGH,8.8,N/A,2023
CVE-2023-0264,"A flaw was found in Keycloaks OpenID Connect user authentication, which may incorrectly authenticate requests. An authenticated attacker who could obtain information from a user request within the same realm could use that data to impersonate the victim and generate new session tokens. This issue could impact confidentiality, integrity, and availability.",MEDIUM,5.0,CWE-287,2023
CVE-2023-0265,Uvdesk version 1.1.1 allows an authenticated remote attacker to execute commands on the server. This is possible because the application does not properly validate profile pictures uploaded by customers.,HIGH,8.8,CWE-434,2023
CVE-2023-0266,A use after free vulnerability exists in the ALSA PCM package in the Linux Kernel. SNDRV_CTL_IOCTL_ELEM_{READ|WRITE}32 is missing locks that can be used in a use-after-free that can result in a priviledge escalation to gain ring0 access from the system user. We recommend upgrading past commit 56b88b50565cd8b946a2d00b0c83927b7ebb055e,HIGH,7.9,CWE-416,2023
CVE-2023-0267,"The Ultimate Carousel For WPBakery Page Builder WordPress plugin through 2.6 does not validate and escape some of its shortcode attributes before outputting them back in a page/post where the shortcode is embed, which could allow users with the contributor role and above to perform Stored Cross-Site Scripting attacks.",MEDIUM,5.4,N/A,2023
CVE-2023-0268,"The Mega Addons For WPBakery Page Builder WordPress plugin before 4.3.0 does not validate and escape some of its shortcode attributes before outputting them back in a page/post where the shortcode is embed, which could allow users with the contributor role and above to perform Stored Cross-Site Scripting attacks.",MEDIUM,5.4,N/A,2023
CVE-2023-0270,"The YaMaps for WordPress Plugin WordPress plugin before 0.6.26 does not validate and escape some of its shortcode attributes before outputting them back in a page/post where the shortcode is embed, which could allow users with the contributor role and above to perform Stored Cross-Site Scripting attacks.",MEDIUM,5.4,N/A,2023
CVE-2023-0271,"The WP Font Awesome WordPress plugin before 1.7.9 does not validate and escape some of its shortcode attributes before outputting them back in a page/post where the shortcode is embedded, which could allow users with the contributor role and above to perform Stored Cross-Site Scripting attacks.",MEDIUM,5.4,N/A,2023
CVE-2023-0272,"The NEX-Forms WordPress plugin before 8.3.3 does not validate and escape some of its shortcode attributes before outputting them back in a page/post where the shortcode is embed, which could allow users with the contributor role and above to perform Stored Cross-Site Scripting attacks",MEDIUM,5.4,N/A,2023
CVE-2023-0273,"The Custom Content Shortcode WordPress plugin through 4.0.2 does not validate and escape some of its shortcode attributes before outputting them back in a page/post where the shortcode is embed, which could allow users with the contributor role and above to perform Stored Cross-Site Scripting attacks",MEDIUM,5.4,N/A,2023
CVE-2023-0274,"The URL Params WordPress plugin before 2.5 does not validate and escape some of its shortcode attributes before outputting them back in a page/post where the shortcode is embed, which could allow users with the contributor role and above to perform Stored Cross-Site Scripting attacks.",MEDIUM,5.4,N/A,2023
CVE-2023-0275,"The Easy Accept Payments for PayPal WordPress plugin before 4.9.10 does not validate and escape some of its shortcode attributes before outputting them back in a page/post where the shortcode is embed, which could allow users with the contributor role and above to perform Stored Cross-Site Scripting attacks.",MEDIUM,5.4,N/A,2023
CVE-2023-0276,"The Weaver Xtreme Theme Support WordPress plugin before 6.2.7 does not validate and escape some of its shortcode attributes before outputting them back in a page/post where the shortcode is embed, which could allow users with the contributor role and above to perform Stored Cross-Site Scripting attacks.",MEDIUM,5.4,N/A,2023
CVE-2023-0277,"The WC Fields Factory WordPress plugin through 4.1.5 does not properly sanitise and escape a parameter before using it in a SQL statement, leading to a SQL injection exploitable by high privilege users such as admin",HIGH,7.2,N/A,2023
CVE-2023-0278,"The GeoDirectory WordPress plugin before 2.2.24 does not properly sanitise and escape a parameter before using it in a SQL statement, leading to a SQL injection exploitable by high privilege users such as admin.",HIGH,7.2,N/A,2023
CVE-2023-0279,"The Media Library Assistant WordPress plugin before 3.06 does not properly sanitise and escape a parameter before using it in a SQL statement, leading to a SQL injection exploitable by high privilege users such as admin.",HIGH,7.2,N/A,2023
CVE-2023-0280,"The Ultimate Carousel For Elementor WordPress plugin through 2.1.7 does not validate and escape some of its block options before outputting them back in a page/post where the block is embed, which could allow users with the contributor role and above to perform Stored Cross-Site Scripting attacks.",MEDIUM,5.4,CWE-79,2023
CVE-2023-0281,A vulnerability was found in SourceCodester Online Flight Booking Management System. It has been rated as critical. Affected by this issue is some unknown functionality of the file judge_panel.php. The manipulation of the argument subevent_id leads to sql injection. The attack may be launched remotely. The exploit has been disclosed to the public and may be used. The identifier of this vulnerability is VDB-218276.,MEDIUM,6.3,CWE-89,2023
CVE-2023-0282,"The YourChannel WordPress plugin before 1.2.2 does not sanitize and escape some parameters, which could allow users with a role as low as Subscriber to perform Cross-Site Scripting attacks.",MEDIUM,5.4,N/A,2023
CVE-2023-0283,A vulnerability classified as critical has been found in SourceCodester Online Flight Booking Management System. This affects an unknown part of the file review_search.php of the component POST Parameter Handler. The manipulation of the argument txtsearch leads to sql injection. It is possible to initiate the attack remotely. The exploit has been disclosed to the public and may be used. The identifier VDB-218277 was assigned to this vulnerability.,MEDIUM,6.3,CWE-89,2023
CVE-2023-0284,"Improper Input Validation of LDAP user IDs in Tribe29 Checkmk allows attackers that can control LDAP user IDs to manipulate files on the server. Checkmk <= 2.1.0p19, Checkmk <= 2.0.0p32, and all versions of Checkmk 1.6.0 (EOL) are affected.",MEDIUM,6.8,CWE-20,2023
CVE-2023-0285,"The Real Media Library WordPress plugin before 4.18.29 does not sanitise and escape the created folder names, which could allow users with the role of author and above to perform Stored Cross-Site Scripting attacks.",MEDIUM,5.4,CWE-79,2023
CVE-2023-0286,"There is a type confusion vulnerability relating to X.400 address processing
inside an X.509 GeneralName. X.400 addresses were parsed as an ASN1_STRING but
the public structure definition for GENERAL_NAME incorrectly specified the type
of the x400Address field as ASN1_TYPE. This field is subsequently interpreted by
the OpenSSL function GENERAL_NAME_cmp as an ASN1_TYPE rather than an
ASN1_STRING.

When CRL checking is enabled (i.e. the application sets the
X509_V_FLAG_CRL_CHECK flag), this vulnerability may allow an attacker to pass
arbitrary pointers to a memcmp call, enabling them to read memory contents or
enact a denial of service. In most cases, the attack requires the attacker to
provide both the certificate chain and CRL, neither of which need to have a
valid signature. If the attacker only controls one of these inputs, the other
input must already contain an X.400 address as a CRL distribution point, which
is uncommon. As such, this vulnerability is most likely to only affect
applications which have implemented their own functionality for retrieving CRLs
over a network.",HIGH,7.4,CWE-843,2023
CVE-2023-0287,A vulnerability was found in ityouknow favorites-web. It has been rated as problematic. Affected by this issue is some unknown functionality of the component Comment Handler. The manipulation leads to cross site scripting. The attack may be launched remotely. The exploit has been disclosed to the public and may be used. VDB-218294 is the identifier assigned to this vulnerability.,LOW,3.5,CWE-79,2023
CVE-2023-0288,Heap-based Buffer Overflow in GitHub repository vim/vim prior to 9.0.1189.,HIGH,7.8,CWE-122,2023
CVE-2023-0289,Cross-site Scripting (XSS) - Stored in GitHub repository craigk5n/webcalendar prior to master.,MEDIUM,5.4,CWE-79,2023
CVE-2023-0290,"Rapid7 Velociraptor did not properly sanitize the client ID parameter to the CreateCollection API, allowing a directory traversal in where the collection task could be written. It was possible to provide a client id of ""../clients/server"" to schedule the collection for the server (as a server artifact), but only require privileges to schedule collections on the client.

Normally, to schedule an artifact on the server, the COLLECT_SERVER permission is required. This permission is normally only granted to ""administrator"" role. Due to this issue, it is sufficient to have the COLLECT_CLIENT privilege, which is normally granted to the ""investigator"" role.
To exploit this vulnerability, the attacker must already have a Velociraptor user account at least ""investigator"" level, and be able to authenticate to the GUI and issue an API call to the backend. Typically, most users deploy Velociraptor with limited access to a trusted group, and most users will already be administrators within the GUI.

This issue affects Velociraptor versions before 0.6.7-5. Version 0.6.7-5, released January 16, 2023, fixes the issue.

",MEDIUM,4.3,CWE-22,2023
CVE-2023-0291,"The Quiz And Survey Master for WordPress is vulnerable to authorization bypass due to a missing capability check on the function associated with the qsm_remove_file_fd_question AJAX action in versions up to, and including, 8.0.8. This makes it possible for unauthenticated attackers to delete arbitrary media files.",HIGH,7.2,N/A,2023
CVE-2023-0292,"The Quiz And Survey Master plugin for WordPress is vulnerable to Cross-Site Request Forgery in versions up to, and including, 8.0.8. This is due to missing nonce validation on the function associated with the qsm_remove_file_fd_question AJAX action. This makes it possible for unauthenticated attackers to delete arbitrary media files via a forged request granted they can trick a site administrator into performing an action such as clicking on a link.",MEDIUM,5.4,N/A,2023
CVE-2023-0293,"The Mediamatic – Media Library Folders plugin for WordPress is vulnerable to authorization bypass due to a missing capability check on its AJAX actions in versions up to, and including, 2.8.1. This makes it possible for authenticated attackers, with subscriber-level permissions and above, to change image categories, which it uses to arrange them in folder views.",MEDIUM,4.3,N/A,2023
CVE-2023-0294,"The Mediamatic – Media Library Folders plugin for WordPress is vulnerable to Cross-Site Request Forgery in versions up to, and including, 2.8.1. This is due to missing or incorrect nonce validation on its AJAX actions function. This makes it possible for unauthenticated attackers to change image categories used by the plugin, via forged request granted they can trick a site administrator into performing an action such as clicking on a link.",HIGH,8.8,N/A,2023
CVE-2023-0295,"The Launchpad plugin for WordPress is vulnerable to Stored Cross-Site Scripting via several of its settings parameters in versions up to, and including, 1.0.13 due to insufficient input sanitization and output escaping. This makes it possible for authenticated attackers, with administrator-level permissions and above, to inject arbitrary web scripts in pages that will execute whenever a user accesses an injected page. This only affects multi-site installations and installations where unfiltered_html has been disabled.",MEDIUM,5.5,N/A,2023
CVE-2023-0296,"The Birthday attack against 64-bit block ciphers flaw (CVE-2016-2183) was reported for the health checks port (9979) on etcd grpc-proxy component. Even though the CVE-2016-2183 has been fixed in the etcd components, to enable periodic health checks from kubelet, it was necessary to open up a new port (9979) on etcd grpc-proxy, hence this port might be considered as still vulnerable to the same type of vulnerability. The health checks on etcd grpc-proxy do not contain sensitive data (only metrics data), therefore the potential impact related to this vulnerability is minimal. The CVE-2023-0296 has been assigned to this issue to track the permanent fix in the etcd component.",MEDIUM,5.3,CWE-327,2023
CVE-2023-0297,Code Injection in GitHub repository pyload/pyload prior to 0.5.0b3.dev31.,CRITICAL,9.8,CWE-94,2023
CVE-2023-0298,Incorrect Authorization in GitHub repository firefly-iii/firefly-iii prior to 5.8.0.,MEDIUM,6.5,CWE-863,2023
CVE-2023-0299,Improper Input Validation in GitHub repository publify/publify prior to 9.2.10.,CRITICAL,9.8,CWE-20,2023
CVE-2023-0300,Cross-site Scripting (XSS) - Reflected in GitHub repository alfio-event/alf.io prior to 2.0-M4-2301.,MEDIUM,5.4,CWE-79,2023
CVE-2023-0301,Cross-site Scripting (XSS) - Stored in GitHub repository alfio-event/alf.io prior to Alf.io 2.0-M4-2301.,MEDIUM,5.4,CWE-79,2023
CVE-2023-0302,Failure to Sanitize Special Elements into a Different Plane (Special Element Injection) in GitHub repository radareorg/radare2 prior to 5.8.2.,HIGH,7.8,CWE-75,2023
CVE-2023-0303,A vulnerability was found in SourceCodester Online Food Ordering System. It has been rated as critical. Affected by this issue is some unknown functionality of the file view_prod.php. The manipulation of the argument id leads to sql injection. The attack may be launched remotely. The exploit has been disclosed to the public and may be used. The identifier of this vulnerability is VDB-218384.,MEDIUM,6.3,CWE-89,2023
CVE-2023-0304,A vulnerability classified as critical has been found in SourceCodester Online Food Ordering System. This affects an unknown part of the file admin_class.php of the component Signup Module. The manipulation of the argument email leads to sql injection. It is possible to initiate the attack remotely. The exploit has been disclosed to the public and may be used. The identifier VDB-218385 was assigned to this vulnerability.,MEDIUM,6.3,CWE-89,2023
CVE-2023-0305,A vulnerability classified as critical was found in SourceCodester Online Food Ordering System. This vulnerability affects unknown code of the file admin_class.php of the component Login Module. The manipulation of the argument username leads to sql injection. The attack can be initiated remotely. The exploit has been disclosed to the public and may be used. VDB-218386 is the identifier assigned to this vulnerability.,MEDIUM,6.3,CWE-89,2023
CVE-2023-0306,Cross-site Scripting (XSS) - Stored in GitHub repository thorsten/phpmyfaq prior to 3.1.10.,MEDIUM,5.4,CWE-79,2023
CVE-2023-0307,Weak Password Requirements in GitHub repository thorsten/phpmyfaq prior to 3.1.10.,CRITICAL,9.8,CWE-521,2023
CVE-2023-0311,Improper Authentication in GitHub repository thorsten/phpmyfaq prior to 3.1.10.,CRITICAL,9.8,CWE-287,2023
CVE-2023-0314,Cross-site Scripting (XSS) - Reflected in GitHub repository thorsten/phpmyfaq prior to 3.1.10.,MEDIUM,6.1,CWE-79,2023
CVE-2023-0315,Command Injection in GitHub repository froxlor/froxlor prior to 2.0.8.,HIGH,8.8,CWE-77,2023
CVE-2023-0316,Path Traversal: '\..\filename' in GitHub repository froxlor/froxlor prior to 2.0.0.,MEDIUM,5.5,CWE-29,2023
CVE-2023-0317,Unprotected Alternate Channel vulnerability in debug console of  GateManager allows system administrator to obtain sensitive information.,MEDIUM,4.9,CWE-420,2023
CVE-2023-0319,"An issue has been discovered in GitLab affecting all versions starting from 13.6 before 15.8.5, all versions starting from 15.9 before 15.9.4, all versions starting from 15.10 before 15.10.1, allowing to read environment names supposed to be restricted to project memebers only.",MEDIUM,5.8,CWE-863,2023
CVE-2023-0320,"Improper Neutralization of Input During Web Page Generation ('Cross-site Scripting') vulnerability in Izmir Katip Celebi University UBYS allows Stored XSS.This issue affects UBYS: before 23.03.16.

",MEDIUM,5.4,CWE-79,2023
CVE-2023-0321,"Campbell Scientific dataloggers CR6, CR300, CR800, CR1000 and CR3000 may allow an attacker to download configuration files, which may contain sensitive information about the internal network. From factory defaults, the mentioned datalogges have HTTP and PakBus enabled. The devices, with the default configuration, allow this situation via the PakBus port. The exploitation of this vulnerability may allow an attacker to download, modify, and upload new configuration files.",CRITICAL,9.1,CWE-200,2023
CVE-2023-0322,"Improper Neutralization of Input During Web Page Generation ('Cross-site Scripting') vulnerability in Talent Software UNIS allows Reflected XSS.This issue affects UNIS: before 28376.

",MEDIUM,6.1,CWE-79,2023
CVE-2023-0323,Cross-site Scripting (XSS) - Stored in GitHub repository pimcore/pimcore prior to 10.5.14.,MEDIUM,5.4,CWE-79,2023
CVE-2023-0324,A vulnerability was found in SourceCodester Online Tours & Travels Management System 1.0 and classified as critical. Affected by this issue is some unknown functionality of the file admin/page-login.php. The manipulation of the argument email leads to sql injection. The attack may be launched remotely. The exploit has been disclosed to the public and may be used. VDB-218426 is the identifier assigned to this vulnerability.,HIGH,7.3,CWE-89,2023
CVE-2023-0325,Uvdesk version 1.1.1 allows an unauthenticated remote attacker to exploit a stored XSS in the application. This is possible because the application does not correctly validate the message sent by the clients in the ticket.,MEDIUM,6.1,CWE-79,2023
CVE-2023-0326,"An issue has been discovered in GitLab DAST API scanner affecting all versions starting from 1.6.50 before 2.11.0, where Authorization headers was leaked in vulnerability report evidence.",MEDIUM,5.0,NVD-CWE-noinfo,2023
CVE-2023-0327,A vulnerability was found in saemorris TheRadSystem. It has been classified as problematic. Affected is an unknown function of the file users.php. The manipulation of the argument q leads to cross site scripting. It is possible to launch the attack remotely. VDB-218454 is the identifier assigned to this vulnerability.,LOW,3.5,CWE-79,2023
CVE-2023-0328,"The WPCode WordPress plugin before 2.0.7 does not have adequate privilege checks in place for several AJAX actions, only checking the nonce. This may lead to allowing any authenticated user who can edit posts to call the endpoints related to WPCode Library authentication (such as update and delete the auth key).",MEDIUM,4.3,CWE-863,2023
CVE-2023-0329,"The Elementor Website Builder WordPress plugin before 3.12.2 does not properly sanitize and escape the Replace URL parameter in the Tools module before using it in a SQL statement, leading to a SQL injection exploitable by users with the Administrator role.",HIGH,7.2,N/A,2023
CVE-2023-0330,A vulnerability in the lsi53c895a device affects the latest version of qemu. A DMA-MMIO reentrancy problem may lead to memory corruption bugs like stack overflow or use-after-free.,MEDIUM,5.3,CWE-121,2023
CVE-2023-0331,"The Correos Oficial WordPress plugin through 1.2.0.2 does not have an authorization check user input validation when generating a file path, allowing unauthenticated attackers to download arbitrary files from the server.",HIGH,7.5,N/A,2023
CVE-2023-0332,A vulnerability was found in SourceCodester Online Food Ordering System 2.0. It has been classified as critical. Affected is an unknown function of the file admin/manage_user.php. The manipulation of the argument id leads to sql injection. It is possible to launch the attack remotely. The exploit has been disclosed to the public and may be used. The identifier of this vulnerability is VDB-218472.,HIGH,7.3,CWE-89,2023
CVE-2023-0333,"The TemplatesNext ToolKit WordPress plugin before 3.2.9 does not validate some of its shortcode attributes before using them to generate an HTML tag, which could allow users with the contributor role and above to perform Stored Cross-Site Scripting attacks",MEDIUM,5.4,N/A,2023
CVE-2023-0334,"The ShortPixel Adaptive Images WordPress plugin before 3.6.3 does not sanitise and escape a parameter before outputting it back in the page, leading to a Reflected Cross-Site Scripting which could be used against any high privilege users such as admin",MEDIUM,6.1,N/A,2023
CVE-2023-0335,The WP Shamsi WordPress plugin through 4.3.3 has CSRF and broken access control vulnerabilities which leads user with role as low as subscriber delete attachment.,MEDIUM,6.5,CWE-352,2023
CVE-2023-0336,The OoohBoi Steroids for Elementor WordPress plugin before 2.1.5 has CSRF and broken access control vulnerabilities which leads user with role as low as subscriber to delete attachment.,MEDIUM,6.5,CWE-352,2023
CVE-2023-0337,Cross-site Scripting (XSS) - Reflected in GitHub repository lirantal/daloradius prior to master-branch.,MEDIUM,6.1,CWE-79,2023
CVE-2023-0339,Relative Path Traversal vulnerability in ForgeRock Access Management Web Policy Agent allows Authentication Bypass. This issue affects Access Management Web Policy Agent: all versions up to 5.10.1,CRITICAL,9.1,CWE-23,2023
CVE-2023-0340,"The Custom Content Shortcode WordPress plugin through 4.0.2 does not validate one of its shortcode attribute, which could allow users with a contributor role and above to include arbitrary files via a traversal attack. This could also allow them to read non PHP files and retrieve their content. RCE could also be achieved if the attacker manage to upload a malicious image containing PHP code, and then include it via the affected attribute, on a default WP install, authors could easily achieve that given that they have the upload_file capability.",HIGH,8.8,N/A,2023
CVE-2023-0341,A stack buffer overflow exists in the ec_glob function of editorconfig-core-c before v0.12.6 which allowed an attacker to arbitrarily write to the stack and possibly allows remote code execution. editorconfig-core-c v0.12.6 resolved this vulnerability by bound checking all write operations over the p_pcre buffer.,HIGH,7.8,CWE-121,2023
CVE-2023-0342,"MongoDB Ops Manager Diagnostics Archive may not redact sensitive PEM key file password app settings. Archives do not include the PEM files themselves. This issue affects MongoDB Ops Manager v5.0 prior to 5.0.21 and MongoDB Ops Manager v6.0 prior to 6.0.12

",LOW,3.1,CWE-497,2023
CVE-2023-0343,"Akuvox E11 contains a function that encrypts messages which are then forwarded. The IV vector and the key are static, and this may allow an attacker to decrypt messages.",MEDIUM,6.5,CWE-330,2023
CVE-2023-0344,Akuvox E11 appears to be using a custom version of dropbear SSH server. This server allows an insecure option that by default is not in the official dropbear SSH server.,CRITICAL,9.1,NVD-CWE-Other,2023
CVE-2023-0345,The Akuvox E11 secure shell (SSH) server is enabled by default and can be accessed by the root user. This password cannot be changed by the user.,CRITICAL,9.8,N/A,2023
CVE-2023-0346,Akuvox E11 cloud login is performed through an unencrypted HTTP connection. An attacker could gain access to the Akuvox cloud and device if the MAC address of a device if known.,HIGH,7.5,N/A,2023
CVE-2023-0347,"The Akuvox E11 Media Access Control (MAC) address, a primary identifier, combined with the Akuvox E11 IP address, could allow an attacker to identify the device on the Akuvox cloud.",HIGH,7.5,NVD-CWE-noinfo,2023
CVE-2023-0348,"Akuvox E11 allows direct SIP calls. No access control is enforced by the SIP servers, which could allow an attacker to contact any device within Akuvox to call any other device.",HIGH,7.5,NVD-CWE-Other,2023
CVE-2023-0349,The Akuvox E11 libvoice library provides unauthenticated access to the camera capture for image and video. This could allow an attacker to view and record image and video from the camera.,HIGH,7.5,N/A,2023
CVE-2023-0350,Akuvox E11 does not ensure that a file extension is associated with the file provided. This could allow an attacker to upload a file to the device by changing the extension of a malicious file to an accepted file type.,MEDIUM,6.5,CWE-345,2023
CVE-2023-0351,The Akuvox E11 web server backend library allows command injection in the device phone-book contacts functionality. This could allow an attacker to upload files with executable command instructions.,HIGH,8.8,CWE-77,2023
CVE-2023-0352,"The Akuvox E11 password recovery webpage can be accessed without authentication, and an attacker could download the device key file. An attacker could then use this page to reset the password back to the default.",CRITICAL,9.1,N/A,2023
CVE-2023-0353,Akuvox E11 uses a weak encryption algorithm for stored passwords and uses a hard-coded password for decryption which could allow the encrypted passwords to be decrypted from the configuration file.,HIGH,7.2,N/A,2023
CVE-2023-0354,"The Akuvox E11 web server can be accessed without any user authentication, and this could allow an attacker to access sensitive information, as well as create and download packet captures with known default URLs.",CRITICAL,9.1,N/A,2023
CVE-2023-0355,"Akuvox E11 uses a hard-coded cryptographic key, which could allow an attacker to decrypt sensitive information.",MEDIUM,6.5,N/A,2023
CVE-2023-0356,"
SOCOMEC MODULYS GP Netvision versions 7.20 and prior lack strong encryption for credentials on HTTP connections, which could result in threat actors obtaining sensitive information. 




 ",MEDIUM,5.7,CWE-261,2023
CVE-2023-0357,Helpy version 2.8.0 allows an unauthenticated remote attacker to exploit an XSS stored in the application. This is possible because the application does not correctly validate the attachments sent by customers in the ticket.,MEDIUM,6.1,CWE-79,2023
CVE-2023-0358,Use After Free in GitHub repository gpac/gpac prior to 2.3.0-DEV.,HIGH,7.8,CWE-416,2023
CVE-2023-0359,A missing nullptr-check in handle_ra_input can cause a nullptr-deref.,MEDIUM,5.9,CWE-20,2023
CVE-2023-0360,"The Location Weather WordPress plugin before 1.3.4 does not validate and escape some of its block options before outputting them back in a page/post where the block is embed, which could allow users with the contributor role and above to perform Stored Cross-Site Scripting attacks.",MEDIUM,5.4,N/A,2023
CVE-2023-0361,"A timing side-channel in the handling of RSA ClientKeyExchange messages was discovered in GnuTLS. This side-channel can be sufficient to recover the key encrypted in the RSA ciphertext across a network in a Bleichenbacher style attack. To achieve a successful decryption the attacker would need to send a large amount of specially crafted messages to the vulnerable server. By recovering the secret from the ClientKeyExchange message, the attacker would be able to decrypt the application data exchanged over that connection.",HIGH,7.4,CWE-203,2023
CVE-2023-0362,"Themify Portfolio Post WordPress plugin before 1.2.2 does not validate and escape some of its shortcode attributes before outputting them back in a page/post where the shortcode is embed, which could allow users with the contributor role and above to perform Stored Cross-Site Scripting attacks.",MEDIUM,5.4,N/A,2023
CVE-2023-0363,"The Scheduled Announcements Widget WordPress plugin before 1.0 does not validate and escape some of its shortcode attributes before outputting them back in a page/post where the shortcode is embed, which could allow users with the contributor role and above to perform Stored Cross-Site Scripting attacks.",MEDIUM,5.4,CWE-79,2023
CVE-2023-0364,"The real.Kit WordPress plugin before 5.1.1 does not validate and escape some of its shortcode attributes before outputting them back in a page/post where the shortcode is embed, which could allow users with the contributor role and above to perform Stored Cross-Site Scripting attacks.",MEDIUM,5.4,CWE-79,2023
CVE-2023-0365,"The React Webcam WordPress plugin through 1.2.0 does not validate and escape some of its shortcode attributes before outputting them back in a page/post where the shortcode is embed, which could allow users with the contributor role and above to perform Stored Cross-Site Scripting attacks.",MEDIUM,5.4,CWE-79,2023
CVE-2023-0366,"The Loan Comparison WordPress plugin before 1.5.3 does not validate and escape some of its shortcode attributes before outputting them back in a page/post where the shortcode is embed, which could allow users with the contributor role and above to perform Stored Cross-Site Scripting attacks",MEDIUM,5.4,N/A,2023
CVE-2023-0367,"The Pricing Tables For WPBakery Page Builder (formerly Visual Composer) WordPress plugin before 3.0 does not validate and escape some of its shortcode attributes before outputting them back in a page/post where the shortcode is embed, which could allow users with the contributor role and above to perform Stored Cross-Site Scripting attacks",MEDIUM,5.4,N/A,2023
CVE-2023-0368,"The Responsive Tabs For WPBakery Page Builder (formerly Visual Composer) WordPress plugin through 1.1 does not validate and escape some of its shortcode attributes before outputting them back in a page/post where the shortcode is embed, which could allow users with the contributor role and above to perform Stored Cross-Site Scripting attacks",MEDIUM,5.4,CWE-79,2023
CVE-2023-0369,"The GoToWP WordPress plugin through 5.1.1 does not validate and escape some of its shortcode attributes before outputting them back in a page/post where the shortcode is embed, which could allow users with the contributor role and above to perform Stored Cross-Site Scripting attacks.",MEDIUM,5.4,CWE-79,2023
CVE-2023-0370,"The WPB Advanced FAQ WordPress plugin through 1.0.6 does not validate and escape some of its shortcode attributes before outputting them back in a page/post where the shortcode is embed, which could allow users with the contributor role and above to perform Stored Cross-Site Scripting attacks.",MEDIUM,5.4,CWE-79,2023
CVE-2023-0371,"The EmbedSocial WordPress plugin before 1.1.28 does not validate and escape some of its shortcode attributes before outputting them back in a page/post where the shortcode is embed, which could allow users with the contributor role and above to perform Stored Cross-Site Scripting attacks",MEDIUM,5.4,CWE-79,2023
CVE-2023-0372,"The EmbedStories WordPress plugin before 0.7.5 does not validate and escape some of its shortcode attributes before outputting them back in a page/post where the shortcode is embed, which could allow users with the contributor role and above to perform Stored Cross-Site Scripting attacks",MEDIUM,5.4,N/A,2023
CVE-2023-0373,"The Lightweight Accordion WordPress plugin before 1.5.15 does not validate and escape some of its block options before outputting them back in a page/post where the block is embed, which could allow users with the contributor role and above to perform Stored Cross-Site Scripting attacks",MEDIUM,5.4,CWE-79,2023
CVE-2023-0374,"The W4 Post List WordPress plugin before 2.4.6 does not validate and escape some of its block options before outputting them back in a page/post where the block is embed, which could allow users with the contributor role and above to perform Stored Cross-Site Scripting attacks.",MEDIUM,5.4,CWE-79,2023
CVE-2023-0375,"The Easy Affiliate Links WordPress plugin before 3.7.1 does not validate and escape some of its block options before outputting them back in a page/post where the block is embedded, which could allow users with the contributor role and above to perform Stored Cross-Site Scripting attacks.",MEDIUM,5.4,N/A,2023
CVE-2023-0376,"The Qubely WordPress plugin before 1.8.5 does not validate and escape some of its block options before outputting them back in a page/post where the block is embed, which could allow users with the contributor role and above to perform Stored Cross-Site Scripting attacks.",MEDIUM,5.4,CWE-79,2023
CVE-2023-0377,"The Scriptless Social Sharing WordPress plugin before 3.2.2 does not validate and escape some of its block options before outputting them back in a page/post where the block is embed, which could allow users with the contributor role and above to perform Stored Cross-Site Scripting attacks.",MEDIUM,5.4,CWE-79,2023
CVE-2023-0378,"The Greenshift WordPress plugin before 5.0 does not validate and escape some of its block options before outputting them back in a page/post where the block is embed, which could allow users with the contributor role and above to perform Stored Cross-Site Scripting attacks.",MEDIUM,5.4,N/A,2023
CVE-2023-0379,"The Spotlight Social Feeds WordPress plugin before 1.4.3 does not validate and escape some of its block options before outputting them back in a page/post where the block is embed, which could allow users with the contributor role and above to perform Stored Cross-Site Scripting attacks",MEDIUM,5.4,N/A,2023
CVE-2023-0380,"The Easy Digital Downloads WordPress plugin before 3.1.0.5 does not validate and escape some of its block options before outputting them back in a page/post where the block is embed, which could allow users with the contributor role and above to perform Stored Cross-Site Scripting attacks.",MEDIUM,5.4,N/A,2023
CVE-2023-0381,"The GigPress WordPress plugin through 2.3.28 does not validate and escape some of its shortcode attributes before using them in SQL statement/s, which could allow any authenticated users, such as subscriber to perform SQL Injection attacks",HIGH,8.8,N/A,2023
CVE-2023-0382,"User-controlled operations could have allowed Denial of Service in M-Files Server before 23.4.12528.1

 due to uncontrolled memory consumption.",MEDIUM,6.5,CWE-770,2023
CVE-2023-0383,"User-controlled operations could have allowed Denial of Service in M-Files Server before 23.4.12528.1

 due to uncontrolled memory consumption.",HIGH,7.5,CWE-770,2023
CVE-2023-0384,"User-controlled operations could have allowed Denial of Service in M-Files Server before 23.4.12528.1

 due to uncontrolled memory consumption for a scheduled job.",MEDIUM,6.5,CWE-400,2023
CVE-2023-0385,"The Custom 404 Pro plugin for WordPress is vulnerable to Cross-Site Request Forgery in versions up to, and including, 3.7.1. This is due to missing or incorrect nonce validation on the custom_404_pro_admin_init function. This makes it possible for unauthenticated attackers to delete logs, via forged request granted they can trick a site administrator into performing an action such as clicking on a link.",MEDIUM,4.3,N/A,2023
CVE-2023-0386,"A flaw was found in the Linux kernel, where unauthorized access to the execution of the setuid file with capabilities was found in the Linux kernel’s OverlayFS subsystem in how a user copies a capable file from a nosuid mount into another mount. This uid mapping bug allows a local user to escalate their privileges on the system.",HIGH,7.8,CWE-282,2023
CVE-2023-0388,"The Random Text WordPress plugin through 0.3.0 does not properly sanitize and escape a parameter before using it in a SQL statement, leading to a SQL injection exploitable by any authenticated users, such as subscribers.",HIGH,8.8,CWE-89,2023
CVE-2023-0389,"The Calculated Fields Form WordPress plugin before 1.1.151 does not sanitise and escape some of its form settings, which could allow high privilege users such as admin to perform Stored Cross-Site Scripting attacks even when the unfiltered_html capability is disallowed (for example in multisite setup)",MEDIUM,4.8,CWE-79,2023
CVE-2023-0391,"MGT-COMMERCE CloudPanel ships with a static SSL certificate to encrypt communications to the administrative interface, shared across every installation of CloudPanel. This behavior was observed in version 2.2.0. There has been no indication from the vendor this has been addressed in version 2.2.1.",HIGH,8.1,CWE-321,2023
CVE-2023-0392,"The LDAP Agent Update service with versions prior to 5.18 used an unquoted path, which could allow arbitrary code execution.",MEDIUM,6.7,CWE-428,2023
CVE-2023-0394,A NULL pointer dereference flaw was found in rawv6_push_pending_frames in net/ipv6/raw.c in the network subcomponent in the Linux kernel. This flaw causes the system to crash.,MEDIUM,5.5,CWE-476,2023
CVE-2023-0395,"The menu shortcode WordPress plugin through 1.0 does not validate and escape some of its block options before outputting them back in a page/post where the block is embed, which could allow users with the contributor role and above to perform Stored Cross-Site Scripting attacks.",MEDIUM,5.4,N/A,2023
CVE-2023-0396,A malicious / defective bluetooth controller can cause buffer overreads in the most functions that process HCI command responses.,MEDIUM,6.8,CWE-126,2023
CVE-2023-0397,A malicious / defect bluetooth controller can cause a Denial of Service due to unchecked input in le_read_buffer_size_complete.,CRITICAL,9.6,CWE-703,2023
CVE-2023-0398,Cross-Site Request Forgery (CSRF) in GitHub repository modoboa/modoboa prior to 2.0.4.,MEDIUM,6.5,CWE-352,2023
CVE-2023-0399,"The Image Over Image For WPBakery Page Builder WordPress plugin before 3.0 does not validate and escape some of its shortcode attributes before outputting them back in a page/post where the shortcode is embed, which could allow users with the contributor role and above to perform Stored Cross-Site Scripting attacks.",MEDIUM,5.4,N/A,2023
CVE-2023-0400,"
The protection bypass vulnerability in DLP for Windows 11.9.x is addressed in version 11.10.0. This allowed a local user to bypass DLP controls when uploading sensitive data from a mapped drive into a web email client. Loading from a local driver was correctly prevented. Versions prior to 11.9 correctly detected and blocked the attempted upload of sensitive data.

",MEDIUM,5.9,CWE-670,2023
CVE-2023-0401,"A NULL pointer can be dereferenced when signatures are being
verified on PKCS7 signed or signedAndEnveloped data. In case the hash
algorithm used for the signature is known to the OpenSSL library but
the implementation of the hash algorithm is not available the digest
initialization will fail. There is a missing check for the return
value from the initialization function which later leads to invalid
usage of the digest API most likely leading to a crash.

The unavailability of an algorithm can be caused by using FIPS
enabled configuration of providers or more commonly by not loading
the legacy provider.

PKCS7 data is processed by the SMIME library calls and also by the
time stamp (TS) library calls. The TLS implementation in OpenSSL does
not call these functions however third party applications would be
affected if they call these functions to verify signatures on untrusted
data.",HIGH,7.5,CWE-476,2023
CVE-2023-0402,"The Social Warfare plugin for WordPress is vulnerable to authorization bypass due to a missing capability check on several AJAX actions in versions up to, and including, 4.3.0. This makes it possible for authenticated attackers, with subscriber-level permissions and above, to delete post meta information and reset network access tokens.",MEDIUM,5.4,N/A,2023
CVE-2023-0403,"The Social Warfare plugin for WordPress is vulnerable to Cross-Site Request Forgery in versions up to, and including, 4.4.0. This is due to missing or incorrect nonce validation on several AJAX actions. This makes it possible for unauthenticated attackers to delete post meta information and reset network access tokens, via forged request granted they can trick a site administrator into performing an action such as clicking on a link.",MEDIUM,5.4,N/A,2023
CVE-2023-0404,"The Events Made Easy plugin for WordPress is vulnerable to authorization bypass due to a missing capability check on several functions related to AJAX actions in versions up to, and including, 2.3.16. This makes it possible for authenticated attackers, with subscriber-level permissions and above, to invoke those functions intended for administrator use. While the plugin is still pending review from the WordPress repository, site owners can download a copy of the patched version directly from the developer's Github at https://github.com/liedekef/events-made-easy",MEDIUM,5.4,CWE-862,2023
CVE-2023-0405,The GPT AI Power: Content Writer & ChatGPT & Image Generator & WooCommerce Product Writer & AI Training WordPress plugin before 1.4.38 does not perform any kind of nonce or privilege checks before letting logged-in users modify arbitrary posts.,MEDIUM,4.3,N/A,2023
CVE-2023-0410,Cross-site Scripting (XSS) - Generic in GitHub repository builderio/qwik prior to 0.1.0-beta5.,MEDIUM,6.1,CWE-79,2023
CVE-2023-0411,Excessive loops in multiple dissectors in Wireshark 4.0.0 to 4.0.2 and 3.6.0 to 3.6.10 and allows denial of service via packet injection or crafted capture file,MEDIUM,6.3,CWE-834,2023
CVE-2023-0412,TIPC dissector crash in Wireshark 4.0.0 to 4.0.2 and 3.6.0 to 3.6.10 and allows denial of service via packet injection or crafted capture file,MEDIUM,6.3,CWE-404,2023
CVE-2023-0413,Dissection engine bug in Wireshark 4.0.0 to 4.0.2 and 3.6.0 to 3.6.10 and allows denial of service via packet injection or crafted capture file,MEDIUM,6.3,CWE-404,2023
CVE-2023-0414,Crash in the EAP dissector in Wireshark 4.0.0 to 4.0.2 allows denial of service via packet injection or crafted capture file,MEDIUM,6.3,CWE-404,2023
CVE-2023-0415,iSCSI dissector crash in Wireshark 4.0.0 to 4.0.2 and 3.6.0 to 3.6.10 and allows denial of service via packet injection or crafted capture file,MEDIUM,6.3,CWE-404,2023
CVE-2023-0416,GNW dissector crash in Wireshark 4.0.0 to 4.0.2 and 3.6.0 to 3.6.10 and allows denial of service via packet injection or crafted capture file,MEDIUM,6.3,CWE-404,2023
CVE-2023-0417,Memory leak in the NFS dissector in Wireshark 4.0.0 to 4.0.2 and 3.6.0 to 3.6.10 and allows denial of service via packet injection or crafted capture file,MEDIUM,6.3,CWE-404,2023
CVE-2023-0418,"The Video Central for WordPress plugin through 1.3.0 does not validate and escape some of its shortcode attributes before outputting them back in a page/post where the shortcode is embed, which could allow users with the contributor role and above to perform Stored Cross-Site Scripting attacks",MEDIUM,5.4,N/A,2023
CVE-2023-0419,"The Shortcode for Font Awesome WordPress plugin before 1.4.1 does not validate and escape some of its shortcode attributes before outputting them back in a page/post where the shortcode is embedded, which could allow users with the contributor role and above to perform Stored Cross-Site Scripting attacks.",MEDIUM,5.4,CWE-79,2023
CVE-2023-0420,"The Custom Post Type and Taxonomy GUI Manager WordPress plugin through 1.1 does not have CSRF, and is lacking sanitising as well as escaping in some parameters, allowing attackers to make a logged in admin put Stored Cross-Site Scripting payloads via CSRF",MEDIUM,4.8,N/A,2023
CVE-2023-0421,"The Cloud Manager WordPress plugin through 1.0 does not sanitise and escape the query param ricerca before outputting it in an admin panel, allowing unauthenticated attackers to trick a logged in admin to trigger a XSS payload by clicking a link.",MEDIUM,6.1,N/A,2023
CVE-2023-0422,"The Article Directory WordPress plugin through 1.3 does not properly sanitize the `publish_terms_text` setting before displaying it in the administration panel, which may enable administrators to conduct Stored XSS attacks in multisite contexts.",MEDIUM,4.8,N/A,2023
CVE-2023-0423,"The WordPress Amazon S3 Plugin WordPress plugin before 1.6 does not sanitise and escape a parameter before outputting it back in the page, leading to a Reflected Cross-Site Scripting which could be used against high privilege users such as admin",MEDIUM,4.8,N/A,2023
CVE-2023-0424,"The MS-Reviews WordPress plugin through 1.5 does not sanitise and escape reviews, which could allow users any authenticated users, such as Subscribers to perform Stored Cross-Site Scripting attacks",MEDIUM,5.4,N/A,2023
CVE-2023-0425,"
ABB is aware of vulnerabilities in the product versions listed below. An update is available that resolves
the reported vulnerabilities in the product versions under maintenance.
An attacker who successfully exploited one or more of these vulnerabilities could cause the product to
stop or make the product inaccessible. 

Numeric Range Comparison Without Minimum Check vulnerability in ABB Freelance controllers AC 700F (Controller modules), ABB Freelance controllers AC 900F (controller modules).This issue affects:

Freelance controllers AC 700F: 

from 9.0;0 through V9.2 SP2, through Freelance 2013, through Freelance 2013SP1, through Freelance 2016, through Freelance 2016SP1, through Freelance 2019, through Freelance 2019 SP1, through Freelance 2019 SP1 FP1; 

Freelance controllers AC 900F: 

Freelance 2013, through Freelance 2013SP1, through Freelance 2016, through Freelance 2016SP1, through Freelance 2019, through Freelance 2019 SP1, through Freelance 2019 SP1 FP1.

",HIGH,8.6,CWE-839,2023
CVE-2023-0426,"
ABB is aware of vulnerabilities in the product versions listed below. An update is available that resolves
the reported vulnerabilities in the product versions under maintenance.
An attacker who successfully exploited one or more of these vulnerabilities could cause the product to
stop or make the product inaccessible. 



Stack-based Buffer Overflow vulnerability in ABB Freelance controllers AC 700F (conroller modules), ABB Freelance controllers AC 900F (controller modules).This issue affects:

 Freelance controllers AC 700F: 

from 9.0;0 through V9.2 SP2, through Freelance 2013, through Freelance 2013SP1, through Freelance 2016, through Freelance 2016SP1, through Freelance 2019 , through Freelance 2019 SP1, through Freelance 2019 SP1 FP1; 




Freelance controllers AC 900F: 

through Freelance 2013, through Freelance 2013SP1, through Freelance 2016, through Freelance 2016SP1, through Freelance 2019, through Freelance 2019 SP1, through Freelance 2019 SP1 FP1.

",HIGH,8.6,CWE-121,2023
CVE-2023-0428,"The Watu Quiz WordPress plugin before 3.3.8.2 does not sanitise and escape a parameter before outputting it back in the page, leading to a Reflected Cross-Site Scripting which could be used against high privilege users such as admin.",MEDIUM,6.1,CWE-79,2023
CVE-2023-0429,"The Watu Quiz WordPress plugin before 3.3.8.2 does not sanitise and escape some of its settings, which could allow high privilege users such as admin to perform Stored Cross-Site Scripting attacks even when the unfiltered_html capability is disallowed (for example in multisite setup).",MEDIUM,4.8,N/A,2023
CVE-2023-0430,Certificate OCSP revocation status was not checked when verifying S/Mime signatures. Mail signed with a revoked certificate would be displayed as having a valid signature. Thunderbird versions from 68 to 102.7.0 were affected by this bug. This vulnerability affects Thunderbird < 102.7.1.,MEDIUM,6.5,CWE-295,2023
CVE-2023-0431,"The File Away WordPress plugin through 3.9.9.0.1 does not validate and escape one of its shortcode attributes, which could allow users with a role as low as contributor to perform Stored Cross-Site Scripting attack.",MEDIUM,5.4,N/A,2023
CVE-2023-0432,"
The web configuration service of the affected device contains an authenticated command injection vulnerability. It can be used to execute system commands on the operating system (OS) from the device in the context of the user ""root."" If the attacker has credentials for the web service, then the device could be fully compromised.



",CRITICAL,9.0,CWE-79,2023
CVE-2023-0433,Heap-based Buffer Overflow in GitHub repository vim/vim prior to 9.0.1225.,HIGH,7.8,CWE-122,2023
CVE-2023-0434,Improper Input Validation in GitHub repository pyload/pyload prior to 0.5.0b3.dev40.,HIGH,7.5,CWE-20,2023
CVE-2023-0435,Excessive Attack Surface in GitHub repository pyload/pyload prior to 0.5.0b3.dev41.,CRITICAL,9.8,CWE-1125,2023
CVE-2023-0436,"The affected versions of MongoDB Atlas Kubernetes Operator may print sensitive information like GCP service account keys and API integration secrets while DEBUG mode logging is enabled. This issue affects MongoDB Atlas Kubernetes Operator versions: 1.5.0, 1.6.0, 1.6.1, 1.7.0.

Please note that this is reported on an EOL version of the product, and users are advised to upgrade to the latest supported version.
Required Configuration: 

DEBUG logging is not enabled by default, and must be configured by the end-user. To check the log-level of the Operator, review the flags passed in your deployment configuration (eg.  https://github.com/mongodb/mongodb-atlas-kubernetes/blob/main/config/manager/manager.yaml#L27 https://github.com/mongodb/mongodb-atlas-kubernetes/blob/main/config/manager/manager.yaml#L27 )

",MEDIUM,4.5,CWE-532,2023
CVE-2023-0437,"When calling bson_utf8_validate on some inputs a loop with an exit condition that cannot be reached may occur, i.e. an infinite loop. This issue affects All MongoDB C Driver versions prior to versions 1.25.0.",MEDIUM,5.3,CWE-835,2023
CVE-2023-0439,"The NEX-Forms WordPress plugin before 8.4.4 does not escape its form name, which could lead to Stored Cross-Site Scripting issues. By default only SuperAdmins (in multisite) / admins (in single site) can create forms, however there is a settings allowing them to give lower roles access to such feature.",MEDIUM,5.4,N/A,2023
CVE-2023-0440,Observable Discrepancy in GitHub repository healthchecks/healthchecks prior to v2.6.,MEDIUM,5.3,CWE-203,2023
CVE-2023-0441,"The Gallery Blocks with Lightbox WordPress plugin before 3.0.8 has an AJAX endpoint that can be accessed by any authenticated users, such as subscriber. The callback function allows numerous actions, the most serious one being reading and updating the WordPress options which could be used to enable registration with a default administrator user role.",HIGH,8.1,N/A,2023
CVE-2023-0442,"The Loan Comparison WordPress plugin before 1.5.3 does not validate and escape some of its query parameters before outputting them back in a page/post via an embedded shortcode, which could allow an attacker to inject javascript into into the site via a crafted URL.",MEDIUM,6.1,N/A,2023
CVE-2023-0443,The AnyWhere Elementor WordPress plugin before 1.2.8 discloses a Freemius Secret Key which could be used by an attacker to purchase the pro subscription using test credit card numbers without actually paying the amount. Such key has been revoked.,MEDIUM,5.3,N/A,2023
CVE-2023-0444,"A privilege escalation vulnerability exists in Delta Electronics InfraSuite Device Master 00.00.02a. A default user 'User', which is in the 'Read Only User' group, can view the password of another default user 'Administrator', which is in the 'Administrator' group. This allows any lower privileged user to log in as an administrator.",HIGH,8.8,NVD-CWE-noinfo,2023
CVE-2023-0446,"The My YouTube Channel plugin for WordPress is vulnerable to Stored Cross-Site Scripting via its settings parameters in versions up to, and including, 3.0.12.1 due to insufficient input sanitization and output escaping. This makes it possible for authenticated attackers, with administrator-level permissions and above, to inject arbitrary web scripts in pages that will execute whenever a user accesses an injected page.",MEDIUM,5.5,N/A,2023
CVE-2023-0447,"The My YouTube Channel plugin for WordPress is vulnerable to authorization bypass due to a missing capability check on the clear_all_cache function in versions up to, and including, 3.0.12.1. This makes it possible for authenticated attackers, with subscriber-level permissions and above, to clear the plugin's cache.",MEDIUM,4.3,N/A,2023
CVE-2023-0448,"The WP Helper Lite WordPress plugin, in versions < 4.3, returns all GET parameters unsanitized in the response, resulting in a reflected cross-site scripting vulnerability.",MEDIUM,6.1,CWE-79,2023
CVE-2023-0450,"An issue has been discovered in GitLab affecting all versions starting from 8.1 to 15.8.5, and from 15.9 to 15.9.4, and from 15.10 to 15.10.1. It was possible to add a branch with an ambiguous name that could be used to social engineer users.",LOW,3.7,NVD-CWE-noinfo,2023
CVE-2023-0451,"Econolite EOS versions prior to 3.2.23 lack a password
requirement for gaining “READONLY” access to log files and certain database and
configuration files. One such file contains tables with MD5 hashes and
usernames for all defined users in the control software, including
administrators and technicians.







",HIGH,7.5,CWE-284,2023
CVE-2023-0452,"Econolite EOS versions prior to 3.2.23 use a weak hash
algorithm for encrypting privileged user credentials. A configuration file that
is accessible without authentication uses MD5 hashes for encrypting
credentials, including those of administrators and technicians.







",CRITICAL,9.8,CWE-328,2023
CVE-2023-0453,The WP Private Message WordPress plugin (bundled with the Superio theme as a required plugin) before 1.0.6 does not ensure that private messages to be accessed belong to the user making the requests. This allowing any authenticated users to access private messages belonging to other users by tampering the ID.,MEDIUM,4.3,N/A,2023
CVE-2023-0454,OrangeScrum version 2.0.11 allows an authenticated external attacker to delete arbitrary local files from the server. This is possible because the application uses an unsanitized attacker-controlled parameter to construct an internal path.,HIGH,8.1,CWE-22,2023
CVE-2023-0455,Unrestricted Upload of File with Dangerous Type in GitHub repository unilogies/bumsys prior to v1.0.3-beta.,HIGH,8.8,CWE-434,2023
CVE-2023-0456,"A flaw was found in APICast, when 3Scale's OIDC module does not properly evaluate the response to a mismatched token from a separate realm. This could allow a separate realm to be accessible to an attacker, permitting access to unauthorized information.",HIGH,7.4,CWE-285,2023
CVE-2023-0457,"Plaintext Storage of a Password vulnerability in Mitsubishi Electric Corporation MELSEC iQ-F Series, MELSEC iQ-R Series, MELSEC-Q Series and MELSEC-L Series allows a remote unauthenticated attacker to disclose plaintext credentials stored in project files and login into FTP server or Web server.",HIGH,7.5,CWE-256,2023
CVE-2023-0458,A speculative pointer dereference problem exists in the Linux Kernel on the do_prlimit() function. The resource argument value is controlled and is used in pointer arithmetic for the 'rlim' variable and can be used to leak the contents. We recommend upgrading past version 6.1.8 or commit 739790605705ddcf18f21782b9c99ad7d53a8c11,MEDIUM,5.3,CWE-476,2023
CVE-2023-0459,"Copy_from_user on 64-bit versions of the Linux kernel does not implement the __uaccess_begin_nospec allowing a user to bypass the ""access_ok"" check and pass a kernel pointer to copy_from_user(). This would allow an attacker to leak information. We recommend upgrading beyond commit 74e19ef0ff8061ef55957c3abd71614ef0f42f47",MEDIUM,6.5,CWE-763,2023
CVE-2023-0460,"The YouTube Embedded 1.2 SDK binds to a service within the YouTube Main App. After binding, a remote context is created with the flags Context.CONTEXT_INCLUDE_CODE | Context.CONTEXT_IGNORE_SECURITY. This allows the client app to remotely load code from YouTube Main App by retrieving the Main App’s ClassLoader. A potential vulnerability in the binding logic used by the client SDK where the SDK ends up calling bindService() on a malicious app rather than YT Main App. This creates a vulnerability where the SDK can load the malicious app’s ClassLoader instead, allowing the malicious app to load arbitrary code into the calling app whenever the embedded SDK is invoked.

In order to trigger this vulnerability, an attacker must masquerade the Youtube app and install it on a device, have a second app that uses the Embedded player and typically distribute both to the victim outside of the Play Store.",MEDIUM,5.1,CWE-470,2023
CVE-2023-0461,"There is a use-after-free vulnerability in the Linux Kernel which can be exploited to achieve local privilege escalation. To reach the vulnerability kernel configuration flag CONFIG_TLS or CONFIG_XFRM_ESPINTCP has to be configured, but the operation does not require any privilege.

There is a use-after-free bug of icsk_ulp_data of a struct inet_connection_sock.

When CONFIG_TLS is enabled, user can install a tls context (struct tls_context) on a connected tcp socket. The context is not cleared if this socket is disconnected and reused as a listener. If a new socket is created from the listener, the context is inherited and vulnerable.

The setsockopt TCP_ULP operation does not require any privilege.

We recommend upgrading past commit 2c02d41d71f90a5168391b6a5f2954112ba2307c",HIGH,7.8,CWE-416,2023
CVE-2023-0462,An arbitrary code execution flaw was found in Foreman. This issue may allow an admin user to execute arbitrary code on the underlying operating system by setting global parameters with a YAML payload.,HIGH,8.0,CWE-94,2023
CVE-2023-0463,"The force offline MFA prompt setting is not respected when switching to offline mode in Devolutions Remote Desktop Manager 2022.3.29 to 2022.3.30 allows a user to save sensitive data on disk.

",LOW,3.3,NVD-CWE-noinfo,2023
CVE-2023-0464,"A security vulnerability has been identified in all supported versions

of OpenSSL related to the verification of X.509 certificate chains
that include policy constraints.  Attackers may be able to exploit this
vulnerability by creating a malicious certificate chain that triggers
exponential use of computational resources, leading to a denial-of-service
(DoS) attack on affected systems.

Policy processing is disabled by default but can be enabled by passing
the `-policy' argument to the command line utilities or by calling the
`X509_VERIFY_PARAM_set1_policies()' function.",HIGH,7.5,CWE-295,2023
CVE-2023-0465,"Applications that use a non-default option when verifying certificates may be
vulnerable to an attack from a malicious CA to circumvent certain checks.

Invalid certificate policies in leaf certificates are silently ignored by
OpenSSL and other certificate policy checks are skipped for that certificate.
A malicious CA could use this to deliberately assert invalid certificate policies
in order to circumvent policy checking on the certificate altogether.

Policy processing is disabled by default but can be enabled by passing
the `-policy' argument to the command line utilities or by calling the
`X509_VERIFY_PARAM_set1_policies()' function.",MEDIUM,5.3,CWE-295,2023
CVE-2023-0466,"The function X509_VERIFY_PARAM_add0_policy() is documented to
implicitly enable the certificate policy check when doing certificate
verification. However the implementation of the function does not
enable the check which allows certificates with invalid or incorrect
policies to pass the certificate verification.

As suddenly enabling the policy check could break existing deployments it was
decided to keep the existing behavior of the X509_VERIFY_PARAM_add0_policy()
function.

Instead the applications that require OpenSSL to perform certificate
policy check need to use X509_VERIFY_PARAM_set1_policies() or explicitly
enable the policy check by calling X509_VERIFY_PARAM_set_flags() with
the X509_V_FLAG_POLICY_CHECK flag argument.

Certificate policy checks are disabled by default in OpenSSL and are not
commonly used by applications.",MEDIUM,5.3,CWE-295,2023
CVE-2023-0467,"The WP Dark Mode WordPress plugin before 4.0.8 does not properly sanitize the style parameter in shortcodes before using it to load a PHP template. This leads to Local File Inclusion on servers where non-existent directories may be traversed, or when chained with another vulnerability allowing arbitrary directory creation.",MEDIUM,4.3,CWE-22,2023
CVE-2023-0468,A use-after-free flaw was found in io_uring/poll.c in io_poll_check_events in the io_uring subcomponent in the Linux Kernel due to a race condition of poll_refs. This flaw may cause a NULL pointer dereference.,MEDIUM,4.7,CWE-416,2023
CVE-2023-0469,A use-after-free flaw was found in io_uring/filetable.c in io_install_fixed_file in the io_uring subcomponent in the Linux Kernel during call cleanup. This flaw may lead to a denial of service.,MEDIUM,5.5,CWE-191,2023
CVE-2023-0470,Cross-site Scripting (XSS) - Stored in GitHub repository modoboa/modoboa prior to 2.0.4.,MEDIUM,5.4,CWE-79,2023
CVE-2023-0471,Use after free in WebTransport in Google Chrome prior to 109.0.5414.119 allowed a remote attacker to potentially exploit heap corruption via a crafted HTML page. (Chromium security severity: High),HIGH,8.8,CWE-416,2023
CVE-2023-0472,Use after free in WebRTC in Google Chrome prior to 109.0.5414.119 allowed a remote attacker to potentially exploit heap corruption via a crafted HTML page. (Chromium security severity: High),HIGH,8.8,CWE-416,2023
CVE-2023-0473,Type Confusion in ServiceWorker API in Google Chrome prior to 109.0.5414.119 allowed a remote attacker to potentially exploit heap corruption via a crafted HTML page. (Chromium security severity: Medium),HIGH,8.8,CWE-843,2023
CVE-2023-0474,Use after free in GuestView in Google Chrome prior to 109.0.5414.119 allowed an attacker who convinced a user to install a malicious extension to potentially exploit heap corruption via a Chrome web app. (Chromium security severity: Medium),HIGH,8.8,CWE-416,2023
CVE-2023-0475,HashiCorp go-getter up to 1.6.2 and 2.1.1 is vulnerable to decompression bombs. Fixed in 1.7.0 and 2.2.0.,MEDIUM,4.2,CWE-409,2023
CVE-2023-0476,A LDAP injection vulnerability exists in Tenable.sc due to improper validation of user-supplied input before returning it to users. An authenticated attacker could generate data in Active Directory using the application account through blind LDAP injection.,MEDIUM,6.5,CWE-74,2023
CVE-2023-0477,"The Auto Featured Image (Auto Post Thumbnail) WordPress plugin before 3.9.16 includes an AJAX endpoint that allows any user with at least Author privileges to upload arbitrary files, such as PHP files. This is caused by incorrect file extension validation.",HIGH,8.8,CWE-434,2023
CVE-2023-0479,"The Print Invoice & Delivery Notes for WooCommerce WordPress plugin before 4.7.2 is vulnerable to reflected XSS by echoing a GET value in an admin note within the WooCommerce orders page. This means that this vulnerability can be exploited for users with the edit_others_shop_orders capability. WooCommerce must be installed and active. This vulnerability is caused by a urldecode() after cleanup with esc_url_raw(), allowing double encoding.",MEDIUM,6.1,CWE-79,2023
CVE-2023-0480,VitalPBX version 3.2.3-8 allows an unauthenticated external attacker to obtain the instance administrator's account. This is possible because the application is vulnerable to CSRF.,HIGH,8.8,CWE-352,2023
CVE-2023-0481,In RestEasy Reactive implementation of Quarkus the insecure File.createTempFile() is used in the FileBodyHandler class which creates temp files with insecure permissions that could be read by a local user.,LOW,3.3,CWE-378,2023
CVE-2023-0482,"In RESTEasy the insecure File.createTempFile() is used in the DataSourceProvider, FileProvider and Mime4JWorkaround classes which creates temp files with insecure permissions that could be read by a local user.",MEDIUM,5.5,CWE-378,2023
CVE-2023-0483,"An issue has been discovered in GitLab affecting all versions starting from 12.1 before 15.7.8, all versions starting from 15.8 before 15.8.4, all versions starting from 15.9 before 15.9.2. It was possible for a project maintainer to extract a Datadog integration API key by modifying the site.",MEDIUM,5.5,NVD-CWE-noinfo,2023
CVE-2023-0484,"The Contact Form 7 Widget For Elementor Page Builder & Gutenberg Blocks WordPress plugin before 1.1.6 does not have CSRF check when activating plugins, which could allow attackers to make logged in admins activate arbitrary plugins present on the blog via a CSRF attack",MEDIUM,4.3,N/A,2023
CVE-2023-0485,"An issue has been discovered in GitLab affecting all versions starting from 13.11 before 15.8.5, all versions starting from 15.9 before 15.9.4, all versions starting from 15.10 before 15.10.1. It was possible that a project member demoted to a user role to read project updates by doing a diff with a pre-existing fork.",MEDIUM,6.5,CWE-668,2023
CVE-2023-0486,VitalPBX version 3.2.3-8 allows an unauthenticated external attacker to obtain the instance's administrator account via a malicious link. This is possible because the application is vulnerable to XSS.,MEDIUM,6.1,CWE-79,2023
CVE-2023-0487,"The My Sticky Elements WordPress plugin before 2.0.9 does not properly sanitise and escape a parameter before using it in a SQL statement when deleting messages, leading to a SQL injection exploitable by high privilege users such as admin",HIGH,7.2,CWE-89,2023
CVE-2023-0488,Cross-site Scripting (XSS) - Stored in GitHub repository pyload/pyload prior to 0.5.0b3.dev42.,MEDIUM,5.4,CWE-79,2023
CVE-2023-0489,"The SlideOnline WordPress plugin through 1.2.1 does not validate and escape some of its shortcode attributes before outputting them back in a page/post where the shortcode is embed, which could allow users with the contributor role and above to perform Stored Cross-Site Scripting attacks",MEDIUM,5.4,N/A,2023
CVE-2023-0490,"The f(x) TOC WordPress plugin through 1.1.0 does not validate and escape some of its shortcode attributes before outputting them back in a page/post where the shortcode is embed, which could allow users with the contributor role and above to perform Stored Cross-Site Scripting attacks.",MEDIUM,5.4,N/A,2023
CVE-2023-0491,"The Schedulicity WordPress plugin through 2.21 does not validate and escape some of its shortcode attributes before outputting them back in a page/post where the shortcode is embed, which could allow users with the contributor role and above to perform Stored Cross-Site Scripting attacks.",MEDIUM,5.4,N/A,2023
CVE-2023-0492,"The GS Products Slider for WooCommerce WordPress plugin before 1.5.9 does not validate and escape some of its shortcode attributes before outputting them back in a page/post where the shortcode is embed, which could allow users with the contributor role and above to perform Stored Cross-Site Scripting attacks",MEDIUM,5.4,N/A,2023
CVE-2023-0493,"Improper Neutralization of Equivalent Special Elements in GitHub repository btcpayserver/btcpayserver prior to 1.7.5.

",MEDIUM,5.3,CWE-76,2023
CVE-2023-0494,A vulnerability was found in X.Org. This issue occurs due to a dangling pointer in DeepCopyPointerClasses that can be exploited by ProcXkbSetDeviceInfo() and ProcXkbGetDeviceInfo() to read and write into freed memory. This can lead to local privilege elevation on systems where the X server runs privileged and remote code execution for ssh X forwarding sessions.,HIGH,7.8,CWE-416,2023
CVE-2023-0495,"The HT Slider For Elementor WordPress plugin before 1.4.0 does not have CSRF check when activating plugins, which could allow attackers to make logged in admins activate arbitrary plugins present on the blog via a CSRF attack",MEDIUM,4.3,N/A,2023
CVE-2023-0496,"The HT Event WordPress plugin before 1.4.6 does not have CSRF check when activating plugins, which could allow attackers to make logged in admins activate arbitrary plugins present on the blog via a CSRF attack",MEDIUM,4.3,N/A,2023
CVE-2023-0497,"The HT Portfolio WordPress plugin before 1.1.6 does not have CSRF check when activating plugins, which could allow attackers to make logged in admins activate arbitrary plugins present on the blog via a CSRF attack",MEDIUM,4.3,CWE-352,2023
CVE-2023-0498,"The WP Education WordPress plugin before 1.2.7 does not have CSRF check when activating plugins, which could allow attackers to make logged in admins activate arbitrary plugins present on the blog via a CSRF attack",MEDIUM,4.3,CWE-352,2023
CVE-2023-0499,"The QuickSwish WordPress plugin before 1.1.0 does not have CSRF check when activating plugins, which could allow attackers to make logged in admins activate arbitrary plugins present on the blog via a CSRF attack",MEDIUM,4.3,N/A,2023
CVE-2023-0500,"The WP Film Studio WordPress plugin before 1.3.5 does not have CSRF check when activating plugins, which could allow attackers to make logged in admins activate arbitrary plugins present on the blog via a CSRF attack",MEDIUM,6.5,N/A,2023
CVE-2024-0001,A condition exists in FlashArray Purity whereby a local account intended for initial array configuration remains active potentially allowing a malicious actor to gain elevated privileges.,CRITICAL,10.0,CWE-1188,2024
CVE-2024-0002,A condition exists in FlashArray Purity whereby an attacker can employ a privileged account allowing remote access to the array.,CRITICAL,10.0,CWE-287,2024
CVE-2024-0003,A condition exists in FlashArray Purity whereby a malicious user could use a remote administrative service to create an account on the array allowing privileged access.,CRITICAL,9.1,CWE-269,2024
CVE-2024-0004,A condition exists in FlashArray Purity whereby an user with array admin role can execute arbitrary commands remotely to escalate privilege on the array.,CRITICAL,9.1,CWE-94,2024
CVE-2024-0005,A condition exists in FlashArray and FlashBlade Purity whereby a malicious user could execute arbitrary commands remotely through a specifically crafted SNMP configuration.,CRITICAL,9.1,CWE-77,2024
CVE-2024-0007,A cross-site scripting (XSS) vulnerability in Palo Alto Networks PAN-OS software enables a malicious authenticated read-write administrator to store a JavaScript payload using the web interface on Panorama appliances. This enables the impersonation of another authenticated administrator.,MEDIUM,6.8,CWE-79,2024
CVE-2024-0008,"Web sessions in the management interface in Palo Alto Networks PAN-OS software do not expire in certain situations, making it susceptible to unauthorized access.",MEDIUM,6.6,CWE-613,2024
CVE-2024-0009,An improper verification vulnerability in the GlobalProtect gateway feature of Palo Alto Networks PAN-OS software enables a malicious user with stolen credentials to establish a VPN connection from an unauthorized IP address.,MEDIUM,6.3,CWE-940,2024
CVE-2024-0010,"A reflected cross-site scripting (XSS) vulnerability in the GlobalProtect portal feature of Palo Alto Networks PAN-OS software enables execution of malicious JavaScript (in the context of a user’s browser) if a user clicks on a malicious link, allowing phishing attacks that could lead to credential theft.",MEDIUM,4.3,CWE-79,2024
CVE-2024-0011,"A reflected cross-site scripting (XSS) vulnerability in the Captive Portal feature of Palo Alto Networks PAN-OS software enables execution of malicious JavaScript (in the context of an authenticated Captive Portal user’s browser) if a user clicks on a malicious link, allowing phishing attacks that could lead to credential theft.",MEDIUM,4.3,CWE-79,2024
CVE-2024-0012,"An authentication bypass in Palo Alto Networks PAN-OS software enables an unauthenticated attacker with network access to the management web interface to gain PAN-OS administrator privileges to perform administrative actions, tamper with the configuration, or exploit other authenticated privilege escalation vulnerabilities like  CVE-2024-9474 https://security.paloaltonetworks.com/CVE-2024-9474 .

The risk of this issue is greatly reduced if you secure access to the management web interface by restricting access to only trusted internal IP addresses according to our recommended  best practice deployment guidelines https://live.paloaltonetworks.com/t5/community-blogs/tips-amp-tricks-how-to-secure-the-management-access-of-your-palo/ba-p/464431 .

This issue is applicable only to PAN-OS 10.2, PAN-OS 11.0, PAN-OS 11.1, and PAN-OS 11.2 software.

Cloud NGFW and Prisma Access are not impacted by this vulnerability.",CRITICAL,9.8,CWE-306,2024
CVE-2024-0014,"In startInstall of UpdateFetcher.java, there is a possible way to trigger a malicious config update due to a logic error. This could lead to local escalation of privilege with no additional execution privileges needed. User interaction is not needed for exploitation.",HIGH,7.8,NVD-CWE-noinfo,2024
CVE-2024-0015,"In convertToComponentName of DreamService.java, there is a possible way to launch arbitrary protected activities due to intent redirection. This could lead to local escalation of privilege with User execution privileges needed. User interaction is not needed for exploitation.",HIGH,7.8,NVD-CWE-noinfo,2024
CVE-2024-0016,"In multiple locations, there is a possible out of bounds read due to a missing bounds check. This could lead to paired device information disclosure with no additional execution privileges needed. User interaction is not needed for exploitation.",MEDIUM,5.3,CWE-125,2024
CVE-2024-0017,"In shouldUseNoOpLocation of CameraActivity.java, there is a possible confused deputy due to a permissions bypass. This could lead to local information disclosure with no additional execution privileges needed. User interaction is needed for exploitation.",MEDIUM,5.5,CWE-863,2024
CVE-2024-0018,"In convertYUV420Planar16ToY410 of ColorConverter.cpp, there is a possible out of bounds write due to a heap buffer overflow. This could lead to local escalation of privilege with no additional execution privileges needed. User interaction is not needed for exploitation.",HIGH,7.8,CWE-787,2024
CVE-2024-0019,"In setListening of AppOpsControllerImpl.java, there is a possible way to hide the microphone privacy indicator when restarting systemUI due to a missing check for active recordings. This could lead to local denial of service with no additional execution privileges needed. User interaction is needed for exploitation.",MEDIUM,5.0,NVD-CWE-noinfo,2024
CVE-2024-0020,"In onActivityResult of NotificationSoundPreference.java, there is a possible way to hear audio files belonging to a different user due to a confused deputy. This could lead to local information disclosure across users of a device with no additional execution privileges needed. User interaction is not needed for exploitation.",MEDIUM,5.5,NVD-CWE-noinfo,2024
CVE-2024-0021,"In onCreate of NotificationAccessConfirmationActivity.java, there is a possible way for an app in the work profile to enable notification listener services due to a logic error in the code. This could lead to local escalation of privilege with no additional execution privileges needed. User interaction is needed for exploitation.",HIGH,7.8,NVD-CWE-noinfo,2024
CVE-2024-0022,"In multiple functions of CompanionDeviceManagerService.java, there is a possible launch NotificationAccessConfirmationActivity of another user profile due to improper input validation. This could lead to local information disclosure with no additional execution privileges needed. User interaction is not needed for exploitation.",MEDIUM,5.5,NVD-CWE-noinfo,2024
CVE-2024-0023,"In ConvertRGBToPlanarYUV of Codec2BufferUtils.cpp, there is a possible out of bounds write due to an incorrect bounds check. This could lead to local escalation of privilege with no additional execution privileges needed. User interaction is not needed for exploitation.",HIGH,7.8,CWE-787,2024
CVE-2024-0024,"In multiple methods of UserManagerService.java, there is a possible failure to persist or enforce user restrictions due to improper input validation. This could lead to local escalation of privilege with no additional execution privileges needed. User interaction is needed for exploitation.",HIGH,7.8,NVD-CWE-noinfo,2024
CVE-2024-0025,"In sendIntentSender of ActivityManagerService.java, there is a possible background activity launch due to a logic error. This could lead to local escalation of privilege with no additional execution privileges needed. User interaction is not needed for exploitation.",HIGH,7.8,NVD-CWE-noinfo,2024
CVE-2024-0026,"In multiple functions of SnoozeHelper.java, there is a possible persistent denial of service due to resource exhaustion. This could lead to local denial of service with no additional execution privileges needed. User interaction is not needed for exploitation.",MEDIUM,5.5,CWE-770,2024
CVE-2024-0027,"In multiple functions of SnoozeHelper.java, there is a possible way to cause a boot loop due to resource exhaustion. This could lead to local denial of service with no additional execution privileges needed. User interaction is not needed for exploitation.",MEDIUM,5.5,CWE-770,2024
CVE-2024-0028,"In Audio Service, there is a possible way to obtain MAC addresses of nearby Bluetooth devices due to a missing permission check. This could lead to local escalation of privilege with no additional execution privileges needed. User interaction is not needed for exploitation.",MEDIUM,5.5,CWE-862,2024
CVE-2024-0029,"In multiple files, there is a possible way to capture the device screen when disallowed by device policy due to a logic error in the code. This could lead to local escalation of privilege with no additional execution privileges needed. User interaction is not needed for exploitation.",HIGH,7.8,NVD-CWE-noinfo,2024
CVE-2024-0030,"In btif_to_bta_response of btif_gatt_util.cc, there is a possible out of bounds read due to an incorrect bounds check. This could lead to local information disclosure with no additional execution privileges needed. User interaction is not needed for exploitation.",MEDIUM,5.5,CWE-125,2024
CVE-2024-0031,"In attp_build_read_by_type_value_cmd of att_protocol.cc , there is a possible out of bounds write due to improper input validation. This could lead to remote code execution with no additional execution privileges needed. User interaction is not needed for exploitation.",CRITICAL,9.8,CWE-787,2024
CVE-2024-0032,"In multiple locations, there is a possible way to request access to directories that should be hidden due to improper input validation. This could lead to local escalation of privilege with User execution privileges needed. User interaction is needed for exploitation.",MEDIUM,6.5,NVD-CWE-noinfo,2024
CVE-2024-0033,"In multiple functions of ashmem-dev.cpp, there is a possible missing seal due to a heap buffer overflow. This could lead to local escalation of privilege with no additional execution privileges needed. User interaction is not needed for exploitation.",HIGH,7.8,CWE-787,2024
CVE-2024-0034,"In BackgroundLaunchProcessController, there is a possible way to launch arbitrary activity from the background due to BAL Bypass. This could lead to local escalation of privilege with no additional execution privileges needed. User interaction is not needed for exploitation.",HIGH,7.8,NVD-CWE-noinfo,2024
CVE-2024-0035,"In onNullBinding of TileLifecycleManager.java, there is a possible way to launch an activity from the background due to a missing null check. This could lead to local escalation of privilege with no additional execution privileges needed. User interaction is not needed for exploitation.",HIGH,7.8,CWE-476,2024
CVE-2024-0036,"In startNextMatchingActivity of ActivityTaskManagerService.java, there is a possible way to bypass the restrictions on starting activities from the background due to a logic error in the code. This could lead to local escalation of privilege with no additional execution privileges needed. User interaction is not needed for exploitation.",HIGH,7.8,NVD-CWE-noinfo,2024
CVE-2024-0037,"In applyCustomDescription of SaveUi.java, there is a possible way to view images belonging to a different user due to a missing permission check. This could lead to local information disclosure with User execution privileges needed. User interaction is not needed for exploitation.",LOW,3.3,CWE-862,2024
CVE-2024-0038,"In injectInputEventToInputFilter of AccessibilityManagerService.java, there is a possible arbitrary input event injection due to a missing permission check. This could lead to local escalation of privilege with no additional execution privileges needed. User interaction is not needed for exploitation.",HIGH,7.8,CWE-862,2024
CVE-2024-0039,"In attp_build_value_cmd of att_protocol.cc, there is a possible out of bounds write due to a missing bounds check. This could lead to remote code execution with no additional execution privileges needed. User interaction is not needed for exploitation.",CRITICAL,9.8,CWE-787,2024
CVE-2024-0040,"In setParameter of MtpPacket.cpp, there is a possible out of bounds read due to a heap buffer overflow. This could lead to remote information disclosure with no additional execution privileges needed. User interaction is not needed for exploitation.",HIGH,7.5,CWE-787,2024
CVE-2024-0041,"In removePersistentDot of SystemStatusAnimationSchedulerImpl.kt, there is a possible race condition due to a logic error in the code. This could lead to local escalation of privilege that fails to remove the persistent dot with no additional execution privileges needed. User interaction is not needed for exploitation.",HIGH,7.0,CWE-362,2024
CVE-2024-0042,"In TBD of TBD, there is a possible confusion of OEM and DRM certificates due to improperly used crypto. This could lead to local bypass of DRM content protection with no additional execution privileges needed. User interaction is not needed for exploitation.",HIGH,7.8,CWE-295,2024
CVE-2024-0043,"In multiple locations, there is a possible notification listener grant to an app running in the work profile due to a logic error in the code. This could lead to local escalation of privilege with no additional execution privileges needed. User interaction is needed for exploitation.",HIGH,7.8,NVD-CWE-noinfo,2024
CVE-2024-0044,"In createSessionInternal of PackageInstallerService.java, there is a possible run-as any app due to improper input validation. This could lead to local escalation of privilege with no additional execution privileges needed. User interaction is not needed for exploitation.",MEDIUM,6.7,CWE-74,2024
CVE-2024-0045,"In smp_proc_sec_req of smp_act.cc, there is a possible out of bounds read due to improper input validation. This could lead to remote (proximal/adjacent) information disclosure with no additional execution privileges needed. User interaction is not needed for exploitation.",MEDIUM,6.5,CWE-125,2024
CVE-2024-0046,"In installExistingPackageAsUser of InstallPackageHelper.java, there is a possible carrier restriction bypass due to a logic error in the code. This could lead to local escalation of privilege with no additional execution privileges needed. User interaction is not needed for exploitation.",HIGH,7.8,NVD-CWE-noinfo,2024
CVE-2024-0047,"In writeUserLP of UserManagerService.java, device policies are serialized with an incorrect tag due to a logic error in the code. This could lead to local denial of service when policies are deserialized on reboot with no additional execution privileges needed. User interaction is not needed for exploitation.",MEDIUM,5.5,NVD-CWE-noinfo,2024
CVE-2024-0048,"In Session of AccountManagerService.java, there is a possible method to retain foreground service privileges due to incorrect handling of null responses. This could lead to local escalation of privilege with no additional execution privileges needed. User interaction is not needed for exploitation.",HIGH,7.8,NVD-CWE-noinfo,2024
CVE-2024-0049,"In multiple locations, there is a possible out of bounds write due to a heap buffer overflow. This could lead to local escalation of privilege with no additional execution privileges needed. User  interaction is not needed for exploitation.",HIGH,7.8,CWE-787,2024
CVE-2024-0050,"In getConfig of SoftVideoDecoderOMXComponent.cpp, there is a possible out of bounds write due to a missing validation check. This could lead to a local non-security issue with no additional execution privileges needed. User interaction is not needed for exploitation.",HIGH,7.8,CWE-787,2024
CVE-2024-0051,"In onQueueFilled of SoftMPEG4.cpp, there is a possible out of bounds write due to a heap buffer overflow. This could lead to local escalation of privilege with no additional execution privileges needed. User interaction is not needed for exploitation.",HIGH,7.8,CWE-787,2024
CVE-2024-0052,"In multiple functions of healthconnect, there is a possible leakage of exercise route data due to a missing permission check. This could lead to local information disclosure with no additional execution privileges needed. User interaction is not needed for exploitation.",LOW,3.3,CWE-862,2024
CVE-2024-0053,"In getCustomPrinterIcon of PrintManagerService.java, there is a possible way to view other user's images due to a confused deputy. This could lead to local information disclosure with no additional execution privileges needed. User interaction is not needed for exploitation.",LOW,3.3,NVD-CWE-Other,2024
CVE-2024-0054,"Sandro Poppi, member of the AXIS OS Bug Bounty Program, has found that the VAPIX APIs local_list.cgi, create_overlay.cgi and irissetup.cgi was vulnerable for file globbing which could lead to a resource exhaustion attack. Axis has released patched AXIS OS
versions for the highlighted flaw. Please refer to the Axis security advisory
for more information and solution.",MEDIUM,6.5,CWE-155,2024
CVE-2024-0055,"Sandro Poppi, member of the AXIS OS Bug Bounty Program, has found that the VAPIX APIs mediaclip.cgi and playclip.cgi was vulnerable for file globbing which could lead to a resource exhaustion attack. Axis has released patched AXIS OS versions for the highlighted flaw. Please refer to the Axis security advisory for more information and solution.",MEDIUM,6.5,CWE-155,2024
CVE-2024-0056,Microsoft.Data.SqlClient and System.Data.SqlClient SQL Data Provider Security Feature Bypass Vulnerability,HIGH,8.7,CWE-319,2024
CVE-2024-0057,"NET, .NET Framework, and Visual Studio Security Feature Bypass Vulnerability",CRITICAL,9.1,CWE-20,2024
CVE-2024-0066,"Johan Fagerström, member of the AXIS OS Bug Bounty Program, has found that a O3C feature may expose sensitive traffic between the client (Axis device) and (O3C) server. If O3C is not being used this flaw does not apply. 
Axis has released patched AXIS OS versions for the highlighted flaw. Please refer to the Axis security advisory for more information and solution.",MEDIUM,5.3,CWE-319,2024
CVE-2024-0067,"Marinus Pfund, member of the AXIS OS Bug Bounty Program, 
has found the VAPIX API ledlimit.cgi was vulnerable for path traversal attacks allowing to list folder/file names on the local file system of the Axis device. 
Axis has released patched AXIS OS versions for the highlighted flaw. Please refer to the Axis security advisory for more information and solution.",MEDIUM,4.3,CWE-35,2024
CVE-2024-0068,"Improper Link Resolution Before File Access ('Link Following') vulnerability in HYPR Workforce Access on MacOS allows File Manipulation.This issue affects Workforce Access: before 8.7.1.

",MEDIUM,5.5,CWE-59,2024
CVE-2024-0071,"NVIDIA GPU Display Driver for Windows contains a vulnerability in the user mode layer, where an unprivileged regular user can cause an out-of-bounds write. A successful exploit of this vulnerability may lead to code execution, denial of service, escalation of privileges, information disclosure, and data tampering.",HIGH,7.8,CWE-125,2024
CVE-2024-0072,"
NVIDIA CUDA toolkit for all platforms contains a vulnerability in cuobjdump and nvdisasm where an attacker may cause a crash by tricking a user into reading a malformed ELF file. A successful exploit of this vulnerability may lead to a partial denial of service.

",LOW,3.3,CWE-476,2024
CVE-2024-0073,"NVIDIA GPU Display Driver for Windows contains a vulnerability in the kernel mode layer when the driver is performing an operation at a privilege level that is higher than the minimum level required. A successful exploit of this vulnerability may lead to code execution, denial of service, escalation of privileges, information disclosure, and data tampering.",HIGH,7.8,CWE-250,2024
CVE-2024-0074,NVIDIA GPU Display Driver for Linux contains a vulnerability where an attacker may access a memory location after the end of the buffer. A successful exploit of this vulnerability may lead to denial of service and data tampering.,HIGH,7.1,CWE-788,2024
CVE-2024-0075,NVIDIA GPU Display Driver for Windows and Linux contains a vulnerability where a user may cause a NULL-pointer dereference by accessing passed parameters the validity of which has not been checked. A successful exploit of this vulnerability may lead to denial of service and limited information disclosure.,MEDIUM,6.1,CWE-476,2024
CVE-2024-0077,"NVIDIA Virtual GPU Manager contains a vulnerability in the vGPU plugin, where it allows a guest OS to allocate resources for which the guest OS is not authorized. A successful exploit of this vulnerability may lead to code execution, denial of service, escalation of privileges, information disclosure, and data tampering.",HIGH,7.8,CWE-285,2024
CVE-2024-0078,"NVIDIA GPU Display Driver for Windows and Linux contains a vulnerability in the kernel mode layer, where a user in a guest can cause a NULL-pointer dereference in the host, which may lead to denial of service.",MEDIUM,6.5,CWE-476,2024
CVE-2024-0079,"NVIDIA GPU Display Driver for Windows and Linux contains a vulnerability in the kernel mode layer, where a user in a guest VM can cause a NULL-pointer dereference in the host. A successful exploit of this vulnerability may lead to denial of service.",MEDIUM,6.5,CWE-476,2024
CVE-2024-0080,"
NVIDIA nvTIFF Library for Windows and Linux contains a vulnerability where improper input validation might enable an attacker to use a specially crafted input file. A successful exploit of this vulnerability might lead to a partial denial of service.

",LOW,2.8,CWE-20,2024
CVE-2024-0081,"
NVIDIA NeMo framework for Ubuntu contains a vulnerability in tools/asr_webapp where an attacker may cause an allocation of resources without limits or throttling. A successful exploit of this vulnerability may lead to a server-side denial of service.

",HIGH,8.6,CWE-770,2024
CVE-2024-0082,"NVIDIA ChatRTX for Windows contains a vulnerability in the UI, where an attacker can cause improper privilege management by sending open file requests to the application. A successful exploit of this vulnerability might lead to local escalation of privileges, information disclosure, and data tampering",HIGH,8.2,CWE-269,2024
CVE-2024-0083,"NVIDIA ChatRTX for Windows contains a vulnerability in the UI, where an attacker can cause a cross-site scripting error by network by running malicious scripts in users' browsers. A successful exploit of this vulnerability might lead to code execution, denial of service, and information disclosure.",MEDIUM,6.5,CWE-79,2024
CVE-2024-0084,"NVIDIA vGPU software for Linux contains a vulnerability in the Virtual GPU Manager, where the guest OS could execute privileged operations. A successful exploit of this vulnerability might lead to information disclosure, data tampering, escalation of privileges, and denial of service.",HIGH,7.8,CWE-250,2024
CVE-2024-0085,"NVIDIA vGPU software for Windows and Linux contains a vulnerability where unprivileged users could execute privileged operations on the host. A successful exploit of this vulnerability might lead to data tampering, escalation of privileges, and denial of service.",MEDIUM,6.3,CWE-266,2024
CVE-2024-0086,NVIDIA vGPU software for Linux contains a vulnerability where the software can dereference a NULL pointer. A successful exploit of this vulnerability might lead to denial of service and undefined behavior in the vGPU plugin.,MEDIUM,5.5,CWE-476,2024
CVE-2024-0087,"NVIDIA Triton Inference Server for Linux contains a vulnerability where a user can set the logging location to an arbitrary file. If this file exists, logs are appended to the file. A successful exploit of this vulnerability might lead to code execution, denial of service, escalation of privileges, information disclosure, and data tampering.",CRITICAL,9.0,CWE-73,2024
CVE-2024-0088,"NVIDIA Triton Inference Server for Linux contains a vulnerability in shared memory APIs, where a user can cause an improper memory access issue by a network API. A successful exploit of this vulnerability might lead to denial of service and data tampering.",MEDIUM,5.5,CWE-119,2024
CVE-2024-0089,"NVIDIA GPU Display Driver for Windows contains a vulnerability where the information from a previous client or another process could be disclosed. A successful exploit of this vulnerability might lead to code execution, information disclosure, or data tampering.",HIGH,7.8,CWE-665,2024
CVE-2024-0090,"NVIDIA GPU driver for Windows and Linux contains a vulnerability where a user can cause an out-of-bounds write. A successful exploit of this vulnerability might lead to code execution, denial of service, escalation of privileges, information disclosure, and data tampering.",HIGH,7.8,CWE-787,2024
CVE-2024-0091,"NVIDIA GPU Display Driver for Windows and Linux contains a vulnerability where a user can cause an untrusted pointer dereference by executing a driver API. A successful exploit of this vulnerability might lead to denial of service, information disclosure, and data tampering.",HIGH,7.8,CWE-822,2024
CVE-2024-0092,NVIDIA GPU Driver for Windows and Linux contains a vulnerability where an improper check or improper handling of exception conditions might lead to denial of service.,MEDIUM,5.5,CWE-703,2024
CVE-2024-0093,NVIDIA GPU software for Linux contains a vulnerability where it can expose sensitive information to an actor that is not explicitly authorized to have access to that information. A successful exploit of this vulnerability might lead to information disclosure.,MEDIUM,6.5,CWE-200,2024
CVE-2024-0094,"NVIDIA vGPU software for Linux contains a vulnerability in the Virtual GPU Manager, where an untrusted guest VM can cause improper control of the interaction frequency in the host. A successful exploit of this vulnerability might lead to denial of service.",MEDIUM,5.5,CWE-799,2024
CVE-2024-0095,"NVIDIA Triton Inference Server for Linux and Windows contains a vulnerability where a user can inject forged logs and executable commands by injecting arbitrary data as a new log entry. A successful exploit of this vulnerability might lead to code execution, denial of service, escalation of privileges, information disclosure, and data tampering.",CRITICAL,9.0,CWE-117,2024
CVE-2024-0096,"NVIDIA ChatRTX for Windows contains a vulnerability in Chat RTX UI, where a user can cause an improper privilege management issue by sending user inputs to change execution flow. A successful exploit of this vulnerability might lead to information disclosure, escalation of privileges, and data tampering.",HIGH,7.5,CWE-269,2024
CVE-2024-0097,"NVIDIA ChatRTX for Windows contains a vulnerability in ChatRTX UI, where a user can cause an improper privilege management issue by exploiting interprocess communication between different processes. A successful exploit of this vulnerability might lead to information disclosure, escalation of privileges, and data tampering.",HIGH,7.5,CWE-269,2024
CVE-2024-0098,"NVIDIA ChatRTX for Windows contains a vulnerability in the ChatRTX UI and backend, where a user can cause a clear-text transmission of sensitive information issue by data sniffing. A successful exploit of this vulnerability might lead to information disclosure.",MEDIUM,5.5,CWE-319,2024
CVE-2024-0099,"NVIDIA vGPU software for Linux contains a vulnerability in the Virtual GPU Manager, where the guest OS could cause buffer overrun in the host. A successful exploit of this vulnerability might lead to information disclosure, data tampering, escalation of privileges, and denial of service.",HIGH,7.8,CWE-120,2024
CVE-2024-0100,"NVIDIA Triton Inference Server for Linux contains a vulnerability in the tracing API, where a user can corrupt system files. A successful exploit of this vulnerability might lead to denial of service and data tampering.",MEDIUM,6.5,CWE-73,2024
CVE-2024-0101,"NVIDIA Mellanox OS, ONYX, Skyway, MetroX-2 and MetroX-3 XC contain a vulnerability in ipfilter, where improper ipfilter definitions could enable an attacker to cause a failure by attacking the switch. A successful exploit of this vulnerability might lead to denial of service.",HIGH,7.5,CWE-693,2024
CVE-2024-0102,"NVIDIA CUDA Toolkit for all platforms contains a vulnerability in nvdisasm, where an attacker can cause an out-of-bounds read issue by deceiving a user into reading a malformed ELF file. A successful exploit of this vulnerability might lead to denial of service.",LOW,3.3,CWE-125,2024
CVE-2024-0103,NVIDIA Triton Inference Server for Linux contains a vulnerability where a user may cause an incorrect Initialization of resource by network issue. A successful exploit of this vulnerability may lead to information disclosure.,MEDIUM,5.4,NVD-CWE-Other,2024
CVE-2024-0104,"NVIDIA Mellanox OS, ONYX, Skyway, MetroX-2 and MetroX-3 XC contain a vulnerability in the LDAP AAA component, where a user can cause improper access. A successful exploit of this vulnerability might lead to information disclosure, data tampering, and escalation of privileges.",MEDIUM,4.2,CWE-284,2024
CVE-2024-0105,"NVIDIA ConnectX Firmware contains a vulnerability where an attacker may cause an improper handling of insufficient privileges issue. A successful exploit of this vulnerability may lead to denial of service, data tampering, and limited information disclosure.",HIGH,8.9,CWE-274,2024
CVE-2024-0106,"NVIDIA ConnectX Host Firmware for the BlueField Data Processing Unit (DPU) contains a vulnerability where an attacker may cause an improper handling of insufficient privileges issue. A successful exploit of this vulnerability may lead to denial of service, data tampering, and limited information disclosure.",HIGH,8.7,CWE-274,2024
CVE-2024-0107,"NVIDIA GPU Display Driver for Windows contains a vulnerability in the user mode layer, where an unprivileged regular user can cause an out-of-bounds read. A successful exploit of this vulnerability might lead to code execution, denial of service, escalation of privileges, information disclosure, and data tampering.",HIGH,7.8,CWE-125,2024
CVE-2024-0108,"NVIDIA Jetson Linux contains a vulnerability in NvGPU where error handling paths in GPU MMU mapping code fail to clean up a failed mapping attempt. A successful exploit of this vulnerability may lead to denial of service, code execution, and escalation of privileges.",HIGH,8.7,CWE-755,2024
CVE-2024-0109,NVIDIA CUDA Toolkit contains a vulnerability in command `cuobjdump` where a user may cause a crash by passing in a malformed ELF file. A successful exploit of this vulnerability may cause an out of bounds read in the unprivileged process memory which could lead to a limited denial of service.,LOW,3.3,CWE-125,2024
CVE-2024-0110,NVIDIA CUDA Toolkit contains a vulnerability in command `cuobjdump` where a user may cause an out-of-bound write by passing in a malformed ELF file. A successful exploit of this vulnerability may lead to code execution or denial of service.,MEDIUM,4.4,CWE-787,2024
CVE-2024-0111,NVIDIA CUDA Toolkit contains a vulnerability in command 'cuobjdump' where a user may cause a crash or produce incorrect output by passing a malformed ELF file. A successful exploit of this vulnerability may lead to a limited denial of service or data tampering.,MEDIUM,4.4,CWE-1284,2024
CVE-2024-0112,"NVIDIA Jetson AGX Orin™ and NVIDIA IGX Orin software contain a vulnerability where an attacker can cause an improper input validation issue by escalating certain permissions to a limited degree. A successful exploit of this vulnerability might lead to code execution, denial of service, data corruption, information disclosure, or escalation of privilege.",HIGH,7.5,CWE-20,2024
CVE-2024-0113,"NVIDIA Mellanox OS, ONYX, Skyway, and MetroX-3 XCC contain a vulnerability in the web support, where an attacker can cause a CGI path traversal by a specially crafted URI. A successful exploit of this vulnerability might lead to escalation of privileges and information disclosure.",HIGH,7.5,CWE-35,2024
CVE-2024-0114,"NVIDIA Hopper HGX for 8-GPU contains a vulnerability in the HGX Management Controller (HMC) that may allow a malicious actor with administrative access on the BMC to access the HMC as an administrator. A successful exploit of this vulnerability may lead to code execution, denial of service, escalation of privileges, information disclosure, and data tampering.",HIGH,8.1,CWE-1244,2024
CVE-2024-0115,"NVIDIA CV-CUDA for Ubuntu 20.04, Ubuntu 22.04, and Jetpack contains a vulnerability in Python APIs where a user may cause an uncontrolled resource consumption issue by a long running CV-CUDA Python process. A successful exploit of this vulnerability may lead to denial of service and data loss.",MEDIUM,6.1,CWE-400,2024
CVE-2024-0116,NVIDIA Triton Inference Server contains a vulnerability where a user may cause an out-of-bounds read issue by releasing a shared memory region while it is in use. A successful exploit of this vulnerability may lead to denial of service.,MEDIUM,4.9,CWE-125,2024
CVE-2024-0122,NVIDIA Delegated Licensing Service for all appliance platforms contains a vulnerability where an attacker may cause an unauthorized action. A successful exploit of this vulnerability may lead to partial denial of service and confidential information disclosure.,HIGH,7.6,CWE-862,2024
CVE-2024-0123,NVIDIA CUDA toolkit for Windows and Linux contains a vulnerability in the nvdisasm command line tool where an attacker may cause an improper validation in input issue by tricking the user into running nvdisasm on a malicious ELF file. A successful exploit of this vulnerability may lead to denial of service.,LOW,3.3,CWE-1285,2024
CVE-2024-0124,"NVIDIA CUDA Toolkit for Windows and Linux contains a vulnerability in the nvdisam command line tool, where a user can cause nvdisasm to read freed memory by running it on a malformed ELF file. A successful exploit of this vulnerability might lead to a limited denial of service.",LOW,3.3,CWE-416,2024
CVE-2024-0125,"NVIDIA CUDA Toolkit for Windows and Linux contains a vulnerability in the nvdisam command line tool, where a user can cause a NULL pointer dereference by running nvdisasm on a malformed ELF file. A successful exploit of this vulnerability might lead to a limited denial of service.",LOW,3.3,CWE-476,2024
CVE-2024-0126,"NVIDIA GPU Display Driver for Windows and Linux contains a vulnerability which could allow a privileged attacker to escalate permissions. A successful exploit of this vulnerability might lead to code execution, denial of service, escalation of privileges, information disclosure, and data tampering.",HIGH,8.2,CWE-20,2024
CVE-2024-0127,"NVIDIA vGPU software contains a vulnerability in the GPU kernel driver of the vGPU Manager for all supported hypervisors, where a user of the guest OS can cause an improper input validation by compromising the guest OS kernel. A successful exploit of this vulnerability might lead to code execution, escalation of privileges, data tampering, denial of service, and information disclosure.",HIGH,7.8,CWE-20,2024
CVE-2024-0128,"NVIDIA vGPU software contains a vulnerability in the Virtual GPU Manager that allows a user of the guest OS to access global resources. A successful exploit of this vulnerability might lead to information disclosure, data tampering, and escalation of privileges.",HIGH,7.1,CWE-732,2024
CVE-2024-0129,NVIDIA NeMo contains a vulnerability in SaveRestoreConnector where a user may cause a path traversal issue via an unsafe .tar file extraction. A successful exploit of this vulnerability may lead to code execution and data tampering.,MEDIUM,6.3,CWE-22,2024
CVE-2024-0130,"NVIDIA UFM Enterprise, UFM Appliance, and UFM CyberAI contain a vulnerability where an attacker can cause an improper authentication issue by sending a malformed request through the Ethernet management interface. A successful exploit of this vulnerability might lead to escalation of privileges, data tampering, denial of service, and information disclosure.",HIGH,8.8,CWE-287,2024
CVE-2024-0131,NVIDIA GPU kernel driver for Windows and Linux contains a vulnerability where a potential user-mode attacker could read  a buffer with an incorrect length. A successful exploit of this vulnerability might lead to denial of service.,MEDIUM,4.4,CWE-805,2024
CVE-2024-0132,"NVIDIA Container Toolkit 1.16.1 or earlier contains a Time-of-check Time-of-Use (TOCTOU) vulnerability when used with default configuration where a specifically crafted container image may gain access to the host file system. This does not impact use cases where CDI is used. A successful exploit of this vulnerability may lead to code execution, denial of service, escalation of privileges, information disclosure, and data tampering.",CRITICAL,9.0,CWE-367,2024
CVE-2024-0133,NVIDIA Container Toolkit 1.16.1 or earlier contains a vulnerability in the default mode of operation allowing a specially crafted container image to create empty files on the host file system. This does not impact use cases where CDI is used. A successful exploit of this vulnerability may lead to data tampering.,MEDIUM,4.1,CWE-367,2024
CVE-2024-0134,NVIDIA Container Toolkit and NVIDIA GPU Operator for Linux contain a UNIX vulnerability where a specially crafted container image can lead to the creation of unauthorized files on the host. The name and location of the files cannot be controlled by an attacker. A successful exploit of this vulnerability might lead to data tampering.,MEDIUM,4.1,CWE-61,2024
CVE-2024-0135,"NVIDIA Container Toolkit contains an improper isolation vulnerability where a specially crafted container image could lead to modification of a host binary. A successful exploit of this vulnerability may lead to code execution, denial of service, escalation of privileges, information disclosure, and data tampering.",HIGH,7.6,CWE-653,2024
CVE-2024-0136,"NVIDIA Container Toolkit contains an improper isolation vulnerability where a specially crafted container image could lead to untrusted code obtaining read and write access to host devices. This vulnerability is present only when the NVIDIA Container Toolkit is configured in a nondefault way. A successful exploit of this vulnerability may lead to code execution, denial of service, escalation of privileges, information disclosure, and data tampering.",HIGH,7.6,CWE-653,2024
CVE-2024-0137,NVIDIA Container Toolkit contains an improper isolation vulnerability where a specially crafted container image could lead to untrusted code running in the host’s network namespace. This vulnerability is present only when the NVIDIA Container Toolkit is configured in a nondefault way. A successful exploit of this vulnerability may lead to denial of service and escalation of privileges.,MEDIUM,5.5,CWE-653,2024
CVE-2024-0138,"NVIDIA Base Command Manager contains a missing authentication vulnerability in the CMDaemon component. A successful exploit of this vulnerability might lead to code execution, denial of service, escalation of privileges, information disclosure, and data tampering.",CRITICAL,9.8,CWE-862,2024
CVE-2024-0139,NVIDIA Base Command Manager and Bright Cluster Manager for Linux contain an insecure temporary file vulnerability. A successful exploit of this vulnerability might lead to denial of service.,MEDIUM,4.4,N/A,2024
CVE-2024-0140,"NVIDIA RAPIDS contains a vulnerability in cuDF and cuML, where a user could cause a deserialization of untrusted data issue. A successful exploit of this vulnerability might lead to code execution, data tampering, denial of service, and information disclosure.",MEDIUM,6.8,CWE-502,2024
CVE-2024-0141,NVIDIA Hopper HGX for 8-GPU contains a vulnerability in the GPU vBIOS that may allow a malicious actor with tenant level GPU access to write to an unsupported registry causing a bad state. A successful exploit of this vulnerability may lead to denial of service.,MEDIUM,6.8,CWE-782,2024
CVE-2024-0142,NVIDIA nvJPEG2000 library contains a vulnerability where an attacker can cause an out-of-bounds write issue by means of a specially crafted JPEG2000 file. A successful exploit of this vulnerability might lead to code execution and data tampering.,MEDIUM,6.8,CWE-787,2024
CVE-2024-0144,NVIDIA nvJPEG2000 library contains a vulnerability where an attacker can cause a buffer overflow issue by means of a specially crafted JPEG2000 file. A successful exploit of this vulnerability might lead to data tampering.,MEDIUM,6.8,CWE-120,2024
CVE-2024-0145,NVIDIA nvJPEG2000 library contains a vulnerability where an attacker can cause a heap-based buffer overflow issue by means of a specially crafted JPEG2000 file. A successful exploit of this vulnerability might lead to code execution and data tampering.,MEDIUM,6.8,CWE-122,2024
CVE-2024-0146,"NVIDIA vGPU software contains a vulnerability in the Virtual GPU Manager, where a malicious guest could cause memory corruption. A successful exploit of this vulnerability might lead to code execution, denial of service, information disclosure, or data tampering.",HIGH,7.8,CWE-120,2024
CVE-2024-0147,NVIDIA GPU display driver for Windows and Linux contains a vulnerability where referencing memory after it has been freed can lead to denial of service or data tampering.,MEDIUM,5.5,CWE-416,2024
CVE-2024-0148,"NVIDIA Jetson Linux and IGX OS image contains a vulnerability in the UEFI firmware RCM boot mode, where an unprivileged attacker with physical access to the device could load untrusted code. A successful exploit might lead to code execution, escalation of privileges, data tampering, denial of service, and information disclosure. The scope of the impacts can extend to other components.",HIGH,7.6,CWE-447,2024
CVE-2024-0149,NVIDIA GPU Display Driver for Linux contains a vulnerability which could allow an attacker unauthorized access to files. A successful exploit of this vulnerability might lead to limited information disclosure.,LOW,3.3,CWE-125,2024
CVE-2024-0150,"NVIDIA GPU display driver for Windows and Linux contains a vulnerability where data is written past the end or before the beginning of a buffer. A successful exploit of this vulnerability might lead to information disclosure, denial of service, or data tampering.",HIGH,7.1,CWE-787,2024
CVE-2024-0151,"Insufficient argument checking in Secure state Entry functions in software using Cortex-M Security Extensions (CMSE), that has been compiled using toolchains that implement 'Arm v8-M Security Extensions Requirements on Development Tools' prior to version 1.4, allows an attacker to pass values to Secure state that are out of range for types smaller than 32-bits. Out of range values might lead to incorrect operations in secure state.",MEDIUM,6.5,CWE-241,2024
CVE-2024-0153,"Improper Restriction of Operations within the Bounds of a Memory Buffer vulnerability in Arm Ltd Valhall GPU Firmware, Arm Ltd Arm 5th Gen GPU Architecture Firmware allows a local non-privileged user to make improper GPU processing operations to access a limited amount outside of buffer bounds. If the operations are carefully prepared, then this in turn could give them access to all system memory. This issue affects Valhall GPU Firmware: from r29p0 through r46p0; Arm 5th Gen GPU Architecture Firmware: from r41p0 through r46p0.",HIGH,7.8,CWE-119,2024
CVE-2024-0154,Dell PowerEdge Server BIOS and Dell Precision Rack BIOS contain an improper parameter initialization vulnerability. A local low privileged attacker could potentially exploit this vulnerability to read the contents of non-SMM stack memory.,LOW,3.8,CWE-788,2024
CVE-2024-0155,"Dell Digital Delivery, versions prior to 5.2.0.0, contain a Use After Free Vulnerability. A local low privileged attacker could potentially exploit this vulnerability, leading to application crash or execution of arbitrary code.",HIGH,7.0,CWE-416,2024
CVE-2024-0156,"Dell Digital Delivery, versions prior to 5.2.0.0, contain a Buffer Overflow Vulnerability. A local low privileged attacker could potentially exploit this vulnerability, leading to arbitrary code execution and/or privilege escalation.",HIGH,7.0,CWE-122,2024
CVE-2024-0157,"Dell Storage Resource Manager, 4.9.0.0 and below, contain(s) a Session Fixation Vulnerability in SRM Windows Host Agent. An adjacent network unauthenticated attacker could potentially exploit this vulnerability, leading to the hijack of a targeted user's application session.",MEDIUM,5.9,CWE-400,2024
CVE-2024-0158,"Dell BIOS contains an improper input validation vulnerability. A local authenticated malicious user with admin privileges may potentially exploit this vulnerability to modify a UEFI variable, leading to denial of service and escalation of privileges",MEDIUM,5.1,CWE-20,2024
CVE-2024-0159,"Dell Alienware Command Center, versions 5.5.52.0 and prior, contain improper access control vulnerability, leading to Denial of Service on local system.",MEDIUM,6.7,CWE-1107,2024
CVE-2024-0160,Dell Client Platform contains an incorrect authorization vulnerability. An attacker with physical access to the system could potentially exploit this vulnerability by bypassing BIOS authorization to modify settings in the BIOS.,MEDIUM,6.8,CWE-863,2024
CVE-2024-0161,Dell PowerEdge Server BIOS and Dell Precision Rack BIOS contain an Improper SMM communication buffer verification vulnerability. A local low privileged attacker could potentially exploit this vulnerability leading to arbitrary writes to SMRAM.,HIGH,7.2,CWE-20,2024
CVE-2024-0162,Dell PowerEdge Server BIOS and Dell Precision Rack BIOS contain an Improper SMM communication buffer verification vulnerability. A local low privileged attacker could potentially exploit this vulnerability leading to out-of-bound read/writes to SMRAM.,MEDIUM,5.3,CWE-119,2024
CVE-2024-0163,Dell PowerEdge Server BIOS and Dell Precision Rack BIOS contain a TOCTOU race condition vulnerability. A local low privileged attacker could potentially exploit this vulnerability to gain access to otherwise unauthorized resources.,MEDIUM,5.3,CWE-367,2024
CVE-2024-0164,"
Dell Unity, versions prior to 5.4, contain an OS Command Injection Vulnerability in its svc_topstats utility. An authenticated attacker could potentially exploit this vulnerability, leading to the execution of arbitrary commands with elevated privileges.

",HIGH,7.8,CWE-78,2024
CVE-2024-0165,"
Dell Unity, versions prior to 5.4, contains an OS Command Injection Vulnerability in its svc_acldb_dump utility. An authenticated attacker could potentially exploit this vulnerability, leading to execution of arbitrary operating system commands with root privileges.

",HIGH,7.8,CWE-78,2024
CVE-2024-0166,"
Dell Unity, versions prior to 5.4, contains an OS Command Injection Vulnerability in its svc_tcpdump utility. An authenticated attacker could potentially exploit this vulnerability, leading to the execution of arbitrary OS commands with elevated privileges.

",HIGH,7.8,CWE-78,2024
CVE-2024-0167,"
Dell Unity, versions prior to 5.4, contains an OS Command Injection Vulnerability in the svc_topstats utility. An authenticated attacker could potentially exploit this vulnerability, leading to the ability to overwrite arbitrary files on the file system with root privileges.

",HIGH,7.8,CWE-78,2024
CVE-2024-0168,"
Dell Unity, versions prior to 5.4, contains a Command Injection Vulnerability in svc_oscheck utility. An authenticated attacker could potentially exploit this vulnerability, leading to the ability to inject arbitrary operating system commands. This vulnerability allows an authenticated attacker to execute commands with root privileges.

",HIGH,7.8,CWE-78,2024
CVE-2024-0169,"Dell Unity, version(s) 5.3 and prior, contain(s) an Improper Neutralization of Input During Web Page Generation ('Cross-site Scripting') vulnerability. A low privileged attacker with remote access could potentially exploit this vulnerability, leading to Information exposure.",MEDIUM,5.7,CWE-79,2024
CVE-2024-0170,"
Dell Unity, versions prior to 5.4, contains an OS Command Injection Vulnerability in its svc_cava utility. An authenticated attacker could potentially exploit this vulnerability, escaping the restricted shell and execute arbitrary operating system commands with root privileges.

",HIGH,7.8,CWE-78,2024
CVE-2024-0171,Dell PowerEdge Server BIOS contains an TOCTOU race condition vulnerability. A local low privileged attacker could potentially exploit this vulnerability to gain access to otherwise unauthorized resources.,MEDIUM,5.3,CWE-367,2024
CVE-2024-0172,"Dell PowerEdge Server BIOS and Dell Precision Rack BIOS contain an improper privilege management security vulnerability. An unauthenticated local attacker could potentially exploit this vulnerability, leading to privilege escalation.",HIGH,7.9,CWE-269,2024
CVE-2024-0179,"SMM Callout vulnerability within the AmdCpmDisplayFeatureSMM driver could allow locally authenticated attackers to overwrite SMRAM, potentially resulting in arbitrary code execution.",HIGH,8.2,CWE-20,2024
CVE-2024-0181,A vulnerability was found in RRJ Nueva Ecija Engineer Online Portal 1.0. It has been declared as problematic. Affected by this vulnerability is an unknown functionality of the file /admin/admin_user.php of the component Admin Panel. The manipulation of the argument Firstname/Lastname/Username leads to cross site scripting. The attack can be launched remotely. The exploit has been disclosed to the public and may be used. The identifier VDB-249433 was assigned to this vulnerability.,LOW,2.4,CWE-79,2024
CVE-2024-0182,A vulnerability was found in SourceCodester Engineers Online Portal 1.0 and classified as critical. Affected by this issue is some unknown functionality of the file /admin/ of the component Admin Login. The manipulation of the argument username/password leads to sql injection. The attack may be launched remotely. The identifier of this vulnerability is VDB-249440.,HIGH,7.3,CWE-89,2024
CVE-2024-0183,A vulnerability was found in RRJ Nueva Ecija Engineer Online Portal 1.0. It has been classified as problematic. This affects an unknown part of the file /admin/students.php of the component NIA Office. The manipulation leads to basic cross site scripting. It is possible to initiate the attack remotely. The exploit has been disclosed to the public and may be used. The identifier VDB-249441 was assigned to this vulnerability.,LOW,2.4,CWE-80,2024
CVE-2024-0184,A vulnerability was found in RRJ Nueva Ecija Engineer Online Portal 1.0. It has been declared as problematic. This vulnerability affects unknown code of the file /admin/edit_teacher.php of the component Add Enginer. The manipulation of the argument Firstname/Lastname leads to cross site scripting. The attack can be initiated remotely. The exploit has been disclosed to the public and may be used. VDB-249442 is the identifier assigned to this vulnerability.,LOW,2.4,CWE-79,2024
CVE-2024-0185,A vulnerability was found in RRJ Nueva Ecija Engineer Online Portal 1.0. It has been rated as critical. This issue affects some unknown processing of the file dasboard_teacher.php of the component Avatar Handler. The manipulation leads to unrestricted upload. The attack may be initiated remotely. The exploit has been disclosed to the public and may be used. The associated identifier of this vulnerability is VDB-249443.,MEDIUM,4.7,CWE-434,2024
CVE-2024-0186,A vulnerability classified as problematic has been found in HuiRan Host Reseller System up to 2.0.0. Affected is an unknown function of the file /user/index/findpass?do=4 of the component HTTP POST Request Handler. The manipulation leads to weak password recovery. It is possible to launch the attack remotely. The complexity of an attack is rather high. The exploitability is told to be difficult. The exploit has been disclosed to the public and may be used. The identifier of this vulnerability is VDB-249444.,LOW,3.7,CWE-640,2024
CVE-2024-0187,"The Community by PeepSo WordPress plugin before 6.3.1.2 does not sanitise and escape various parameters and generated URLs before outputting them back attributes, leading to a Reflected Cross-Site Scripting which could be used against high privilege users such as admin",MEDIUM,6.1,CWE-79,2024
CVE-2024-0188,"A vulnerability, which was classified as problematic, was found in RRJ Nueva Ecija Engineer Online Portal 1.0. This affects an unknown part of the file change_password_teacher.php. The manipulation leads to weak password requirements. It is possible to initiate the attack remotely. The complexity of an attack is rather high. The exploitability is told to be difficult. The exploit has been disclosed to the public and may be used. The identifier VDB-249501 was assigned to this vulnerability.",LOW,3.1,CWE-521,2024
CVE-2024-0189,A vulnerability has been found in RRJ Nueva Ecija Engineer Online Portal 1.0 and classified as problematic. This vulnerability affects unknown code of the file teacher_message.php of the component Create Message Handler. The manipulation of the argument Content with the input </title><scRipt>alert(x)</scRipt> leads to cross site scripting. The attack can be initiated remotely. The exploit has been disclosed to the public and may be used. VDB-249502 is the identifier assigned to this vulnerability.,LOW,3.5,CWE-79,2024
CVE-2024-0190,A vulnerability was found in RRJ Nueva Ecija Engineer Online Portal 1.0 and classified as problematic. This issue affects some unknown processing of the file add_quiz.php of the component Quiz Handler. The manipulation of the argument Quiz Title/Quiz Description with the input </title><scRipt>alert(x)</scRipt> leads to cross site scripting. The attack may be initiated remotely. The exploit has been disclosed to the public and may be used. The associated identifier of this vulnerability is VDB-249503.,LOW,3.5,CWE-79,2024
CVE-2024-0191,A vulnerability was found in RRJ Nueva Ecija Engineer Online Portal 1.0. It has been classified as problematic. Affected is an unknown function of the file /admin/uploads/. The manipulation leads to file and directory information exposure. It is possible to launch the attack remotely. The exploit has been disclosed to the public and may be used. The identifier of this vulnerability is VDB-249504.,MEDIUM,5.3,CWE-538,2024
CVE-2024-0192,A vulnerability was found in RRJ Nueva Ecija Engineer Online Portal 1.0. It has been declared as critical. Affected by this vulnerability is an unknown functionality of the file downloadable.php of the component Add Downloadable. The manipulation leads to unrestricted upload. The attack can be launched remotely. The exploit has been disclosed to the public and may be used. The identifier VDB-249505 was assigned to this vulnerability.,MEDIUM,6.3,CWE-434,2024
CVE-2024-0193,"A use-after-free flaw was found in the netfilter subsystem of the Linux kernel. If the catchall element is garbage-collected when the pipapo set is removed, the element can be deactivated twice. This can cause a use-after-free issue on an NFT_CHAIN object or NFT_OBJECT object, allowing a local unprivileged user with CAP_NET_ADMIN capability to escalate their privileges on the system.",HIGH,7.8,CWE-416,2024
CVE-2024-0194,"A vulnerability, which was classified as critical, has been found in CodeAstro Internet Banking System up to 1.0. This issue affects some unknown processing of the file pages_account.php of the component Profile Picture Handler. The manipulation leads to unrestricted upload. The attack may be initiated remotely. The exploit has been disclosed to the public and may be used. The identifier VDB-249509 was assigned to this vulnerability.",MEDIUM,6.3,CWE-434,2024
CVE-2024-0195,"A vulnerability, which was classified as critical, was found in spider-flow 0.4.3. Affected is the function FunctionService.saveFunction of the file src/main/java/org/spiderflow/controller/FunctionController.java. The manipulation leads to code injection. It is possible to launch the attack remotely. The exploit has been disclosed to the public and may be used. VDB-249510 is the identifier assigned to this vulnerability.",MEDIUM,6.3,CWE-94,2024
CVE-2024-0196,A vulnerability has been found in Magic-Api up to 2.0.1 and classified as critical. Affected by this vulnerability is an unknown functionality of the file /resource/file/api/save?auto=1. The manipulation leads to code injection. The attack can be launched remotely. The exploit has been disclosed to the public and may be used. The associated identifier of this vulnerability is VDB-249511.,MEDIUM,6.3,CWE-94,2024
CVE-2024-0197,"A flaw in the installer for Thales SafeNet Sentinel HASP LDK prior to 9.16 on Windows allows an attacker to escalate their privilege level via local access.

",HIGH,7.8,CWE-269,2024
CVE-2024-0199,"An authorization bypass vulnerability was discovered in GitLab affecting versions 11.3 prior to 16.7.7, 16.7.6 prior to 16.8.4, and 16.8.3 prior to 16.9.2. An attacker could bypass CODEOWNERS by utilizing a crafted payload in an old feature branch to perform malicious actions.",HIGH,7.7,CWE-863,2024
CVE-2024-0200,"An unsafe reflection vulnerability was identified in GitHub Enterprise Server that could lead to reflection injection. This vulnerability could lead to the execution of user-controlled methods and remote code execution. To exploit this bug, an actor would need to be logged into an account on the GHES instance with the organization owner role. This vulnerability affected all versions of GitHub Enterprise Server prior to 3.12 and was fixed in versions 3.8.13, 3.9.8, 3.10.5, and 3.11.3. This vulnerability was reported via the GitHub Bug Bounty program.

",HIGH,7.2,CWE-470,2024
CVE-2024-0201,"The Product Expiry for WooCommerce plugin for WordPress is vulnerable to unauthorized modification of data due to a missing capability check on the 'save_settings' function in versions up to, and including, 2.5. This makes it possible for authenticated attackers, with subscriber-level permissions or above to update plugin settings.",MEDIUM,5.4,CWE-862,2024
CVE-2024-0202,"A security vulnerability has been identified in the cryptlib cryptographic library when cryptlib is compiled with the support for RSA key exchange ciphersuites in TLS (by setting the USE_RSA_SUITES define), it will be vulnerable to the timing variant of the Bleichenbacher attack. An attacker that is able to perform a large number of connections to the server will be able to decrypt RSA ciphertexts or forge signatures using server's certificate.",MEDIUM,5.9,CWE-208,2024
CVE-2024-0203,"The Digits plugin for WordPress is vulnerable to Cross-Site Request Forgery in versions up to, and including, 8.4.1. This is due to missing nonce validation in the 'digits_save_settings' function. This makes it possible for unauthenticated attackers to modify the default role of registered users to elevate user privileges via a forged request granted they can trick a site administrator into performing an action such as clicking on a link.",HIGH,8.8,CWE-352,2024
CVE-2024-0204,Authentication bypass in Fortra's GoAnywhere MFT prior to 7.4.1 allows an unauthorized user to create an admin user via the administration portal.,CRITICAL,9.8,CWE-425,2024
CVE-2024-0206,"
A symbolic link manipulation vulnerability in Trellix Anti-Malware Engine prior to the January 2024 release allows an authenticated local user to potentially gain an escalation of privileges. This was achieved by adding an entry to the registry under the Trellix ENS registry folder with a symbolic link to files that the user wouldn't normally have permission to. After a scan, the Engine would follow the links and remove the files

",HIGH,7.1,CWE-59,2024
CVE-2024-0207,HTTP3 dissector crash in Wireshark 4.2.0 allows denial of service via packet injection or crafted capture file,HIGH,7.8,CWE-125,2024
CVE-2024-0208,"GVCP dissector crash in Wireshark 4.2.0, 4.0.0 to 4.0.11, and 3.6.0 to 3.6.19 allows denial of service via packet injection or crafted capture file",HIGH,7.8,CWE-230,2024
CVE-2024-0209,"IEEE 1609.2 dissector crash in Wireshark 4.2.0, 4.0.0 to 4.0.11, and 3.6.0 to 3.6.19 allows denial of service via packet injection or crafted capture file",HIGH,7.8,CWE-476,2024
CVE-2024-0210,Zigbee TLV dissector crash in Wireshark 4.2.0 allows denial of service via packet injection or crafted capture file,HIGH,7.8,CWE-674,2024
CVE-2024-0211,DOCSIS dissector crash in Wireshark 4.2.0 allows denial of service via packet injection or crafted capture file,HIGH,7.8,CWE-835,2024
CVE-2024-0212,"The Cloudflare Wordpress plugin was found to be vulnerable to improper authentication. The vulnerability enables attackers with a lower privileged account to access data from the Cloudflare API.
",HIGH,8.1,CWE-284,2024
CVE-2024-0213,"
A buffer overflow vulnerability in TA for Linux and TA for MacOS prior to 5.8.1 allows a local user to gain elevated permissions, or cause a Denial of Service (DoS), through exploiting a memory corruption issue in the TA service, which runs as root. This may also result in the disabling of event reporting to ePO, caused by failure to validate input from the file correctly. 

",HIGH,8.2,CWE-120,2024
CVE-2024-0216,"The Google Doc Embedder plugin for WordPress is vulnerable to Server Side Request Forgery via the 'gview' shortcode in versions up to, and including, 2.6.4. This can allow authenticated attackers with contributor-level permissions or above to make web requests to arbitrary locations originating from the web application and can be used to query and modify information from internal services.",MEDIUM,6.4,N/A,2024
CVE-2024-0217,"A use-after-free flaw was found in PackageKitd. In some conditions, the order of cleanup mechanics for a transaction could be impacted. As a result, some memory access could occur on memory regions that were previously freed. Once freed, a memory region can be reused for other allocations and any previously stored data in this memory region is considered lost.",LOW,3.3,CWE-416,2024
CVE-2024-0218,"A Denial of Service (Dos) vulnerability in Nozomi Networks Guardian, caused by improper input validation in certain fields used in the Radius parsing functionality of our IDS, allows an unauthenticated attacker sending specially crafted malformed network packets to cause the IDS module to stop updating nodes, links, and assets.



Network traffic may not be analyzed until the IDS module is restarted.",HIGH,7.5,CWE-1286,2024
CVE-2024-0219,"In Telerik JustDecompile versions prior to 2024 R1, a privilege elevation vulnerability has been identified in the applications installer component.  In an environment where an existing Telerik JustDecompile install is present, a lower privileged user has the ability to manipulate the installation package to elevate their privileges on the underlying operating system.",HIGH,7.8,CWE-269,2024
CVE-2024-0220,B&R Automation Studio Upgrade Service and B&R Technology Guarding use insufficient cryptography for communication to the upgrade and the licensing servers. A network-based attacker could exploit the vulnerability to execute arbitrary code on the products or sniff sensitive data.,HIGH,8.3,CWE-94,2024
CVE-2024-0221,"The Photo Gallery by 10Web – Mobile-Friendly Image Gallery plugin for WordPress is vulnerable to Directory Traversal in all versions up to, and including, 1.8.19 via the rename_item function. This makes it possible for authenticated attackers to rename arbitrary files on the server. This can lead to site takeovers if the wp-config.php file of a site can be renamed. By default this can be exploited by administrators only. In the premium version of the plugin, administrators can give gallery management permissions to lower level users, which might make this exploitable by users as low as contributors.",CRITICAL,9.1,CWE-22,2024
CVE-2024-0222,Use after free in ANGLE in Google Chrome prior to 120.0.6099.199 allowed a remote attacker who had compromised the renderer process to potentially exploit heap corruption via a crafted HTML page. (Chromium security severity: High),HIGH,8.8,CWE-416,2024
CVE-2024-0223,Heap buffer overflow in ANGLE in Google Chrome prior to 120.0.6099.199 allowed a remote attacker to potentially exploit heap corruption via a crafted HTML page. (Chromium security severity: High),HIGH,8.8,CWE-787,2024
CVE-2024-0224,Use after free in WebAudio in Google Chrome prior to 120.0.6099.199 allowed a remote attacker to potentially exploit heap corruption via a crafted HTML page. (Chromium security severity: High),HIGH,8.8,CWE-416,2024
CVE-2024-0225,Use after free in WebGPU in Google Chrome prior to 120.0.6099.199 allowed a remote attacker to potentially exploit heap corruption via a crafted HTML page. (Chromium security severity: High),HIGH,8.8,CWE-416,2024
CVE-2024-0226,Synopsys Seeker versions prior to 2023.12.0 are vulnerable to a stored cross-site scripting vulnerability through a specially crafted payload.,MEDIUM,4.8,CWE-79,2024
CVE-2024-0229,"An out-of-bounds memory access flaw was found in the X.Org server. This issue can be triggered when a device frozen by a sync grab is reattached to a different master device. This issue may lead to an application crash, local privilege escalation (if the server runs with extended privileges), or remote code execution in SSH X11 forwarding environments.",HIGH,7.8,CWE-787,2024
CVE-2024-0230,A session management issue was addressed with improved checks. This issue is fixed in Magic Keyboard Firmware Update 2.0.6. An attacker with physical access to the accessory may be able to extract its Bluetooth pairing key and monitor Bluetooth traffic.,LOW,2.4,NVD-CWE-noinfo,2024
CVE-2024-0231,"A resource misdirection vulnerability in GitLab CE/EE versions 12.0 prior to 17.0.5, 17.1 prior to 17.1.3, and 17.2 prior to 17.2.1 allows an attacker to craft a repository import in such a way as to misdirect commits.",LOW,2.7,CWE-99,2024
CVE-2024-0232,"A heap use-after-free issue has been identified in SQLite in the jsonParseAddNodeArray() function in sqlite3.c. This flaw allows a local attacker to leverage a victim to pass specially crafted malicious input to the application, potentially causing a crash and leading to a denial of service.",MEDIUM,4.7,CWE-416,2024
CVE-2024-0233,"The EventON WordPress plugin before 4.5.5, EventON WordPress plugin before 2.2.7 do not properly sanitise and escape a parameter before outputting it back in pages, leading to a Reflected Cross-Site Scripting which could be used against high privilege users such as admin",MEDIUM,6.1,CWE-79,2024
CVE-2024-0235,"The EventON WordPress plugin before 4.5.5, EventON WordPress plugin before 2.2.7 do not have authorisation in an AJAX action, allowing unauthenticated users to retrieve email addresses of any users on the blog",MEDIUM,5.3,CWE-862,2024
CVE-2024-0236,"The EventON WordPress plugin before 4.5.5, EventON WordPress plugin before 2.2.7 do not have authorisation in an AJAX action, allowing unauthenticated users to retrieve the settings of arbitrary virtual events, including any meeting password set (for example for Zoom)",MEDIUM,5.3,CWE-862,2024
CVE-2024-0237,"The EventON WordPress plugin through 4.5.8, EventON WordPress plugin before 2.2.7 do not have authorisation in some AJAX actions, allowing unauthenticated users to update virtual events settings, such as meeting URL, moderator, access details etc",MEDIUM,5.3,CWE-862,2024
CVE-2024-0238,"The EventON Premium WordPress plugin before 4.5.6, EventON WordPress plugin before 2.2.8 do not have authorisation in an AJAX action, and does not ensure that the post to be updated belong to the plugin, allowing unauthenticated users to update arbitrary post metadata.",MEDIUM,6.1,CWE-79,2024
CVE-2024-0239,"The Contact Form 7 Connector WordPress plugin before 1.2.3 does not sanitise and escape a parameter before outputting it back in the page, leading to a Reflected Cross-Site Scripting which could be used against administrators.",MEDIUM,6.1,CWE-79,2024
CVE-2024-0240,"A memory leak in the Silicon Labs' Bluetooth stack for EFR32 products may cause memory to be exhausted when sending notifications to multiple clients, this results in all Bluetooth operations, such as advertising and scanning, to stop.",MEDIUM,6.5,CWE-401,2024
CVE-2024-0241,"encoded_id-rails versions before 1.0.0.beta2 are affected by an uncontrolled resource consumption vulnerability. A remote and unauthenticated attacker might cause a denial of service condition by sending an HTTP request with an extremely long ""id"" parameter.

",HIGH,7.5,CWE-400,2024
CVE-2024-0242,Under certain circumstances IQ Panel4 and IQ4 Hub panel software prior to version 4.4.2 could allow unauthorized access to settings.,HIGH,7.3,CWE-200,2024
CVE-2024-0243,"With the following crawler configuration:

```python
from bs4 import BeautifulSoup as Soup

url = ""https://example.com""
loader = RecursiveUrlLoader(
    url=url, max_depth=2, extractor=lambda x: Soup(x, ""html.parser"").text
)
docs = loader.load()
```

An attacker in control of the contents of `https://example.com` could place a malicious HTML file in there with links like ""https://example.completely.different/my_file.html"" and the crawler would proceed to download that file as well even though `prevent_outside=True`.

https://github.com/langchain-ai/langchain/blob/bf0b3cc0b5ade1fb95a5b1b6fa260e99064c2e22/libs/community/langchain_community/document_loaders/recursive_url_loader.py#L51-L51

Resolved in https://github.com/langchain-ai/langchain/pull/15559",HIGH,8.1,CWE-918,2024
CVE-2024-0244,"Buffer overflow in CPCA PCFAX number process of Office Multifunction Printers and Laser Printers(*) which may allow an attacker on the network segment to trigger the affected product being unresponsive or to execute arbitrary code.*:Satera MF750C Series firmware v03.07 and earlier sold in Japan. Color imageCLASS MF750C Series/Color imageCLASS X MF1333C firmware v03.07 and earlier sold in US. i-SENSYS MF754Cdw/C1333iF firmware v03.07 and earlier sold in Europe.

",CRITICAL,9.8,CWE-787,2024
CVE-2024-0246,"A vulnerability classified as problematic has been found in IceWarp 12.0.2.1/12.0.3.1. This affects an unknown part of the file /install/ of the component Utility Download Handler. The manipulation of the argument lang with the input 1%27""()%26%25<zzz><ScRiPt>alert(document.domain)</ScRiPt> leads to cross site scripting. It is possible to initiate the attack remotely. The exploit has been disclosed to the public and may be used. The associated identifier of this vulnerability is VDB-249759. NOTE: The vendor was contacted early about this disclosure but did not respond in any way.",MEDIUM,4.3,CWE-79,2024
CVE-2024-0247,A vulnerability classified as critical was found in CodeAstro Online Food Ordering System 1.0. This vulnerability affects unknown code of the file /admin/ of the component Admin Panel. The manipulation of the argument Username leads to sql injection. The attack can be initiated remotely. The exploit has been disclosed to the public and may be used. VDB-249778 is the identifier assigned to this vulnerability.,HIGH,7.3,CWE-89,2024
CVE-2024-0248,"The EazyDocs WordPress plugin before 2.4.0 re-introduced CVE-2023-6029 (https://wpscan.com/vulnerability/7a0aaf85-8130-4fd7-8f09-f8edc929597e/) in 2.3.8, allowing any authenticated users, such as subscriber to delete arbitrary posts, as well as add and delete documents/sections. The issue was partially fixed in 2.3.9.",MEDIUM,4.3,NVD-CWE-noinfo,2024
CVE-2024-0249,"The Advanced Schedule Posts WordPress plugin through 2.1.8 does not sanitise and escape a parameter before outputting it back in the page, leading to a Reflected Cross-Site Scripting which could be used against high privilege users such as admins.",MEDIUM,6.1,CWE-79,2024
CVE-2024-0250,The Analytics Insights for Google Analytics 4 (AIWP) WordPress plugin before 6.3 is vulnerable to Open Redirect due to insufficient validation on the redirect oauth2callback.php file. This makes it possible for unauthenticated attackers to redirect users to potentially malicious sites if they can successfully trick them into performing an action.,MEDIUM,6.1,CWE-601,2024
CVE-2024-0251,"The Advanced Woo Search plugin for WordPress is vulnerable to Reflected Cross-Site Scripting via the search parameter in all versions up to, and including, 2.96 due to insufficient input sanitization and output escaping. This makes it possible for unauthenticated attackers to inject arbitrary web scripts in pages that execute if they can successfully trick a user into performing an action such as clicking on a link. This only affects sites when the Dynamic Content for Elementor plugin is also installed.",MEDIUM,6.1,CWE-79,2024
CVE-2024-0252,ManageEngine ADSelfService Plus versions 6401 and below are vulnerable to the remote code execution due to the improper handling in the load balancer component. Authentication is required in order to exploit this vulnerability.,HIGH,8.8,CWE-94,2024
CVE-2024-0253,ManageEngine ADAudit Plus versions 7270 and below are vulnerable to the Authenticated SQL injection in home Graph-Data.,HIGH,8.3,CWE-89,2024
CVE-2024-0254,"The (Simply) Guest Author Name plugin for WordPress is vulnerable to Stored Cross-Site Scripting via the plugin's post meta in all versions up to, and including, 4.34 due to insufficient input sanitization and output escaping on user supplied attributes. This makes it possible for authenticated attackers with contributor-level and above permissions to inject arbitrary web scripts in pages that will execute whenever a user accesses an injected page.",MEDIUM,6.4,CWE-79,2024
CVE-2024-0255,"The WP Recipe Maker plugin for WordPress is vulnerable to Stored Cross-Site Scripting via the plugin's 'wprm-recipe-text-share' shortcode in all versions up to, and including, 9.1.0 due to insufficient input sanitization and output escaping on user supplied attributes. This makes it possible for authenticated attackers with contributor-level and above permissions to inject arbitrary web scripts in pages that will execute whenever a user accesses an injected page.",MEDIUM,6.4,CWE-79,2024
CVE-2024-0256,"The Starbox plugin for WordPress is vulnerable to Stored Cross-Site Scripting via the Profile Display Name and Social Settings in all versions up to, and including, 3.4.8 due to insufficient input sanitization and output escaping. This makes it possible for authenticated attackers, with subscriber-level access and above, to inject arbitrary web scripts in pages that will execute whenever a user accesses an injected page.",MEDIUM,6.4,CWE-79,2024
CVE-2024-0257,"
RoboDK v5.5.4

 is vulnerable to heap-based buffer overflow while processing a specific project file. The resulting memory corruption may crash the application.

",LOW,3.3,CWE-122,2024
CVE-2024-0258,"The issue was addressed with improved memory handling. This issue is fixed in tvOS 17.4, iOS 17.4 and iPadOS 17.4, macOS Sonoma 14.4, watchOS 10.4. An app may be able to execute arbitrary code out of its sandbox or with certain elevated privileges.",HIGH,8.6,NVD-CWE-noinfo,2024
CVE-2024-0259,"Fortra's Robot Schedule Enterprise Agent for Windows prior to version 3.04 is susceptible to privilege escalation. A low-privileged user can overwrite the service executable. When the service is restarted, the replaced binary runs with local system privileges, allowing a low-privileged user to gain elevated privileges.

",HIGH,7.3,CWE-276,2024
CVE-2024-0260,"A vulnerability, which was classified as problematic, was found in SourceCodester Engineers Online Portal 1.0. Affected is an unknown function of the file change_password_teacher.php of the component Password Change. The manipulation leads to session expiration. It is possible to launch the attack remotely. The exploit has been disclosed to the public and may be used. The identifier of this vulnerability is VDB-249816.",MEDIUM,4.3,CWE-613,2024
CVE-2024-0261,A vulnerability has been found in Sentex FTPDMIN 0.96 and classified as problematic. Affected by this vulnerability is an unknown functionality of the component RNFR Command Handler. The manipulation leads to denial of service. The attack can be launched remotely. The exploit has been disclosed to the public and may be used. The identifier VDB-249817 was assigned to this vulnerability.,MEDIUM,5.3,CWE-404,2024
CVE-2024-0262,A vulnerability was found in Online Job Portal 1.0 and classified as problematic. Affected by this issue is some unknown functionality of the file /Admin/News.php of the component Create News Page. The manipulation of the argument News with the input </title><scRipt>alert(0x00C57D)</scRipt> leads to cross site scripting. The attack may be launched remotely. The exploit has been disclosed to the public and may be used. VDB-249818 is the identifier assigned to this vulnerability.,LOW,2.4,CWE-79,2024
CVE-2024-0263,A vulnerability was found in ACME Ultra Mini HTTPd 1.21. It has been classified as problematic. This affects an unknown part of the component HTTP GET Request Handler. The manipulation leads to denial of service. It is possible to initiate the attack remotely. The exploit has been disclosed to the public and may be used. It is recommended to apply a patch to fix this issue. The associated identifier of this vulnerability is VDB-249819.,MEDIUM,5.3,CWE-404,2024
CVE-2024-0264,A vulnerability was found in SourceCodester Clinic Queuing System 1.0. It has been declared as critical. This vulnerability affects unknown code of the file /LoginRegistration.php. The manipulation of the argument formToken leads to authorization bypass. The attack can be initiated remotely. The exploit has been disclosed to the public and may be used. The identifier of this vulnerability is VDB-249820.,HIGH,7.3,CWE-639,2024
CVE-2024-0265,A vulnerability was found in SourceCodester Clinic Queuing System 1.0. It has been rated as critical. This issue affects some unknown processing of the file /index.php of the component GET Parameter Handler. The manipulation of the argument page leads to file inclusion. The attack may be initiated remotely. The exploit has been disclosed to the public and may be used. The identifier VDB-249821 was assigned to this vulnerability.,MEDIUM,6.3,CWE-73,2024
CVE-2024-0266,A vulnerability classified as problematic has been found in Project Worlds Online Lawyer Management System 1.0. Affected is an unknown function of the component User Registration. The manipulation of the argument First Name leads to cross site scripting. It is possible to launch the attack remotely. The exploit has been disclosed to the public and may be used. VDB-249822 is the identifier assigned to this vulnerability.,MEDIUM,4.3,CWE-79,2024
CVE-2024-0267,A vulnerability classified as critical was found in Kashipara Hospital Management System up to 1.0. Affected by this vulnerability is an unknown functionality of the file login.php of the component Parameter Handler. The manipulation of the argument email/password leads to sql injection. The attack can be launched remotely. The exploit has been disclosed to the public and may be used. The associated identifier of this vulnerability is VDB-249823.,HIGH,7.3,CWE-89,2024
CVE-2024-0268,"A vulnerability, which was classified as critical, has been found in Kashipara Hospital Management System up to 1.0. Affected by this issue is some unknown functionality of the file registration.php. The manipulation of the argument name/email/pass/gender/age/city leads to sql injection. The attack may be launched remotely. The exploit has been disclosed to the public and may be used. The identifier of this vulnerability is VDB-249824.",HIGH,7.3,CWE-89,2024
CVE-2024-0269,ManageEngine ADAudit Plus versions 7270 and below are vulnerable to the Authenticated SQL injection in File-Summary DrillDown. This issue has been fixed and released in version 7271.,HIGH,8.3,CWE-89,2024
CVE-2024-0270,"A vulnerability, which was classified as critical, was found in Kashipara Food Management System up to 1.0. This affects an unknown part of the file item_list_submit.php. The manipulation of the argument item_name leads to sql injection. It is possible to initiate the attack remotely. The exploit has been disclosed to the public and may be used. The identifier VDB-249825 was assigned to this vulnerability.",MEDIUM,6.3,CWE-89,2024
CVE-2024-0271,A vulnerability has been found in Kashipara Food Management System up to 1.0 and classified as critical. This vulnerability affects unknown code of the file addmaterial_edit.php. The manipulation of the argument id leads to sql injection. The attack can be initiated remotely. The exploit has been disclosed to the public and may be used. VDB-249826 is the identifier assigned to this vulnerability.,MEDIUM,6.3,CWE-89,2024
CVE-2024-0272,A vulnerability was found in Kashipara Food Management System up to 1.0 and classified as critical. This issue affects some unknown processing of the file addmaterialsubmit.php. The manipulation of the argument material_name leads to sql injection. The attack may be initiated remotely. The exploit has been disclosed to the public and may be used. The associated identifier of this vulnerability is VDB-249827.,MEDIUM,6.3,CWE-89,2024
CVE-2024-0273,A vulnerability was found in Kashipara Food Management System up to 1.0. It has been classified as critical. Affected is an unknown function of the file addwaste_entry.php. The manipulation of the argument item_name leads to sql injection. It is possible to launch the attack remotely. The exploit has been disclosed to the public and may be used. The identifier of this vulnerability is VDB-249828.,MEDIUM,6.3,CWE-89,2024
CVE-2024-0274,A vulnerability was found in Kashipara Food Management System up to 1.0. It has been declared as critical. Affected by this vulnerability is an unknown functionality of the file billAjax.php. The manipulation of the argument item_name leads to sql injection. The attack can be launched remotely. The exploit has been disclosed to the public and may be used. The identifier VDB-249829 was assigned to this vulnerability.,MEDIUM,6.3,CWE-89,2024
CVE-2024-0275,A vulnerability was found in Kashipara Food Management System up to 1.0. It has been rated as critical. Affected by this issue is some unknown functionality of the file item_edit_submit.php. The manipulation of the argument id leads to sql injection. The attack may be launched remotely. The exploit has been disclosed to the public and may be used. VDB-249830 is the identifier assigned to this vulnerability.,MEDIUM,6.3,CWE-89,2024
CVE-2024-0276,A vulnerability classified as critical has been found in Kashipara Food Management System up to 1.0. This affects an unknown part of the file rawstock_used_damaged_smt.php. The manipulation of the argument product_name leads to sql injection. It is possible to initiate the attack remotely. The exploit has been disclosed to the public and may be used. The associated identifier of this vulnerability is VDB-249831.,MEDIUM,6.3,CWE-89,2024
CVE-2024-0277,A vulnerability classified as critical was found in Kashipara Food Management System up to 1.0. This vulnerability affects unknown code of the file party_submit.php. The manipulation of the argument party_name leads to sql injection. The attack can be initiated remotely. The exploit has been disclosed to the public and may be used. The identifier of this vulnerability is VDB-249832.,MEDIUM,6.3,CWE-89,2024
CVE-2024-0278,"A vulnerability, which was classified as critical, has been found in Kashipara Food Management System up to 1.0. This issue affects some unknown processing of the file partylist_edit_submit.php. The manipulation of the argument id leads to sql injection. The attack may be initiated remotely. The exploit has been disclosed to the public and may be used. The identifier VDB-249833 was assigned to this vulnerability.",MEDIUM,6.3,CWE-89,2024
CVE-2024-0279,"A vulnerability, which was classified as critical, was found in Kashipara Food Management System up to 1.0. Affected is an unknown function of the file item_list_edit.php. The manipulation of the argument id leads to sql injection. It is possible to launch the attack remotely. The exploit has been disclosed to the public and may be used. VDB-249834 is the identifier assigned to this vulnerability.",MEDIUM,6.3,CWE-89,2024
CVE-2024-0280,A vulnerability has been found in Kashipara Food Management System up to 1.0 and classified as critical. Affected by this vulnerability is an unknown functionality of the file item_type_submit.php. The manipulation of the argument type_name leads to sql injection. The attack can be launched remotely. The exploit has been disclosed to the public and may be used. The associated identifier of this vulnerability is VDB-249835.,MEDIUM,6.3,CWE-89,2024
CVE-2024-0281,A vulnerability was found in Kashipara Food Management System up to 1.0 and classified as critical. Affected by this issue is some unknown functionality of the file loginCheck.php. The manipulation of the argument password leads to sql injection. The attack may be launched remotely. The exploit has been disclosed to the public and may be used. The identifier of this vulnerability is VDB-249836.,MEDIUM,6.3,CWE-89,2024
CVE-2024-0282,A vulnerability was found in Kashipara Food Management System up to 1.0. It has been classified as problematic. This affects an unknown part of the file addmaterialsubmit.php. The manipulation of the argument tin leads to cross site scripting. It is possible to initiate the attack remotely. The exploit has been disclosed to the public and may be used. The identifier VDB-249837 was assigned to this vulnerability.,LOW,3.5,CWE-79,2024
CVE-2024-0283,A vulnerability was found in Kashipara Food Management System up to 1.0. It has been declared as problematic. This vulnerability affects unknown code of the file party_details.php. The manipulation of the argument party_name leads to cross site scripting. The attack can be initiated remotely. The exploit has been disclosed to the public and may be used. VDB-249838 is the identifier assigned to this vulnerability.,LOW,3.5,CWE-79,2024
CVE-2024-0284,A vulnerability was found in Kashipara Food Management System up to 1.0. It has been rated as problematic. This issue affects some unknown processing of the file party_submit.php. The manipulation of the argument party_address leads to cross site scripting. The attack may be initiated remotely. The exploit has been disclosed to the public and may be used. The associated identifier of this vulnerability is VDB-249839.,LOW,3.5,CWE-79,2024
CVE-2024-0285,"
in OpenHarmony v4.0.0 and prior versions allow a local attacker cause DOS through improper input.",MEDIUM,4.7,CWE-20,2024
CVE-2024-0286,"A vulnerability, which was classified as problematic, was found in PHPGurukul Hospital Management System 1.0. This affects an unknown part of the file index.php#contact_us of the component Contact Form. The manipulation of the argument Name/Email/Message leads to cross site scripting. It is possible to initiate the attack remotely. The exploit has been disclosed to the public and may be used. The associated identifier of this vulnerability is VDB-249843.",MEDIUM,4.3,CWE-79,2024
CVE-2024-0287,A vulnerability was found in Kashipara Food Management System 1.0. It has been rated as critical. Affected by this issue is some unknown functionality of the file itemBillPdf.php. The manipulation of the argument printid leads to sql injection. The attack may be launched remotely. The exploit has been disclosed to the public and may be used. The identifier of this vulnerability is VDB-249848.,MEDIUM,6.3,CWE-89,2024
CVE-2024-0288,A vulnerability classified as critical has been found in Kashipara Food Management System 1.0. This affects an unknown part of the file rawstock_used_damaged_submit.php. The manipulation of the argument product_name leads to sql injection. It is possible to initiate the attack remotely. The exploit has been disclosed to the public and may be used. The identifier VDB-249849 was assigned to this vulnerability.,MEDIUM,6.3,CWE-89,2024
CVE-2024-0289,A vulnerability classified as critical was found in Kashipara Food Management System 1.0. This vulnerability affects unknown code of the file stock_entry_submit.php. The manipulation of the argument itemype leads to sql injection. The attack can be initiated remotely. The exploit has been disclosed to the public and may be used. VDB-249850 is the identifier assigned to this vulnerability.,MEDIUM,6.3,CWE-89,2024
CVE-2024-0290,"A vulnerability, which was classified as critical, has been found in Kashipara Food Management System 1.0. This issue affects some unknown processing of the file stock_edit.php. The manipulation of the argument item_type leads to sql injection. The attack may be initiated remotely. The exploit has been disclosed to the public and may be used. The associated identifier of this vulnerability is VDB-249851.",MEDIUM,6.3,CWE-89,2024
CVE-2024-0291,A vulnerability was found in Totolink LR1200GB 9.1.0u.6619_B20230130. It has been rated as critical. This issue affects the function UploadFirmwareFile of the file /cgi-bin/cstecgi.cgi. The manipulation of the argument FileName leads to command injection. The attack may be initiated remotely. The exploit has been disclosed to the public and may be used. The identifier VDB-249857 was assigned to this vulnerability. NOTE: The vendor was contacted early about this disclosure but did not respond in any way.,MEDIUM,6.3,CWE-77,2024
CVE-2024-0292,A vulnerability classified as critical has been found in Totolink LR1200GB 9.1.0u.6619_B20230130. Affected is the function setOpModeCfg of the file /cgi-bin/cstecgi.cgi. The manipulation of the argument hostName leads to os command injection. It is possible to launch the attack remotely. The exploit has been disclosed to the public and may be used. VDB-249858 is the identifier assigned to this vulnerability. NOTE: The vendor was contacted early about this disclosure but did not respond in any way.,MEDIUM,6.3,CWE-78,2024
CVE-2024-0293,A vulnerability classified as critical was found in Totolink LR1200GB 9.1.0u.6619_B20230130. Affected by this vulnerability is the function setUploadSetting of the file /cgi-bin/cstecgi.cgi. The manipulation of the argument FileName leads to os command injection. The attack can be launched remotely. The exploit has been disclosed to the public and may be used. The associated identifier of this vulnerability is VDB-249859. NOTE: The vendor was contacted early about this disclosure but did not respond in any way.,MEDIUM,6.3,CWE-78,2024
CVE-2024-0294,"A vulnerability, which was classified as critical, has been found in Totolink LR1200GB 9.1.0u.6619_B20230130. Affected by this issue is the function setUssd of the file /cgi-bin/cstecgi.cgi. The manipulation of the argument ussd leads to os command injection. The attack may be launched remotely. The exploit has been disclosed to the public and may be used. The identifier of this vulnerability is VDB-249860. NOTE: The vendor was contacted early about this disclosure but did not respond in any way.",HIGH,7.3,CWE-78,2024
CVE-2024-0295,"A vulnerability, which was classified as critical, was found in Totolink LR1200GB 9.1.0u.6619_B20230130. This affects the function setWanCfg of the file /cgi-bin/cstecgi.cgi. The manipulation of the argument hostName leads to os command injection. It is possible to initiate the attack remotely. The exploit has been disclosed to the public and may be used. The identifier VDB-249861 was assigned to this vulnerability. NOTE: The vendor was contacted early about this disclosure but did not respond in any way.",HIGH,7.3,CWE-78,2024
CVE-2024-0296,A vulnerability has been found in Totolink N200RE 9.3.5u.6139_B20201216 and classified as critical. This vulnerability affects the function NTPSyncWithHost of the file /cgi-bin/cstecgi.cgi. The manipulation of the argument host_time leads to os command injection. The attack can be initiated remotely. The exploit has been disclosed to the public and may be used. VDB-249862 is the identifier assigned to this vulnerability. NOTE: The vendor was contacted early about this disclosure but did not respond in any way.,HIGH,7.3,CWE-78,2024
CVE-2024-0297,A vulnerability was found in Totolink N200RE 9.3.5u.6139_B20201216 and classified as critical. This issue affects the function UploadFirmwareFile of the file /cgi-bin/cstecgi.cgi. The manipulation of the argument FileName leads to os command injection. The attack may be initiated remotely. The exploit has been disclosed to the public and may be used. The associated identifier of this vulnerability is VDB-249863. NOTE: The vendor was contacted early about this disclosure but did not respond in any way.,HIGH,7.3,CWE-78,2024
CVE-2024-0298,A vulnerability was found in Totolink N200RE 9.3.5u.6139_B20201216. It has been classified as critical. Affected is the function setDiagnosisCfg of the file /cgi-bin/cstecgi.cgi. The manipulation of the argument ip leads to os command injection. It is possible to launch the attack remotely. The exploit has been disclosed to the public and may be used. The identifier of this vulnerability is VDB-249864. NOTE: The vendor was contacted early about this disclosure but did not respond in any way.,HIGH,7.3,CWE-78,2024
CVE-2024-0299,A vulnerability was found in Totolink N200RE 9.3.5u.6139_B20201216. It has been declared as critical. Affected by this vulnerability is the function setTracerouteCfg of the file /cgi-bin/cstecgi.cgi. The manipulation of the argument command leads to os command injection. The attack can be launched remotely. The exploit has been disclosed to the public and may be used. The identifier VDB-249865 was assigned to this vulnerability. NOTE: The vendor was contacted early about this disclosure but did not respond in any way.,HIGH,7.3,CWE-78,2024
CVE-2024-0300,A vulnerability was found in Byzoro Smart S150 Management Platform up to 20240101. It has been rated as critical. Affected by this issue is some unknown functionality of the file /useratte/userattestation.php of the component HTTP POST Request Handler. The manipulation of the argument web_img leads to unrestricted upload. The attack may be launched remotely. The exploit has been disclosed to the public and may be used. VDB-249866 is the identifier assigned to this vulnerability. NOTE: The vendor was contacted early about this disclosure but did not respond in any way.,MEDIUM,6.3,CWE-434,2024
CVE-2024-0301,A vulnerability classified as critical was found in fhs-opensource iparking 1.5.22.RELEASE. This vulnerability affects the function getData of the file src/main/java/com/xhb/pay/action/PayTempOrderAction.java. The manipulation leads to sql injection. The attack can be initiated remotely. The exploit has been disclosed to the public and may be used. The identifier of this vulnerability is VDB-249868.,MEDIUM,6.3,CWE-89,2024
CVE-2024-0302,"A vulnerability, which was classified as critical, has been found in fhs-opensource iparking 1.5.22.RELEASE. This issue affects some unknown processing of the file /vueLogin. The manipulation leads to deserialization. The attack may be initiated remotely. The exploit has been disclosed to the public and may be used. The identifier VDB-249869 was assigned to this vulnerability.",MEDIUM,6.3,CWE-502,2024
CVE-2024-0303,"A vulnerability, which was classified as critical, was found in Youke365 up to 1.5.3. Affected is an unknown function of the file /app/api/controller/caiji.php of the component Parameter Handler. The manipulation of the argument url leads to server-side request forgery. It is possible to launch the attack remotely. The exploit has been disclosed to the public and may be used. VDB-249870 is the identifier assigned to this vulnerability.",MEDIUM,6.3,CWE-918,2024
CVE-2024-0304,A vulnerability has been found in Youke365 up to 1.5.3 and classified as critical. Affected by this vulnerability is an unknown functionality of the file /app/api/controller/collect.php. The manipulation of the argument url leads to server-side request forgery. The attack can be launched remotely. The exploit has been disclosed to the public and may be used. The associated identifier of this vulnerability is VDB-249871.,MEDIUM,6.3,CWE-918,2024
CVE-2024-0305,A vulnerability was found in Guangzhou Yingke Electronic Technology Ncast up to 2017 and classified as problematic. Affected by this issue is some unknown functionality of the file /manage/IPSetup.php of the component Guest Login. The manipulation leads to information disclosure. The attack may be launched remotely. The exploit has been disclosed to the public and may be used. The identifier of this vulnerability is VDB-249872.,MEDIUM,5.3,CWE-200,2024
CVE-2024-0306,A vulnerability was found in Kashipara Dynamic Lab Management System up to 1.0. It has been classified as critical. This affects an unknown part of the file /admin/admin_login_process.php. The manipulation of the argument admin_password leads to sql injection. It is possible to initiate the attack remotely. The exploit has been disclosed to the public and may be used. The identifier VDB-249873 was assigned to this vulnerability.,HIGH,7.3,CWE-89,2024
CVE-2024-0307,A vulnerability was found in Kashipara Dynamic Lab Management System up to 1.0. It has been declared as critical. This vulnerability affects unknown code of the file login_process.php. The manipulation of the argument password leads to sql injection. The attack can be initiated remotely. The exploit has been disclosed to the public and may be used. VDB-249874 is the identifier assigned to this vulnerability.,HIGH,7.3,CWE-89,2024
CVE-2024-0308,A vulnerability was found in Inis up to 2.0.1. It has been rated as critical. This issue affects some unknown processing of the file app/api/controller/default/Proxy.php. The manipulation of the argument p_url leads to server-side request forgery. The attack may be initiated remotely. The exploit has been disclosed to the public and may be used. The associated identifier of this vulnerability is VDB-249875.,MEDIUM,6.3,CWE-918,2024
CVE-2024-0310,"
A content-security-policy vulnerability in ENS Control browser extension prior to 10.7.0 Update 15 allows a remote attacker to alter the response header parameter setting to switch the content security policy into report-only mode, allowing an attacker to bypass the content-security-policy configuration. 

",MEDIUM,6.1,CWE-79,2024
CVE-2024-0311,A malicious insider can bypass the existing policy of Skyhigh Client Proxy without a valid release code.,MEDIUM,5.5,CWE-622,2024
CVE-2024-0312,A malicious insider can uninstall Skyhigh Client Proxy without a valid uninstall password.,MEDIUM,5.5,CWE-622,2024
CVE-2024-0313,"A malicious insider exploiting this vulnerability can circumvent existing security controls put in place by the organization. On the contrary, if the victim is legitimately using the temporary bypass to reach out to the Internet for retrieving application and system updates, a remote device could target it and undo the bypass, thereby denying the victim access to the update service, causing it to fail. ",MEDIUM,5.5,CWE-670,2024
CVE-2024-0314,"XSS vulnerability in FireEye Central Management affecting version 9.1.1.956704, which could allow an attacker to modify special HTML elements in the application and cause a reflected XSS, leading to a session hijacking.",MEDIUM,5.4,CWE-79,2024
CVE-2024-0315,Remote file inclusion vulnerability in FireEye Central Management affecting version 9.1.1.956704. This vulnerability allows an attacker to upload a malicious PDF file to the system during the report creation process.,MEDIUM,6.6,CWE-98,2024
CVE-2024-0316,"Improper cleanup vulnerability in exceptions thrown in FireEye Endpoint Security, affecting version 5.2.0.958244. This vulnerability could allow an attacker to send multiple request packets to the containment_notify/preview parameter, which could lead to a service outage.",MEDIUM,6.8,CWE-460,2024
CVE-2024-0317,"Cross-Site Scripting in FireEye EX, affecting version 9.0.3.936727. Exploitation of this vulnerability allows an attacker to send a specially crafted JavaScript payload via the 'type' and 's_f_name' parameters to an authenticated user to retrieve their session details.",MEDIUM,5.4,CWE-79,2024
CVE-2024-0318,Cross-Site Scripting in FireEye HXTool affecting version 4.6. This vulnerability allows an attacker to store a specially crafted JavaScript payload in the 'Profile Name' and 'Hostname/IP' parameters that will be triggered when items are loaded.,MEDIUM,5.4,CWE-79,2024
CVE-2024-0319,"Open Redirect vulnerability in FireEye HXTool affecting version 4.6, the exploitation of which could allow an attacker to redirect a legitimate user to a malicious page by changing the 'redirect_uri' parameter.",MEDIUM,5.4,CWE-601,2024
CVE-2024-0320,Cross-Site Scripting in FireEye Malware Analysis (AX) affecting version 9.0.3.936530. This vulnerability allows an attacker to send a specially crafted JavaScript payload in the application URL to retrieve the session details of a legitimate user.,MEDIUM,5.4,CWE-79,2024
CVE-2024-0321,Stack-based Buffer Overflow in GitHub repository gpac/gpac prior to 2.3-DEV.,CRITICAL,9.8,CWE-121,2024
CVE-2024-0322,Out-of-bounds Read in GitHub repository gpac/gpac prior to 2.3-DEV.,CRITICAL,9.1,CWE-125,2024
CVE-2024-0323,"The FTP server used on the B&R
Automation Runtime supports unsecure encryption mechanisms, such as SSLv3,
TLSv1.0 and TLS1.1. An network-based attacker can exploit the flaws to conduct
man-in-the-middle attacks or to decrypt communications between the affected product
clients.",CRITICAL,9.8,CWE-1240,2024
CVE-2024-0324,"The User Profile Builder – Beautiful User Registration Forms, User Profiles & User Role Editor plugin for WordPress is vulnerable to unauthorized modification of data due to a missing capability check on the 'wppb_two_factor_authentication_settings_update' function in all versions up to, and including, 3.10.8. This makes it possible for unauthenticated attackers to enable or disable the 2FA functionality present in the Premium version of the plugin for arbitrary user roles.",HIGH,8.2,CWE-862,2024
CVE-2024-0325,"In Helix Sync versions prior to 2024.1, a local command injection was identified.  Reported by Bryan Riggins.  
",LOW,3.6,CWE-94,2024
CVE-2024-0326,"The Premium Addons for Elementor plugin for WordPress is vulnerable to Stored Cross-Site Scripting via the plugin's Link Wrapper functionality in all versions up to, and including, 4.10.17 due to insufficient input sanitization and output escaping on user supplied links. This makes it possible for authenticated attackers with contributor-level and above permissions to inject arbitrary web scripts in pages that will execute whenever a user accesses an injected page.",MEDIUM,6.4,CWE-79,2024
CVE-2024-0333,Insufficient data validation in Extensions in Google Chrome prior to 120.0.6099.216 allowed an attacker in a privileged network position to install a malicious extension via a crafted HTML page. (Chromium security severity: High),MEDIUM,5.3,NVD-CWE-noinfo,2024
CVE-2024-0334,"The Jeg Elementor Kit plugin for WordPress is vulnerable to Stored Cross-Site Scripting via the custom attribute of a link in several Elementor widgets in all versions up to, and including, 2.6.4 due to insufficient input sanitization and output escaping on user supplied attributes. This makes it possible for authenticated attackers, with contributor-level access and above, to inject arbitrary web scripts in pages that will execute whenever a user accesses an injected page.",MEDIUM,6.4,CWE-79,2024
CVE-2024-0335,"ABB has internally identified a vulnerability in the ABB VPNI feature of the S+ Control API component which may 
be used by several Symphony Plus products (e.g., S+ Operations, S+ Engineering and S+ Analyst)


This issue affects Symphony Plus S+ Operations: from 3..0;0 through 3.3 SP1 RU4, from 2.1;0 through 2.1 SP2 RU3, from 2.0;0 through 2.0 SP6 TC6; Symphony Plus S+ Engineering: from 2.1 through 2.3 RU3; Symphony Plus S+ Analyst: from 7.0.0.0 through 7.2.0.2.",HIGH,7.5,CWE-23,2024
CVE-2024-0337,The Travelpayouts: All Travel Brands in One Place WordPress plugin through 1.1.15 is vulnerable to Open Redirect due to insufficient validation on the travelpayouts_redirect variable. This makes it possible for unauthenticated attackers to redirect users to potentially malicious sites if they can successfully trick them into performing an action.,MEDIUM,6.1,CWE-601,2024
CVE-2024-0338,A buffer overflow vulnerability has been found in XAMPP affecting version 8.2.4 and earlier. An attacker could execute arbitrary code through a long file debug argument that controls the Structured Exception Handler (SEH).,HIGH,7.3,CWE-119,2024
CVE-2024-0340,"A vulnerability was found in vhost_new_msg in drivers/vhost/vhost.c in the Linux kernel, which does not properly initialize memory in messages passed between virtual guests and the host operating system in the vhost/vhost.c:vhost_new_msg() function. This issue can allow local privileged users to read some kernel memory contents when reading from the /dev/vhost-net device file.",MEDIUM,4.4,CWE-200,2024
CVE-2024-0341,A vulnerability was found in Inis up to 2.0.1. It has been rated as problematic. This issue affects some unknown processing of the file /app/api/controller/default/File.php of the component GET Request Handler. The manipulation of the argument path leads to path traversal: '../filedir'. The exploit has been disclosed to the public and may be used. The identifier VDB-250109 was assigned to this vulnerability.,LOW,3.5,CWE-24,2024
CVE-2024-0342,A vulnerability classified as critical has been found in Inis up to 2.0.1. Affected is an unknown function of the file /app/api/controller/default/Sqlite.php. The manipulation of the argument sql leads to sql injection. The exploit has been disclosed to the public and may be used. VDB-250110 is the identifier assigned to this vulnerability.,MEDIUM,6.3,CWE-89,2024
CVE-2024-0343,A vulnerability classified as problematic was found in CodeAstro Simple House Rental System 5.6. Affected by this vulnerability is an unknown functionality of the component Login Panel. The manipulation leads to cross site scripting. The attack can be launched remotely. The exploit has been disclosed to the public and may be used. The associated identifier of this vulnerability is VDB-250111.,MEDIUM,4.3,CWE-79,2024
CVE-2024-0344,"A vulnerability, which was classified as critical, has been found in soxft TimeMail up to 1.1. Affected by this issue is some unknown functionality of the file check.php. The manipulation of the argument c leads to sql injection. The exploit has been disclosed to the public and may be used. The identifier of this vulnerability is VDB-250112.",MEDIUM,5.5,CWE-89,2024
CVE-2024-0345,"A vulnerability, which was classified as problematic, was found in CodeAstro Vehicle Booking System 1.0. This affects an unknown part of the file usr/usr-register.php of the component User Registration. The manipulation of the argument Full_Name/Last_Name/Address with the input <script>alert(document.cookie)</script> leads to cross site scripting. It is possible to initiate the attack remotely. The exploit has been disclosed to the public and may be used. The identifier VDB-250113 was assigned to this vulnerability.",MEDIUM,4.3,CWE-79,2024
CVE-2024-0346,A vulnerability has been found in CodeAstro Vehicle Booking System 1.0 and classified as problematic. This vulnerability affects unknown code of the file usr/user-give-feedback.php of the component Feedback Page. The manipulation of the argument My Testemonial leads to cross site scripting. The attack can be initiated remotely. The exploit has been disclosed to the public and may be used. VDB-250114 is the identifier assigned to this vulnerability.,LOW,3.5,CWE-79,2024
CVE-2024-0347,A vulnerability was found in SourceCodester Engineers Online Portal 1.0 and classified as problematic. This issue affects some unknown processing of the file signup_teacher.php. The manipulation of the argument Password leads to weak password requirements. The attack may be initiated remotely. The complexity of an attack is rather high. The exploitation is known to be difficult. The exploit has been disclosed to the public and may be used. The associated identifier of this vulnerability is VDB-250115.,LOW,3.7,CWE-521,2024
CVE-2024-0348,A vulnerability was found in SourceCodester Engineers Online Portal 1.0. It has been classified as problematic. Affected is an unknown function of the component File Upload Handler. The manipulation leads to resource consumption. It is possible to launch the attack remotely. The exploit has been disclosed to the public and may be used. The identifier of this vulnerability is VDB-250116.,MEDIUM,4.3,CWE-400,2024
CVE-2024-0349,A vulnerability was found in SourceCodester Engineers Online Portal 1.0. It has been declared as problematic. Affected by this vulnerability is an unknown functionality. The manipulation leads to sensitive cookie without secure attribute. The attack can be launched remotely. The complexity of an attack is rather high. The exploitation appears to be difficult. The exploit has been disclosed to the public and may be used. The identifier VDB-250117 was assigned to this vulnerability.,LOW,3.7,CWE-614,2024
CVE-2024-0350,A vulnerability was found in SourceCodester Engineers Online Portal 1.0. It has been rated as problematic. Affected by this issue is some unknown functionality. The manipulation leads to session expiration. The attack may be launched remotely. The complexity of an attack is rather high. The exploitation is known to be difficult. The exploit has been disclosed to the public and may be used. VDB-250118 is the identifier assigned to this vulnerability.,LOW,3.1,CWE-613,2024
CVE-2024-0351,A vulnerability classified as problematic has been found in SourceCodester Engineers Online Portal 1.0. This affects an unknown part. The manipulation leads to session fixiation. It is possible to initiate the attack remotely. The complexity of an attack is rather high. The exploitability is told to be difficult. The exploit has been disclosed to the public and may be used. The associated identifier of this vulnerability is VDB-250119.,LOW,3.1,CWE-384,2024
CVE-2024-0352,A vulnerability classified as critical was found in Likeshop up to 2.5.7.20210311. This vulnerability affects the function FileServer::userFormImage of the file server/application/api/controller/File.php of the component HTTP POST Request Handler. The manipulation of the argument file leads to unrestricted upload. The attack can be initiated remotely. The exploit has been disclosed to the public and may be used. The identifier of this vulnerability is VDB-250120.,HIGH,7.3,CWE-434,2024
CVE-2024-0353,Local privilege escalation vulnerability potentially allowed an attacker to misuse ESET’s file operations to delete files without having proper permission.,HIGH,7.8,CWE-269,2024
CVE-2024-0354,"A vulnerability, which was classified as critical, has been found in unknown-o download-station up to 1.1.8. This issue affects some unknown processing of the file index.php. The manipulation of the argument f leads to path traversal: '../filedir'. The attack may be initiated remotely. The exploit has been disclosed to the public and may be used. The identifier VDB-250121 was assigned to this vulnerability.",MEDIUM,5.3,CWE-24,2024
CVE-2024-0355,"A vulnerability, which was classified as critical, was found in PHPGurukul Dairy Farm Shop Management System up to 1.1. Affected is an unknown function of the file add-category.php. The manipulation of the argument category leads to sql injection. The exploit has been disclosed to the public and may be used. VDB-250122 is the identifier assigned to this vulnerability.",MEDIUM,5.5,CWE-89,2024
CVE-2024-0356,A vulnerability has been found in Mandelo ssm_shiro_blog 1.0 and classified as problematic. Affected by this vulnerability is an unknown functionality of the file updateRoles of the component Backend. The manipulation leads to improper access controls. The exploit has been disclosed to the public and may be used. The associated identifier of this vulnerability is VDB-250123.,MEDIUM,4.3,CWE-284,2024
CVE-2024-0357,A vulnerability was found in coderd-repos Eva 1.0.0 and classified as critical. Affected by this issue is some unknown functionality of the file /system/traceLog/page of the component HTTP POST Request Handler. The manipulation of the argument property leads to sql injection. The exploit has been disclosed to the public and may be used. The identifier of this vulnerability is VDB-250124.,MEDIUM,5.5,CWE-89,2024
CVE-2024-0358,A vulnerability was found in DeShang DSO2O up to 4.1.0. It has been classified as critical. This affects an unknown part of the file /install/install.php. The manipulation leads to improper access controls. It is possible to initiate the attack remotely. The exploit has been disclosed to the public and may be used. The identifier VDB-250125 was assigned to this vulnerability.,MEDIUM,5.3,CWE-284,2024
CVE-2024-0359,A vulnerability was found in code-projects Simple Online Hotel Reservation System 1.0. It has been declared as critical. This vulnerability affects unknown code of the file login.php. The manipulation of the argument username/password leads to sql injection. The attack can be initiated remotely. The exploit has been disclosed to the public and may be used. VDB-250126 is the identifier assigned to this vulnerability.,HIGH,7.3,CWE-89,2024
CVE-2024-0360,A vulnerability was found in PHPGurukul Hospital Management System 1.0. It has been rated as critical. This issue affects some unknown processing of the file admin/edit-doctor-specialization.php. The manipulation of the argument doctorspecilization leads to sql injection. The exploit has been disclosed to the public and may be used. The associated identifier of this vulnerability is VDB-250127.,MEDIUM,5.5,CWE-89,2024
CVE-2024-0361,A vulnerability classified as critical has been found in PHPGurukul Hospital Management System 1.0. Affected is an unknown function of the file admin/contact.php. The manipulation of the argument mobnum leads to sql injection. The exploit has been disclosed to the public and may be used. The identifier of this vulnerability is VDB-250128.,MEDIUM,5.5,CWE-89,2024
CVE-2024-0362,A vulnerability classified as critical was found in PHPGurukul Hospital Management System 1.0. Affected by this vulnerability is an unknown functionality of the file admin/change-password.php. The manipulation of the argument cpass leads to sql injection. The exploit has been disclosed to the public and may be used. The identifier VDB-250129 was assigned to this vulnerability.,MEDIUM,5.5,CWE-89,2024
CVE-2024-0363,"A vulnerability, which was classified as critical, has been found in PHPGurukul Hospital Management System 1.0. Affected by this issue is some unknown functionality of the file admin/patient-search.php. The manipulation of the argument searchdata leads to sql injection. The exploit has been disclosed to the public and may be used. VDB-250130 is the identifier assigned to this vulnerability.",MEDIUM,5.5,CWE-89,2024
CVE-2024-0364,"A vulnerability, which was classified as critical, was found in PHPGurukul Hospital Management System 1.0. This affects an unknown part of the file admin/query-details.php. The manipulation of the argument adminremark leads to sql injection. The exploit has been disclosed to the public and may be used. The associated identifier of this vulnerability is VDB-250131.",MEDIUM,5.5,CWE-89,2024
CVE-2024-0365,"The Fancy Product Designer WordPress plugin before 6.1.5 does not properly sanitise and escape a parameter before using it in a SQL statement, leading to a SQL injection exploitable by adminstrators.",MEDIUM,6.5,CWE-89,2024
CVE-2024-0366,"The Starbox – the Author Box for Humans plugin for WordPress is vulnerable to Insecure Direct Object Reference in all versions up to, and including, 3.4.7 via the action function due to missing validation on a user controlled key. This makes it possible for subscribers to view plugin preferences and potentially other user settings.",MEDIUM,4.3,CWE-639,2024
CVE-2024-0367,"The Unlimited Elements For Elementor plugin for WordPress is vulnerable to Stored Cross-Site Scripting via the link field of an installed widget (e.g., 'Button Link') in all versions up to, and including, 1.5.96 due to insufficient input sanitization and output escaping on user supplied attributes. This makes it possible for authenticated attackers, with contributor-level access and above, to inject arbitrary web scripts in pages that will execute whenever a user accesses an injected page.",MEDIUM,6.4,CWE-79,2024
CVE-2024-0368,"The Hustle – Email Marketing, Lead Generation, Optins, Popups plugin for WordPress is vulnerable to Sensitive Information Exposure in all versions up to, and including, 7.8.3 via hardcoded API Keys. This makes it possible for unauthenticated attackers to extract sensitive data including PII.",HIGH,8.6,NVD-CWE-Other,2024
CVE-2024-0369,"The Bulk Edit Post Titles plugin for WordPress is vulnerable to unauthorized modification of data due to a missing capability check on the bulkUpdatePostTitles function in all versions up to, and including, 5.0.0. This makes it possible for authenticated attackers, with subscriber access and above, to modify the titles of arbitrary posts.",MEDIUM,4.3,CWE-862,2024
CVE-2024-0370,"The Views for WPForms – Display & Edit WPForms Entries on your site frontend plugin for WordPress is vulnerable to unauthorized modification of data due to a missing capability check on the 'save_view' function in all versions up to, and including, 3.2.2. This makes it possible for authenticated attackers, with subscriber access and above, to modify the titles of arbitrary posts.",MEDIUM,4.3,CWE-862,2024
CVE-2024-0371,"The Views for WPForms – Display & Edit WPForms Entries on your site frontend plugin for WordPress is vulnerable to unauthorized modification of data due to a missing capability check on the 'create_view' function in all versions up to, and including, 3.2.2. This makes it possible for authenticated attackers, with subscriber access and above, to create form views.",MEDIUM,4.3,CWE-862,2024
CVE-2024-0372,"The Views for WPForms – Display & Edit WPForms Entries on your site frontend plugin for WordPress is vulnerable to unauthorized access of data due to a missing capability check on the 'get_form_fields' function in all versions up to, and including, 3.2.2. This makes it possible for authenticated attackers, with subscriber access and above, to create form views.",MEDIUM,4.3,CWE-862,2024
CVE-2024-0373,"The Views for WPForms – Display & Edit WPForms Entries on your site frontend plugin for WordPress is vulnerable to Cross-Site Request Forgery in all versions up to, and including, 3.2.2. This is due to missing or incorrect nonce validation on the 'save_view' function. This makes it possible for unauthenticated attackers to modify arbitrary post titles via a forged request granted they can trick a site administrator into performing an action such as clicking on a link.",MEDIUM,4.3,CWE-352,2024
CVE-2024-0374,"The Views for WPForms – Display & Edit WPForms Entries on your site frontend plugin for WordPress is vulnerable to Cross-Site Request Forgery in all versions up to, and including, 3.2.2. This is due to missing or incorrect nonce validation on the 'create_view' function. This makes it possible for unauthenticated attackers to create views via a forged request granted they can trick a site administrator into performing an action such as clicking on a link.",MEDIUM,4.3,CWE-352,2024
CVE-2024-0376,"The Premium Addons for Elementor plugin for WordPress is vulnerable to Stored Cross-Site Scripting via the plugin's Wrapper Link Widget in all versions up to, and including, 4.10.16 due to insufficient input sanitization and output escaping on user supplied URLs. This makes it possible for authenticated attackers with contributor-level and above permissions to inject arbitrary web scripts in pages that will execute whenever a user accesses an injected page.",MEDIUM,6.4,CWE-79,2024
CVE-2024-0377,"The LifterLMS – WordPress LMS Plugin for eLearning plugin for WordPress is vulnerable to unauthorized modification of data due to a missing capability check on the 'process_review' function in all versions up to, and including, 7.5.1. This makes it possible for unauthenticated attackers to publish an unrestricted number of reviews on the site.",MEDIUM,5.3,CWE-862,2024
CVE-2024-0378,"The AI Engine: Chatbots, Generators, Assistants, GPT 4 and more! plugin for WordPress is vulnerable to Stored Cross-Site Scripting via the AI chat data when discussion tracking is enabled in all versions up to, and including, 2.2.0 due to insufficient input sanitization and output escaping. This makes it possible for unauthenticated attackers to inject arbitrary web scripts in pages that will execute whenever a user accesses an injected page.",MEDIUM,6.5,CWE-79,2024
CVE-2024-0379,"The Custom Twitter Feeds – A Tweets Widget or X Feed Widget plugin for WordPress is vulnerable to Cross-Site Request Forgery in all versions up to, and including, 2.2.1. This is due to missing or incorrect nonce validation on the ctf_auto_save_tokens function. This makes it possible for unauthenticated attackers to update the site's twitter API token and secret via a forged request granted they can trick a site administrator into performing an action such as clicking on a link.",MEDIUM,4.3,CWE-352,2024
CVE-2024-0380,"The WP Recipe Maker plugin for WordPress is vulnerable to Directory Traversal in all versions up to, and including, 9.1.0 via the 'icon' attribute used in Shortcodes. This makes it possible for authenticated attackers, with contributor-level access and above, to include the contents of SVG files on the server, which can be leveraged for Cross-Site Scripting.",MEDIUM,5.4,CWE-22,2024
CVE-2024-0381,"The WP Recipe Maker plugin for WordPress is vulnerable to Stored Cross-Site Scripting via the use of the 'tag' attribute in the wprm-recipe-name, wprm-recipe-date, and wprm-recipe-counter shortcodes in all versions up to, and including, 9.1.0. This makes it possible for authenticated attackers with contributor-level and above permissions to inject arbitrary web scripts in pages that will execute whenever a user accesses an injected page.",MEDIUM,6.4,CWE-79,2024
CVE-2024-0382,"The WP Recipe Maker plugin for WordPress is vulnerable to Stored Cross-Site Scripting via the plugin's shortcode(s) in all versions up to, and including, 9.1.0 due to unrestricted use of the 'header_tag' attribute. This makes it possible for authenticated attackers with contributor-level and above permissions to inject arbitrary web scripts in pages that will execute whenever a user accesses an injected page.",MEDIUM,6.4,CWE-79,2024
CVE-2024-0383,"The WP Recipe Maker plugin for WordPress is vulnerable to Stored Cross-Site Scripting via the plugin's [wprm-recipe-instructions] and [wprm-recipe-ingredients] shortcodes in all versions up to, and including, 9.1.0 due to insufficient restrictions on the 'group_tag' attribute . This makes it possible for authenticated attackers with contributor-level and above permissions to inject arbitrary web scripts in pages that will execute whenever a user accesses an injected page.",MEDIUM,6.4,CWE-79,2024
CVE-2024-0384,"The WP Recipe Maker plugin for WordPress is vulnerable to Stored Cross-Site Scripting via Recipe Notes in all versions up to, and including, 9.1.0 due to insufficient input sanitization and output escaping. This makes it possible for authenticated attackers with contributor-level and above permissions to inject arbitrary web scripts in pages that will execute whenever a user accesses an injected page.",MEDIUM,6.4,CWE-79,2024
CVE-2024-0385,"The Categorify plugin for WordPress is vulnerable to unauthorized modification of data due to a missing capability check on the categorifyAjaxAddCategory function in all versions up to, and including, 1.0.7.4. This makes it possible for authenticated attackers, with subscriber-level access and above, to add categories.",MEDIUM,4.3,CWE-862,2024
CVE-2024-0386,"The weForms plugin for WordPress is vulnerable to Stored Cross-Site Scripting via the 'Referer' HTTP header in all versions up to, and including, 1.6.21 due to insufficient input sanitization and output escaping. This makes it possible for unauthenticated attackers to inject arbitrary web scripts in pages that will execute whenever a user accesses an injected page.",HIGH,7.2,CWE-79,2024
CVE-2024-0387,The EDS-4000/G4000 Series prior to version 3.2 includes IP forwarding capabilities that users cannot deactivate. An attacker may be able to send requests to the product and have it forwarded to the target. An attacker can bypass access controls or hide the source of malicious requests.,MEDIUM,6.5,CWE-1188,2024
CVE-2024-0389,"A vulnerability, which was classified as critical, was found in SourceCodester Student Attendance System 1.0. Affected is an unknown function of the file attendance_report.php. The manipulation of the argument class_id leads to sql injection. The exploit has been disclosed to the public and may be used. VDB-250230 is the identifier assigned to this vulnerability.",MEDIUM,6.3,CWE-89,2024
CVE-2024-0390,"INPRAX ""iZZi connect"" application on Android contains hard-coded MQTT queue credentials. The same MQTT queue is used by corresponding physical recuperation devices. Exploiting this vulnerability could potentially allow unauthorized access to manage and read parameters of the recuperation unit ""reQnet iZZi"".This issue affects ""iZZi connect"" application versions before 2024010401.

",CRITICAL,9.8,CWE-798,2024
CVE-2024-0392,"A Cross-Site Request Forgery (CSRF) vulnerability exists in the management console of WSO2 Enterprise Integrator 6.6.0 due to the absence of CSRF token validation. This flaw allows attackers to craft malicious requests that can trigger state-changing operations on behalf of an authenticated user, potentially compromising account settings and data integrity. The vulnerability only affects a limited set of state-changing operations, and successful exploitation requires social engineering to trick a user with access to the management console into performing the malicious action.",MEDIUM,5.4,CWE-352,2024
CVE-2024-0394,"Rapid7 Minerva Armor versions below 4.5.5 suffer from a privilege escalation vulnerability whereby an authenticated attacker can elevate privileges and execute arbitrary code with SYSTEM privilege.  The vulnerability is caused by the product's implementation of OpenSSL's`OPENSSLDIR` parameter where it is set to a path accessible to low-privileged users.  The vulnerability has been remediated and fixed in version 4.5.5. 
",HIGH,7.8,CWE-862,2024
CVE-2024-0396,"
In Progress MOVEit Transfer versions released before 2022.0.10 (14.0.10), 2022.1.11 (14.1.11), 2023.0.8 (15.0.8), 2023.1.3 (15.1.3), an input validation issue was discovered.  An authenticated user can manipulate a parameter in an HTTPS transaction.  The modified transaction could lead to computational errors within MOVEit Transfer and potentially result in a denial of service.

",HIGH,7.1,CWE-20,2024
CVE-2024-0397,"A defect was discovered in the Python “ssl” module where there is a memory
race condition with the ssl.SSLContext methods “cert_store_stats()” and
“get_ca_certs()”. The race condition can be triggered if the methods are
called at the same time as certificates are loaded into the SSLContext,
such as during the TLS handshake with a certificate directory configured.
This issue is fixed in CPython 3.10.14, 3.11.9, 3.12.3, and 3.13.0a5.",HIGH,7.4,CWE-362,2024
CVE-2024-0399,"The WooCommerce Customers Manager WordPress plugin before 29.7 does not properly sanitise and escape a parameter before using it in a SQL statement, leading to an SQL injection exploitable by Subscriber+ role.",HIGH,8.1,CWE-89,2024
CVE-2024-0400,"SCM Software is a client and server application. An Authenticated System manager client can execute LINQ query in the SCM server, for customized filtering. An Authenticated malicious client can send a specially crafted code to skip the validation and execute arbitrary code (RCE) on the SCM Server remotely. Malicious clients can execute any command by using this RCE vulnerability.",HIGH,7.5,CWE-94,2024
CVE-2024-0401,"ASUS routers supporting custom OpenVPN profiles are vulnerable to a code execution vulnerability. An authenticated and remote attacker can execute arbitrary operating system commands by uploading a crafted OVPN profile. Known affected routers include ASUS ExpertWiFi, ASUS RT-AX55, ASUS RT-AX58U, ASUS RT-AC67U, ASUS RT-AC68R, ASUS RT-AC68U, ASUS RT-AX86, ASUS RT-AC86U, ASUS RT-AX88U, and ASUS RT-AX3000.",HIGH,7.2,CWE-78,2024
CVE-2024-0402,"An issue has been discovered in GitLab CE/EE affecting all versions from 16.0 prior to 16.6.6, 16.7 prior to 16.7.4, and 16.8 prior to 16.8.1 which allows an authenticated user to write files to arbitrary locations on the GitLab server while creating a workspace.",CRITICAL,9.9,CWE-22,2024
CVE-2024-0403,"Recipes version 1.5.10 allows arbitrary HTTP requests to be made

through the server. This is possible because the application is

vulnerable to SSRF.",MEDIUM,6.5,CWE-918,2024
CVE-2024-0405,"The Burst Statistics – Privacy-Friendly Analytics for WordPress plugin, version 1.5.3, is vulnerable to Post-Authenticated SQL Injection via multiple JSON parameters in the /wp-json/burst/v1/data/compare endpoint. Affected parameters include 'browser', 'device', 'page_id', 'page_url', 'platform', and 'referrer'. This vulnerability arises due to insufficient escaping of user-supplied parameters and the lack of adequate preparation in SQL queries. As a result, authenticated attackers with editor access or higher can append additional SQL queries into existing ones, potentially leading to unauthorized access to sensitive information from the database.",HIGH,7.2,CWE-89,2024
CVE-2024-0406,"A flaw was discovered in the mholt/archiver package. This flaw allows an attacker to create a specially crafted tar file, which, when unpacked, may allow access to restricted files or directories. This issue can allow the creation or overwriting of files with the user's or application's privileges using the library.",MEDIUM,6.1,CWE-22,2024
CVE-2024-0407,"Certain HP Enterprise LaserJet, and HP LaserJet Managed Printers are potentially vulnerable to information disclosure, when connections made by the device back to services enabled by some solutions may have been trusted without the appropriate CA certificate in the device's certificate store.",MEDIUM,6.5,N/A,2024
CVE-2024-0408,"A flaw was found in the X.Org server. The GLX PBuffer code does not call the XACE hook when creating the buffer, leaving it unlabeled. When the client issues another request to access that resource (as with a GetGeometry) or when it creates another resource that needs to access that buffer, such as a GC, the XSELINUX code will try to use an object that was never labeled and crash because the SID is NULL.",MEDIUM,5.5,CWE-158,2024
CVE-2024-0409,"A flaw was found in the X.Org server. The cursor code in both Xephyr and Xwayland uses the wrong type of private at creation. It uses the cursor bits type with the cursor as private, and when initiating the cursor, that overwrites the XSELINUX context.",HIGH,7.8,CWE-787,2024
CVE-2024-0410,"An authorization bypass vulnerability was discovered in GitLab affecting versions 15.1 prior to 16.7.6, 16.8 prior to 16.8.3, and 16.9 prior to 16.9.1. A developer could bypass CODEOWNERS approvals by creating a merge conflict.",HIGH,7.7,CWE-841,2024
CVE-2024-0411,A vulnerability was found in DeShang DSMall up to 6.1.0. It has been classified as problematic. This affects an unknown part of the file public/install.php of the component HTTP GET Request Handler. The manipulation leads to improper access controls. It is possible to initiate the attack remotely. The exploit has been disclosed to the public and may be used. The associated identifier of this vulnerability is VDB-250431.,MEDIUM,5.3,CWE-284,2024
CVE-2024-0412,A vulnerability was found in DeShang DSShop up to 3.1.0. It has been declared as problematic. This vulnerability affects unknown code of the file public/install.php of the component HTTP GET Request Handler. The manipulation leads to improper access controls. The attack can be initiated remotely. The exploit has been disclosed to the public and may be used. The identifier of this vulnerability is VDB-250432.,MEDIUM,5.3,CWE-284,2024
CVE-2024-0413,A vulnerability was found in DeShang DSKMS up to 3.1.2. It has been rated as problematic. This issue affects some unknown processing of the file public/install.php. The manipulation leads to improper access controls. The attack may be initiated remotely. The exploit has been disclosed to the public and may be used. The identifier VDB-250433 was assigned to this vulnerability.,MEDIUM,5.3,CWE-284,2024
CVE-2024-0414,A vulnerability classified as problematic has been found in DeShang DSCMS up to 3.1.2/7.1. Affected is an unknown function of the file public/install.php. The manipulation leads to improper access controls. It is possible to launch the attack remotely. The exploit has been disclosed to the public and may be used. VDB-250434 is the identifier assigned to this vulnerability.,MEDIUM,5.3,CWE-284,2024
CVE-2024-0415,A vulnerability classified as critical was found in DeShang DSMall up to 6.1.0. Affected by this vulnerability is an unknown functionality of the file application/home/controller/TaobaoExport.php of the component Image URL Handler. The manipulation leads to improper access controls. The attack can be launched remotely. The exploit has been disclosed to the public and may be used. The associated identifier of this vulnerability is VDB-250435.,MEDIUM,6.3,CWE-284,2024
CVE-2024-0416,"A vulnerability, which was classified as critical, has been found in DeShang DSMall up to 5.0.3. Affected by this issue is some unknown functionality of the file application/home/controller/MemberAuth.php. The manipulation of the argument file_name leads to path traversal: '../filedir'. The attack may be launched remotely. The exploit has been disclosed to the public and may be used. The identifier of this vulnerability is VDB-250436.",MEDIUM,5.4,CWE-24,2024
CVE-2024-0417,"A vulnerability, which was classified as critical, was found in DeShang DSShop up to 2.1.5. This affects an unknown part of the file application/home/controller/MemberAuth.php. The manipulation of the argument member_info leads to path traversal: '../filedir'. It is possible to initiate the attack remotely. The exploit has been disclosed to the public and may be used. The identifier VDB-250437 was assigned to this vulnerability.",MEDIUM,5.4,CWE-24,2024
CVE-2024-0418,A vulnerability has been found in iSharer and upRedSun File Sharing Wizard up to 1.5.0 and classified as problematic. This vulnerability affects unknown code of the component GET Request Handler. The manipulation leads to denial of service. The attack can be initiated remotely. The exploit has been disclosed to the public and may be used. VDB-250438 is the identifier assigned to this vulnerability.,MEDIUM,5.3,CWE-404,2024
CVE-2024-0419,A vulnerability was found in Jasper httpdx up to 1.5.4 and classified as problematic. This issue affects some unknown processing of the component HTTP POST Request Handler. The manipulation leads to denial of service. The attack may be initiated remotely. The exploit has been disclosed to the public and may be used. The associated identifier of this vulnerability is VDB-250439.,MEDIUM,5.3,CWE-404,2024
CVE-2024-0420,"The MapPress Maps for WordPress plugin before 2.88.15 does not sanitize and escape the map title when outputting it back in the admin dashboard, allowing Contributors and above roles to perform Stored Cross-Site Scripting attacks",MEDIUM,5.4,CWE-79,2024
CVE-2024-0421,"The MapPress Maps for WordPress plugin before 2.88.16 is affected by an IDOR as it does not ensure that posts to be retrieve via an AJAX action is a public map, allowing unauthenticated users to read arbitrary private and draft posts.",MEDIUM,5.3,CWE-639,2024
CVE-2024-0422,A vulnerability was found in CodeAstro POS and Inventory Management System 1.0. It has been declared as problematic. Affected by this vulnerability is an unknown functionality of the file /new_item of the component New Item Creation Page. The manipulation of the argument new_item leads to cross site scripting. The attack can be launched remotely. The exploit has been disclosed to the public and may be used. The identifier VDB-250441 was assigned to this vulnerability.,LOW,3.5,CWE-79,2024
CVE-2024-0423,A vulnerability was found in CodeAstro Online Food Ordering System 1.0. It has been rated as problematic. Affected by this issue is some unknown functionality of the file dishes.php. The manipulation of the argument res_id leads to cross site scripting. The attack may be launched remotely. The exploit has been disclosed to the public and may be used. VDB-250442 is the identifier assigned to this vulnerability.,LOW,3.5,CWE-79,2024
CVE-2024-0424,A vulnerability classified as problematic has been found in CodeAstro Simple Banking System 1.0. This affects an unknown part of the file createuser.php of the component Create a User Page. The manipulation leads to cross site scripting. It is possible to initiate the attack remotely. The exploit has been disclosed to the public and may be used. The associated identifier of this vulnerability is VDB-250443.,LOW,3.5,CWE-79,2024
CVE-2024-0425,A vulnerability classified as critical was found in ForU CMS up to 2020-06-23. This vulnerability affects unknown code of the file /admin/index.php?act=reset_admin_psw. The manipulation leads to weak password recovery. The attack can be initiated remotely. The exploit has been disclosed to the public and may be used. The identifier of this vulnerability is VDB-250444.,MEDIUM,5.3,CWE-640,2024
CVE-2024-0426,"A vulnerability, which was classified as critical, has been found in ForU CMS up to 2020-06-23. This issue affects some unknown processing of the file admin/cms_template.php. The manipulation of the argument t_name/t_path leads to sql injection. The attack may be initiated remotely. The exploit has been disclosed to the public and may be used. The identifier VDB-250445 was assigned to this vulnerability.",MEDIUM,6.3,CWE-89,2024
CVE-2024-0427,The ARForms - Premium WordPress Form Builder Plugin WordPress plugin before 6.4.1 does not properly escape user-controlled input when it is reflected in some of its AJAX actions.,MEDIUM,6.3,CWE-79,2024
CVE-2024-0428,"The Index Now plugin for WordPress is vulnerable to Cross-Site Request Forgery in all versions up to, and including, 2.6.3. This is due to missing or incorrect nonce validation on the 'reset_form' function. This makes it possible for unauthenticated attackers to delete arbitrary site options via a forged request granted they can trick a site administrator into performing an action such as clicking on a link.",HIGH,7.1,CWE-352,2024
CVE-2024-0429,"A denial service vulnerability has been found on  Hex Workshop affecting version 6.7, an attacker could send a command line file arguments and control the Structured Exception Handler (SEH) records resulting in a service shutdown.",HIGH,7.3,CWE-119,2024
CVE-2024-0430,IObit Malware Fighter v11.0.0.1274 is vulnerable to a Denial of Service vulnerability by triggering the 0x8001E00C IOCTL code of the ImfHpRegFilter.sys driver.,MEDIUM,5.5,CWE-476,2024
CVE-2024-0431,"The Gestpay for WooCommerce plugin for WordPress is vulnerable to Cross-Site Request Forgery in all versions up to, and including, 20221130. This is due to missing or incorrect nonce validation on the 'ajax_set_default_card' function. This makes it possible for unauthenticated attackers to set the default card token for a user via a forged request granted they can trick a site administrator into performing an action such as clicking on a link.",MEDIUM,4.3,CWE-352,2024
CVE-2024-0432,"The Gestpay for WooCommerce plugin for WordPress is vulnerable to Cross-Site Request Forgery in all versions up to, and including, 20221130. This is due to missing or incorrect nonce validation on the 'ajax_delete_card' function. This makes it possible for unauthenticated attackers to delete the default card token for a user via a forged request granted they can trick a site administrator into performing an action such as clicking on a link.",MEDIUM,4.3,CWE-352,2024
CVE-2024-0433,"The Gestpay for WooCommerce plugin for WordPress is vulnerable to Cross-Site Request Forgery in all versions up to, and including, 20221130. This is due to missing or incorrect nonce validation on the 'ajax_unset_default_card' function. This makes it possible for unauthenticated attackers to remove the default status of a card token for a user via a forged request granted they can trick a site administrator into performing an action such as clicking on a link.",MEDIUM,4.3,CWE-352,2024
CVE-2024-0434,"The WordPress Tour & Travel Booking Plugin for WooCommerce – WpTravelly plugin for WordPress is vulnerable to unauthorized modification of data due to a missing capability check on the 'ttbm_new_place_save' function in all versions up to, and including, 1.7.1. This makes it possible for unauthenticated attackers to create and publish new place posts. This function is also vulnerable to CSRF.",MEDIUM,5.3,N/A,2024
CVE-2024-0435,"User can send a chat that contains an XSS opportunity that will then run when the chat is sent and on subsequent page loads.

Given the minimum requirement for a user to send a chat is to be given access to a workspace via an admin the risk is low. Additionally, the location in which the XSS renders is only limited to the user who submits the XSS. 

Ultimately, this attack is limited to the user attacking themselves. There is no anonymous chat submission unless the user does not take the minimum steps required to protect their instance.",MEDIUM,5.4,CWE-79,2024
CVE-2024-0436,"Theoretically, it would be possible for an attacker to brute-force the password for an instance in single-user password protection mode via a timing attack given the linear nature of the `!==` used for comparison.

The risk is minified by the additional overhead of the request, which varies in a non-constant nature making the attack less reliable to execute",MEDIUM,5.9,CWE-203,2024
CVE-2024-0437,"The Password Protected – Ultimate Plugin to Password Protect Your WordPress Content with Ease plugin for WordPress is vulnerable to Sensitive Information Exposure in all versions up to, and including, 2.6.6 via the API. This makes it possible for authenticated attackers, with subscriber access or higher, to extract post titles and content, thus bypassing the plugin's password protection.",MEDIUM,4.3,N/A,2024
CVE-2024-0438,"The Happy Addons for Elementor plugin for WordPress is vulnerable to Stored Cross-Site Scripting via the wrapper link parameter in the Age Gate in all versions up to, and including, 3.10.1 due to insufficient input sanitization and output escaping. This makes it possible for authenticated attackers with contributor access or higher to inject arbitrary web scripts in pages that will execute whenever a user accesses an injected page.",MEDIUM,6.4,CWE-79,2024
CVE-2024-0439,"As a manager, you should not be able to modify a series of settings. In the UI this is indeed hidden as a convenience for the role since most managers would not be savvy enough to modify these settings. They can use their token to still modify those settings though through a standard HTTP request

While this is not a critical vulnerability, it does indeed need to be patched to enforce the expected permission level.",HIGH,8.8,CWE-269,2024
CVE-2024-0440,"Attacker, with permission to submit a link or submits a link via POST  to be collected that is using the file:// protocol can then introspect host files and other relatively stored files.",MEDIUM,6.5,CWE-918,2024
CVE-2024-0442,"The Royal Elementor Addons and Templates plugin for WordPress is vulnerable to Stored Cross-Site Scripting via element URL parameters in all versions up to, and including, 1.3.87 due to insufficient input sanitization and output escaping. This makes it possible for authenticated attackers with contributor access or higher to inject arbitrary web scripts in pages that will execute whenever a user accesses an injected page.",MEDIUM,6.4,CWE-79,2024
CVE-2024-0443,"A flaw was found in the blkgs destruction path in block/blk-cgroup.c in the Linux kernel, leading to a cgroup blkio memory leakage problem. When a cgroup is being destroyed, cgroup_rstat_flush() is only called at css_release_work_fn(), which is called when the blkcg reference count reaches 0. This circular dependency will prevent blkcg and some blkgs from being freed after they are made offline. This issue may allow an attacker with a local access to cause system instability, such as an out of memory error.",MEDIUM,5.5,CWE-402,2024
CVE-2024-0444,"GStreamer AV1 Video Parsing Stack-based Buffer Overflow Remote Code Execution Vulnerability. This vulnerability allows remote attackers to execute arbitrary code on affected installations of GStreamer. Interaction with this library is required to exploit this vulnerability but attack vectors may vary depending on the implementation.

The specific flaw exists within the parsing of tile list data within AV1-encoded video files. The issue results from the lack of proper validation of the length of user-supplied data prior to copying it to a fixed-length stack-based buffer. An attacker can leverage this vulnerability to execute code in the context of the current process. Was ZDI-CAN-22873.",HIGH,8.8,CWE-121,2024
CVE-2024-0445,"The The Plus Addons for Elementor plugin for WordPress is vulnerable to Stored Cross-Site Scripting via the plugin's element attributes in all versions up to, and including, 5.4.2 due to insufficient input sanitization and output escaping. This makes it possible for authenticated attackers with contributor access or higher to inject arbitrary web scripts in pages that will execute whenever a user accesses an injected page. CVE-2024-34373 is likely a duplicate of this issue.",MEDIUM,6.4,CWE-79,2024
CVE-2024-0446,"A maliciously crafted STP, CATPART or MODEL file, when parsed in ASMKERN228A.dll and ASMdatax229A.dll through Autodesk AutoCAD, may force an Out-of-Bounds Write vulnerability. A malicious actor may leverage this vulnerability to cause a crash, cause data corruption, or execute arbitrary code in the context of the current process.",HIGH,7.8,CWE-787,2024
CVE-2024-0447,"The ArtiBot Free Chat Bot for WordPress WebSites plugin for WordPress is vulnerable to unauthorized modification of data due to a missing capability check on the artibot_update function in all versions up to, and including, 1.1.6. This makes it possible for authenticated attackers, with subscriber-level access and above, to update plugin settings.",MEDIUM,5.0,CWE-862,2024
CVE-2024-0448,"The Elementor Addons by Livemesh plugin for WordPress is vulnerable to Stored Cross-Site Scripting via the plugin's widget URL parameters in all versions up to, and including, 8.3.1 due to insufficient input sanitization and output escaping. This makes it possible for authenticated attackers with contributor access or higher to inject arbitrary web scripts in pages that will execute whenever a user accesses an injected page.",MEDIUM,6.4,CWE-79,2024
CVE-2024-0449,"The ArtiBot Free Chat Bot for WordPress WebSites plugin for WordPress is vulnerable to Stored Cross-Site Scripting via admin settings in all versions up to, and including, 1.1.6 due to insufficient input sanitization and output escaping. This makes it possible for authenticated attackers, with administrator-level permissions and above, to inject arbitrary web scripts in pages that will execute whenever a user accesses an injected page. This only affects multi-site installations and installations where unfiltered_html has been disabled.",MEDIUM,4.4,CWE-79,2024
CVE-2024-0450,"An issue was found in the CPython `zipfile` module affecting versions 3.12.1, 3.11.7, 3.10.13, 3.9.18, and 3.8.18 and prior.

The zipfile module is vulnerable to “quoted-overlap” zip-bombs which exploit the zip format to create a zip-bomb with a high compression ratio. The fixed versions of CPython makes the zipfile module reject zip archives which overlap entries in the archive.

",MEDIUM,6.2,CWE-405,2024
CVE-2024-0451,"The AI ChatBot plugin for WordPress is vulnerable to unauthorized access of data due to a missing capability check on the openai_file_list_callback function in all versions up to, and including, 5.3.4. This makes it possible for authenticated attackers, with subscriber-level access and above, to list files existing in a linked OpenAI account.",MEDIUM,5.0,CWE-862,2024
CVE-2024-0452,"The AI ChatBot plugin for WordPress is vulnerable to unauthorized modification of data due to a missing capability check on the openai_file_upload_callback function in all versions up to, and including, 5.3.4. This makes it possible for authenticated attackers, with subscriber-level access and above, to upload files to a linked OpenAI account.",MEDIUM,5.0,CWE-862,2024
CVE-2024-0453,"The AI ChatBot plugin for WordPress is vulnerable to unauthorized modification of data due to a missing capability check on the openai_file_delete_callback function in all versions up to, and including, 5.3.4. This makes it possible for authenticated attackers, with subscriber-level access and above, to delete files from a linked OpenAI account.",MEDIUM,5.0,CWE-862,2024
CVE-2024-0454,"ELAN Match-on-Chip FPR solution has design fault about potential risk of valid SID leakage and enumeration with spoof sensor.
This fault leads to that Windows Hello recognition would be bypass with cloning SID to cause broken account identity.
Version which is lower than 3.0.12011.08009(Legacy)/3.3.12011.08103(ESS) would suffer this risk on DELL Inspiron platform.",MEDIUM,6.0,CWE-290,2024
CVE-2024-0455,"The inclusion of the web scraper for AnythingLLM means that any user with the proper authorization level (manager, admin, and when in single user) could put in the URL
```
http://169.254.169.254/latest/meta-data/identity-credentials/ec2/security-credentials/ec2-instance
```
which is a special IP and URL that resolves only when the request comes from within an EC2 instance. This would allow the user to see the connection/secret credentials for their specific instance and be able to manage it regardless of who deployed it.

The user would have to have pre-existing knowledge of the hosting infra which the target instance is deployed on, but if sent - would resolve if on EC2 and the proper `iptable` or firewall rule is not configured for their setup.",HIGH,7.5,CWE-918,2024
CVE-2024-0456,"An authorization vulnerability exists in GitLab versions 14.0 prior to 16.6.6, 16.7 prior to 16.7.4, and 16.8 prior to 16.8.1. An unauthorized attacker is able to assign arbitrary users to MRs that they created within the project",MEDIUM,4.3,CWE-425,2024
CVE-2024-0459,A vulnerability has been found in Blood Bank & Donor Management 5.6 and classified as critical. This vulnerability affects unknown code of the file /admin/request-received-bydonar.php. The manipulation leads to sql injection. The attack can be initiated remotely. The exploit has been disclosed to the public and may be used. The identifier of this vulnerability is VDB-250564.,MEDIUM,4.7,CWE-89,2024
CVE-2024-0460,A vulnerability was found in code-projects Faculty Management System 1.0 and classified as critical. This issue affects some unknown processing of the file /admin/pages/student-print.php. The manipulation leads to sql injection. The attack may be initiated remotely. The exploit has been disclosed to the public and may be used. The identifier VDB-250565 was assigned to this vulnerability.,MEDIUM,6.3,CWE-89,2024
CVE-2024-0461,A vulnerability was found in code-projects Online Faculty Clearance 1.0. It has been classified as critical. Affected is an unknown function of the file deactivate.php of the component HTTP POST Request Handler. The manipulation of the argument haydi leads to sql injection. It is possible to launch the attack remotely. The exploit has been disclosed to the public and may be used. VDB-250566 is the identifier assigned to this vulnerability.,MEDIUM,6.3,CWE-89,2024
CVE-2024-0462,A vulnerability was found in code-projects Online Faculty Clearance 1.0. It has been declared as critical. Affected by this vulnerability is an unknown functionality of the file /production/designee_view_status.php of the component HTTP POST Request Handler. The manipulation of the argument haydi leads to sql injection. The attack can be launched remotely. The exploit has been disclosed to the public and may be used. The associated identifier of this vulnerability is VDB-250567.,MEDIUM,6.3,CWE-89,2024
CVE-2024-0463,A vulnerability was found in code-projects Online Faculty Clearance 1.0. It has been rated as critical. Affected by this issue is some unknown functionality of the file /production/admin_view_info.php of the component HTTP POST Request Handler. The manipulation of the argument haydi leads to sql injection. The attack may be launched remotely. The exploit has been disclosed to the public and may be used. The identifier of this vulnerability is VDB-250568.,MEDIUM,6.3,CWE-89,2024
CVE-2024-0464,A vulnerability classified as critical has been found in code-projects Online Faculty Clearance 1.0. This affects an unknown part of the file delete_faculty.php of the component HTTP GET Request Handler. The manipulation of the argument id leads to sql injection. It is possible to initiate the attack remotely. The exploit has been disclosed to the public and may be used. The identifier VDB-250569 was assigned to this vulnerability.,MEDIUM,6.3,CWE-89,2024
CVE-2024-0465,A vulnerability classified as problematic was found in code-projects Employee Profile Management System 1.0. This vulnerability affects unknown code of the file download.php. The manipulation of the argument download_file leads to path traversal: '../filedir'. The exploit has been disclosed to the public and may be used. VDB-250570 is the identifier assigned to this vulnerability.,LOW,3.5,CWE-24,2024
CVE-2024-0466,"A vulnerability, which was classified as critical, has been found in code-projects Employee Profile Management System 1.0. This issue affects some unknown processing of the file file_table.php. The manipulation of the argument per_id leads to sql injection. The exploit has been disclosed to the public and may be used. The associated identifier of this vulnerability is VDB-250571.",MEDIUM,5.5,CWE-89,2024
CVE-2024-0467,"A vulnerability, which was classified as problematic, was found in code-projects Employee Profile Management System 1.0. Affected is an unknown function of the file edit_position_query.php. The manipulation of the argument pos_name leads to cross site scripting. It is possible to launch the attack remotely. The exploit has been disclosed to the public and may be used. The identifier of this vulnerability is VDB-250572.",LOW,3.5,CWE-79,2024
CVE-2024-0468,A vulnerability has been found in code-projects Fighting Cock Information System 1.0 and classified as critical. Affected by this vulnerability is an unknown functionality of the file /admin/action/new-father.php. The manipulation of the argument image leads to unrestricted upload. The attack can be launched remotely. The exploit has been disclosed to the public and may be used. The identifier VDB-250573 was assigned to this vulnerability.,MEDIUM,6.3,CWE-434,2024
CVE-2024-0469,A vulnerability was found in code-projects Human Resource Integrated System 1.0 and classified as critical. Affected by this issue is some unknown functionality of the file update_personal_info.php. The manipulation of the argument sex leads to sql injection. The attack may be launched remotely. The exploit has been disclosed to the public and may be used. VDB-250574 is the identifier assigned to this vulnerability.,MEDIUM,6.3,CWE-89,2024
CVE-2024-0470,A vulnerability was found in code-projects Human Resource Integrated System 1.0. It has been classified as critical. This affects an unknown part of the file /admin_route/inc_service_credits.php. The manipulation of the argument id leads to sql injection. It is possible to initiate the attack remotely. The exploit has been disclosed to the public and may be used. The associated identifier of this vulnerability is VDB-250575.,MEDIUM,6.3,CWE-89,2024
CVE-2024-0471,A vulnerability was found in code-projects Human Resource Integrated System 1.0. It has been declared as critical. This vulnerability affects unknown code of the file /admin_route/dec_service_credits.php. The manipulation of the argument date leads to sql injection. The attack can be initiated remotely. The exploit has been disclosed to the public and may be used. The identifier of this vulnerability is VDB-250576.,MEDIUM,6.3,CWE-89,2024
CVE-2024-0472,A vulnerability was found in code-projects Dormitory Management System 1.0. It has been rated as problematic. This issue affects some unknown processing of the file modifyuser.php. The manipulation of the argument mname leads to information disclosure. The exploit has been disclosed to the public and may be used. The identifier VDB-250577 was assigned to this vulnerability.,LOW,3.5,CWE-200,2024
CVE-2024-0473,A vulnerability classified as critical has been found in code-projects Dormitory Management System 1.0. Affected is an unknown function of the file comment.php. The manipulation of the argument com leads to sql injection. It is possible to launch the attack remotely. The exploit has been disclosed to the public and may be used. VDB-250578 is the identifier assigned to this vulnerability.,MEDIUM,6.3,CWE-89,2024
CVE-2024-0474,A vulnerability classified as critical was found in code-projects Dormitory Management System 1.0. Affected by this vulnerability is an unknown functionality of the file login.php. The manipulation of the argument username leads to sql injection. The attack can be launched remotely. The exploit has been disclosed to the public and may be used. The associated identifier of this vulnerability is VDB-250579.,HIGH,7.3,CWE-89,2024
CVE-2024-0475,"A vulnerability, which was classified as critical, has been found in code-projects Dormitory Management System 1.0. Affected by this issue is some unknown functionality of the file modifyuser.php. The manipulation of the argument user_id leads to sql injection. The attack may be launched remotely. The exploit has been disclosed to the public and may be used. The identifier of this vulnerability is VDB-250580.",MEDIUM,6.3,CWE-89,2024
CVE-2024-0476,"A vulnerability, which was classified as problematic, was found in Blood Bank & Donor Management 1.0. This affects an unknown part of the file request-received-bydonar.php. The manipulation leads to cross site scripting. It is possible to initiate the attack remotely. The exploit has been disclosed to the public and may be used. The identifier VDB-250581 was assigned to this vulnerability.",LOW,2.4,CWE-79,2024
CVE-2024-0477,A vulnerability has been found in code-projects Fighting Cock Information System 1.0 and classified as critical. This vulnerability affects unknown code of the file /admin/action/update-deworm.php. The manipulation of the argument usage_deworm leads to sql injection. The attack can be initiated remotely. The exploit has been disclosed to the public and may be used. VDB-250582 is the identifier assigned to this vulnerability.,MEDIUM,6.3,CWE-89,2024
CVE-2024-0478,A vulnerability was found in code-projects Fighting Cock Information System 1.0 and classified as critical. This issue affects some unknown processing of the file /admin/pages/edit_chicken.php. The manipulation of the argument id leads to sql injection. The attack may be initiated remotely. The exploit has been disclosed to the public and may be used. The associated identifier of this vulnerability is VDB-250583.,MEDIUM,6.3,CWE-89,2024
CVE-2024-0479,A vulnerability was found in Taokeyun up to 1.0.5. It has been classified as critical. Affected is the function login of the file application/index/controller/m/User.php of the component HTTP POST Request Handler. The manipulation of the argument username leads to sql injection. It is possible to launch the attack remotely. The exploit has been disclosed to the public and may be used. The identifier of this vulnerability is VDB-250584.,HIGH,7.3,CWE-89,2024
CVE-2024-0480,A vulnerability was found in Taokeyun up to 1.0.5. It has been declared as critical. Affected by this vulnerability is the function index of the file application/index/controller/m/Drs.php of the component HTTP POST Request Handler. The manipulation of the argument cid leads to sql injection. The attack can be launched remotely. The exploit has been disclosed to the public and may be used. The identifier VDB-250585 was assigned to this vulnerability.,HIGH,7.3,CWE-89,2024
CVE-2024-0481,A vulnerability was found in Taokeyun up to 1.0.5. It has been rated as critical. Affected by this issue is the function shopGoods of the file application/index/controller/app/store/Goods.php of the component HTTP POST Request Handler. The manipulation of the argument keyword leads to sql injection. The attack may be launched remotely. The exploit has been disclosed to the public and may be used. VDB-250586 is the identifier assigned to this vulnerability.,MEDIUM,6.3,CWE-89,2024
CVE-2024-0482,A vulnerability classified as critical has been found in Taokeyun up to 1.0.5. This affects the function index of the file application/index/controller/app/Video.php of the component HTTP POST Request Handler. The manipulation of the argument cid leads to sql injection. It is possible to initiate the attack remotely. The exploit has been disclosed to the public and may be used. The associated identifier of this vulnerability is VDB-250587.,MEDIUM,6.3,CWE-89,2024
CVE-2024-0483,A vulnerability classified as critical was found in Taokeyun up to 1.0.5. This vulnerability affects the function index of the file application/index/controller/app/Task.php of the component HTTP POST Request Handler. The manipulation of the argument cid leads to sql injection. The attack can be initiated remotely. The exploit has been disclosed to the public and may be used. The identifier of this vulnerability is VDB-250588.,MEDIUM,6.3,CWE-89,2024
CVE-2024-0484,"A vulnerability, which was classified as critical, has been found in code-projects Fighting Cock Information System 1.0. This issue affects some unknown processing of the file admin/action/update_mother.php. The manipulation of the argument age_mother leads to sql injection. The attack may be initiated remotely. The exploit has been disclosed to the public and may be used. The identifier VDB-250589 was assigned to this vulnerability.",MEDIUM,6.3,CWE-89,2024
CVE-2024-0485,"A vulnerability, which was classified as critical, was found in code-projects Fighting Cock Information System 1.0. Affected is an unknown function of the file admin/pages/tables/add_con.php. The manipulation of the argument id leads to sql injection. It is possible to launch the attack remotely. The exploit has been disclosed to the public and may be used. VDB-250590 is the identifier assigned to this vulnerability.",MEDIUM,6.3,CWE-89,2024
CVE-2024-0486,A vulnerability has been found in code-projects Fighting Cock Information System 1.0 and classified as critical. Affected by this vulnerability is an unknown functionality of the file /admin/action/add_con.php. The manipulation of the argument chicken leads to sql injection. The attack can be launched remotely. The exploit has been disclosed to the public and may be used. The associated identifier of this vulnerability is VDB-250591.,MEDIUM,6.3,CWE-89,2024
CVE-2024-0487,A vulnerability was found in code-projects Fighting Cock Information System 1.0 and classified as critical. Affected by this issue is some unknown functionality of the file /admin/action/delete-vaccine.php. The manipulation of the argument ref leads to sql injection. The attack may be launched remotely. The exploit has been disclosed to the public and may be used. The identifier of this vulnerability is VDB-250592.,MEDIUM,6.3,CWE-89,2024
CVE-2024-0488,A vulnerability was found in code-projects Fighting Cock Information System 1.0. It has been classified as critical. This affects an unknown part of the file /admin/action/new-feed.php. The manipulation of the argument type_feed leads to sql injection. It is possible to initiate the attack remotely. The exploit has been disclosed to the public and may be used. The identifier VDB-250593 was assigned to this vulnerability.,MEDIUM,6.3,CWE-89,2024
CVE-2024-0489,A vulnerability was found in code-projects Fighting Cock Information System 1.0. It has been declared as critical. This vulnerability affects unknown code of the file /admin/action/edit_chicken.php. The manipulation of the argument ref leads to sql injection. The attack can be initiated remotely. The exploit has been disclosed to the public and may be used. VDB-250594 is the identifier assigned to this vulnerability.,MEDIUM,6.3,CWE-89,2024
CVE-2024-0490,A vulnerability was found in Huaxia ERP up to 3.1. It has been rated as problematic. This issue affects some unknown processing of the file /user/getAllList. The manipulation leads to information disclosure. The attack may be initiated remotely. The exploit has been disclosed to the public and may be used. Upgrading to version 3.2 is able to address this issue. It is recommended to upgrade the affected component. The associated identifier of this vulnerability is VDB-250595.,MEDIUM,5.3,CWE-200,2024
CVE-2024-0491,A vulnerability classified as problematic has been found in Huaxia ERP up to 3.1. Affected is an unknown function of the file src/main/java/com/jsh/erp/controller/UserController.java. The manipulation leads to weak password recovery. It is possible to launch the attack remotely. Upgrading to version 3.2 is able to address this issue. It is recommended to upgrade the affected component. The identifier of this vulnerability is VDB-250596.,MEDIUM,5.3,CWE-640,2024
CVE-2024-0492,A vulnerability classified as critical was found in Kashipara Billing Software 1.0. Affected by this vulnerability is an unknown functionality of the file buyer_detail_submit.php of the component HTTP POST Request Handler. The manipulation of the argument gstn_no leads to sql injection. The attack can be launched remotely. The exploit has been disclosed to the public and may be used. The identifier VDB-250597 was assigned to this vulnerability.,MEDIUM,6.3,CWE-89,2024
CVE-2024-0493,"A vulnerability, which was classified as critical, has been found in Kashipara Billing Software 1.0. Affected by this issue is some unknown functionality of the file submit_delivery_list.php of the component HTTP POST Request Handler. The manipulation of the argument customer_details leads to sql injection. The attack may be launched remotely. The exploit has been disclosed to the public and may be used. VDB-250598 is the identifier assigned to this vulnerability.",MEDIUM,6.3,CWE-89,2024
CVE-2024-0494,"A vulnerability, which was classified as critical, was found in Kashipara Billing Software 1.0. This affects an unknown part of the file material_bill.php of the component HTTP POST Request Handler. The manipulation of the argument itemtypeid leads to sql injection. It is possible to initiate the attack remotely. The exploit has been disclosed to the public and may be used. The associated identifier of this vulnerability is VDB-250599.",MEDIUM,6.3,CWE-89,2024
CVE-2024-0495,A vulnerability has been found in Kashipara Billing Software 1.0 and classified as critical. This vulnerability affects unknown code of the file party_submit.php of the component HTTP POST Request Handler. The manipulation of the argument party_name leads to sql injection. The attack can be initiated remotely. The exploit has been disclosed to the public and may be used. The identifier of this vulnerability is VDB-250600.,MEDIUM,6.3,CWE-89,2024
CVE-2024-0496,A vulnerability was found in Kashipara Billing Software 1.0 and classified as critical. This issue affects some unknown processing of the file item_list_edit.php of the component HTTP POST Request Handler. The manipulation of the argument id leads to sql injection. The attack may be initiated remotely. The exploit has been disclosed to the public and may be used. The identifier VDB-250601 was assigned to this vulnerability.,MEDIUM,6.3,CWE-89,2024
CVE-2024-0497,A vulnerability was found in Campcodes Student Information System 1.0. It has been classified as critical. Affected is an unknown function of the file /classes/Users.php?f=save. The manipulation of the argument username leads to sql injection. It is possible to launch the attack remotely. The exploit has been disclosed to the public and may be used. VDB-250602 is the identifier assigned to this vulnerability.,MEDIUM,6.3,CWE-89,2024
CVE-2024-0498,A vulnerability was found in Project Worlds Lawyer Management System 1.0. It has been declared as critical. Affected by this vulnerability is an unknown functionality of the file searchLawyer.php. The manipulation of the argument experience leads to sql injection. The attack can be launched remotely. The exploit has been disclosed to the public and may be used. The associated identifier of this vulnerability is VDB-250603.,MEDIUM,6.3,CWE-89,2024
CVE-2024-0499,"A vulnerability, which was classified as problematic, has been found in SourceCodester House Rental Management System 1.0. This issue affects some unknown processing of the file index.php. The manipulation of the argument page leads to cross site scripting. The attack may be initiated remotely. The exploit has been disclosed to the public and may be used. The associated identifier of this vulnerability is VDB-250607.",LOW,2.4,CWE-79,2024
CVE-2024-0500,"A vulnerability, which was classified as problematic, was found in SourceCodester House Rental Management System 1.0. Affected is an unknown function of the component Manage Tenant Details. The manipulation of the argument Name leads to cross site scripting. It is possible to launch the attack remotely. The exploit has been disclosed to the public and may be used. The identifier of this vulnerability is VDB-250608.",LOW,2.4,CWE-79,2024
CVE-2025-0001,"Abacus ERP is versions older than 2024.210.16036, 2023.205.15833, 2022.105.15542 are affected by an authenticated arbitrary file read vulnerability.",MEDIUM,6.5,CWE-36,2025
CVE-2025-0009,A NULL pointer dereference in AMD Crash Defender could allow an attacker to write a NULL output to a log file potentially resulting in a system crash and loss of availability.,MEDIUM,5.5,CWE-476,2025
CVE-2025-0010,"An out of bounds write in the Linux graphics driver could allow an attacker to overflow the buffer potentially resulting in loss of confidentiality, integrity, or availability.",MEDIUM,6.1,CWE-787,2025
CVE-2025-0011,Improper removal of sensitive information before storage or transfer in AMD Crash Defender could allow an attacker to obtain kernel address information potentially resulting in loss of confidentiality.,LOW,3.3,CWE-212,2025
CVE-2025-0014,"Incorrect default permissions on the AMD Ryzen(TM) AI installation folder could allow an attacker to achieve privilege escalation, potentially resulting in arbitrary code execution.",HIGH,7.3,CWE-276,2025
CVE-2025-0015,"Use After Free vulnerability in Arm Ltd Valhall GPU Kernel Driver, Arm Ltd Arm 5th Gen GPU Architecture Kernel Driver allows a local non-privileged user process to make improper GPU processing operations to gain access to already freed memory.This issue affects Valhall GPU Kernel Driver: from r48p0 through r49p1, from r50p0 through r52p0; Arm 5th Gen GPU Architecture Kernel Driver: from r48p0 through r49p1, from r50p0 through r52p0.",HIGH,7.8,CWE-416,2025
CVE-2025-0032,"Improper cleanup in AMD CPU microcode patch loading could allow an attacker with local administrator privilege to load malicious CPU microcode, potentially resulting in loss of integrity of x86 instruction execution.",HIGH,7.2,CWE-459,2025
CVE-2025-0034,"Insufficient parameter sanitization in TEE SOC Driver could allow an attacker to issue a malformed DRV_SOC_CMD_ID_SRIOV_SPATIAL_PART and cause read or write past the end of allocated arrays, potentially resulting in a loss of platform integrity or denial of service.",MEDIUM,4.7,CWE-787,2025
CVE-2025-0035,"Unquoted search path within AMD Cloud Manageability Service can allow a local attacker to escalate privileges, potentially resulting in arbitrary code execution.",HIGH,7.3,CWE-428,2025
CVE-2025-0036,"In AMD Versal Adaptive SoC devices, the incorrect configuration of the SSS during runtime (post-boot) cryptographic operations could cause data to be incorrectly written to and read from invalid locations as well as returning incorrect cryptographic data.",LOW,3.2,CWE-497,2025
CVE-2025-0037,"In AMD Versal Adaptive SoC devices, the lack of address validation when executing PLM runtime services through the PLM firmware can allow access to isolated or protected memory spaces, resulting in the loss of integrity and confidentiality.",MEDIUM,6.6,CWE-20,2025
CVE-2025-0038,"In AMD Zynq UltraScale+ devices, the lack of address validation when executing CSU runtime services through the PMU Firmware can allow access to isolated or protected memory spaces resulting in the loss of integrity and confidentiality.",MEDIUM,6.6,CWE-1284,2025
CVE-2025-0049,"When a Web User without Create permission on subfolders attempts to upload a file to a non-existent directory, the error message includes the absolute server path which may allow Fuzzing for application mapping.
This issue affects GoAnywhere: before 7.8.0.",LOW,3.5,CWE-209,2025
CVE-2025-0050,"Improper Restriction of Operations within the Bounds of a Memory Buffer vulnerability in Arm Ltd Bifrost GPU Userspace Driver, Arm Ltd Valhall GPU Userspace Driver, Arm Ltd Arm 5th Gen GPU Architecture Userspace Driver allows a non-privileged user process to make valid GPU processing operations, including via WebGL or WebGPU, to access a limited amount outside of buffer bounds.This issue affects Bifrost GPU Userspace Driver: from r0p0 through r49p2, from r50p0 through r51p0; Valhall GPU Userspace Driver: from r19p0 through r49p2, from r50p0 through r53p0; Arm 5th Gen GPU Architecture Userspace Driver: from r41p0 through r49p2, from r50p0 through r53p0.",MEDIUM,5.9,CWE-119,2025
CVE-2025-0053,"SAP NetWeaver Application Server for ABAP and ABAP Platform allows an attacker to gain unauthorized access to system information. By using a specific URL parameter, an unauthenticated attacker could retrieve details such as system configuration. This has a limited impact on the confidentiality of the application and may be leveraged to facilitate further attacks or exploits.",MEDIUM,5.3,CWE-209,2025
CVE-2025-0054,"SAP NetWeaver Application Server Java does not sufficiently handle user input, resulting in a stored cross-site scripting vulnerability. The application allows attackers with basic user privileges to store a Javascript payload on the server, which could be later executed in the victim's web browser. With this the attacker might be able to read or modify information associated with the vulnerable web page.",MEDIUM,5.4,CWE-79,2025
CVE-2025-0055,"SAP GUI for Windows stores user input on the client PC to improve usability. Under very specific circumstances an attacker with administrative privileges or access to the victim�s user directory on the Operating System level would be able to read this data. Depending on the user input provided in transactions, the disclosed data could range from non-critical data to highly sensitive data, causing high impact on confidentiality of the application.",MEDIUM,6.0,CWE-497,2025
CVE-2025-0056,"SAP GUI for Java saves user input on the client PC to improve usability. An attacker with administrative privileges or access to the victim�s user directory on the Operating System level would be able to read this data. Depending on the user input provided in transactions, the disclosed data could range from non-critical data to highly sensitive data, causing high impact on confidentiality of the application.",MEDIUM,6.0,CWE-497,2025
CVE-2025-0057,"SAP NetWeaver AS JAVA (User Admin Application) is vulnerable to stored cross site scripting vulnerability. An attacker posing as an admin can upload a photo with malicious JS content. When a victim visits the vulnerable component, the attacker can read and modify information within the scope of victim's web browser.",MEDIUM,4.8,CWE-434,2025
CVE-2025-0058,"In SAP Business Workflow and SAP Flexible Workflow, an authenticated attacker can manipulate a parameter in an otherwise legitimate resource request to view sensitive information that should otherwise be restricted. The attacker does not have the ability to modify the information or to make the information unavailable.",MEDIUM,6.5,CWE-639,2025
CVE-2025-0059,"Applications based on SAP GUI for HTML in SAP NetWeaver Application Server ABAP store user input in the local browser storage to improve usability. An attacker with administrative privileges or access to the victim�s user directory on the Operating System level would be able to read this data. Depending on the user input provided in transactions, the disclosed data could range from non-critical data to highly sensitive data, causing high impact on confidentiality of the application.",MEDIUM,6.0,CWE-497,2025
CVE-2025-0060,SAP BusinessObjects Business Intelligence Platform allows an authenticated user with restricted access to inject malicious JS code which can read sensitive information from the server and send it to the attacker. The attacker could further use this information to impersonate as a high privileged user causing high impact on confidentiality and integrity of the application.,MEDIUM,6.5,CWE-94,2025
CVE-2025-0061,"SAP BusinessObjects Business Intelligence Platform allows an unauthenticated attacker to perform session hijacking over the network without any user interaction, due to an information disclosure vulnerability. Attacker can access and modify all the data of the application.",HIGH,8.7,CWE-497,2025
CVE-2025-0062,"SAP BusinessObjects Business Intelligence Platform allows an attacker to inject JavaScript code in Web Intelligence reports. This code is then executed in the victim's browser each time the vulnerable page is visited by the victim. On successful exploitation, an attacker could cause limited impact on confidentiality and integrity within the scope of victim�s browser. There is no impact on availability. This vulnerability occurs only when script/html execution is enabled by the administrator in Central Management Console.",MEDIUM,4.7,CWE-79,2025
CVE-2025-0063,"SAP NetWeaver AS ABAP and ABAP Platform does not check for authorization when a user executes some RFC function modules. This could lead to an attacker with basic user privileges to gain control over the data in Informix database, leading to complete compromise of confidentiality, integrity and availability.",HIGH,8.8,CWE-89,2025
CVE-2025-0064,"Under specific conditions, the Central Management Console of the SAP BusinessObjects Business Intelligence platform allows an attacker with admin rights to generate or retrieve a secret passphrase, enabling them to impersonate any user in the system. This results in a high impact on confidentiality and integrity, with no impact on availability.",HIGH,8.7,CWE-732,2025
CVE-2025-0065,Improper Neutralization of Argument Delimiters in the TeamViewer_service.exe component of TeamViewer Clients prior version 15.62 for Windows allows an attacker with local unprivileged access on a Windows system to elevate privileges via argument injection.,HIGH,7.8,CWE-88,2025
CVE-2025-0066,"Under certain conditions SAP NetWeaver AS for ABAP and ABAP Platform (Internet Communication Framework) allows an attacker to access restricted information due to weak access controls. This can have a significant impact on the confidentiality, integrity, and availability of an application",CRITICAL,9.9,CWE-732,2025
CVE-2025-0067,"Due to a missing authorization check on service endpoints in the SAP NetWeaver Application Server Java, an attacker with standard user role can create JCo connection entries, which are used for remote function calls from or to the application server. This could lead to low impact on confidentiality, integrity, and availability of the application.",MEDIUM,6.3,CWE-862,2025
CVE-2025-0068,"An obsolete functionality in SAP NetWeaver Application Server ABAP did not perform necessary authorization checks. Because of this, an authenticated attacker could obtain information that would otherwise be restricted. It has no impact on integrity or availability on the application.",MEDIUM,4.3,CWE-862,2025
CVE-2025-0069,"Due to DLL injection vulnerability in SAPSetup, an attacker with either local user privileges or with access to a compromised corporate user�s Windows account could gain higher privileges. With this, he could move laterally within the network and further compromise the active directory of a company. This leads to high impact on confidentiality, integrity and availability of the Windows server.",HIGH,7.8,CWE-427,2025
CVE-2025-0070,"SAP NetWeaver Application Server for ABAP and ABAP Platform allows an authenticated attacker to obtain illegitimate access to the system by exploiting improper authentication checks, resulting in privilege escalation. On successful exploitation, this can result in potential security concerns. This results in a high impact on confidentiality, integrity, and availability.",CRITICAL,9.9,CWE-287,2025
CVE-2025-0071,"SAP Web Dispatcher and Internet Communication Manager allow an attacker with administrative privileges to enable debugging trace mode with a specific parameter value. This exposes unencrypted passwords in the logs, causing a high impact on the confidentiality of the application. There is no impact on integrity or availability.",MEDIUM,4.9,CWE-532,2025
CVE-2025-0072,"Use After Free vulnerability in Arm Ltd Valhall GPU Kernel Driver, Arm Ltd Arm 5th Gen GPU Architecture Kernel Driver allows a local non-privileged user process to perform improper GPU memory processing operations to gain access to already freed memory.

This issue affects Valhall GPU Kernel Driver: from r29p0 through r49p3, from r50p0 through r53p0; Arm 5th Gen GPU Architecture Kernel Driver: from r41p0 through r49p3, from r50p0 through r53p0.",HIGH,7.8,CWE-416,2025
CVE-2025-0073,"Use After Free vulnerability in Arm Ltd Valhall GPU Kernel Driver, Arm Ltd Arm 5th Gen GPU Architecture Kernel Driver allows a local non-privileged user process to perform improper GPU memory processing operations to gain access to already freed memory.This issue affects Valhall GPU Kernel Driver: from r53p0 before r54p0; Arm 5th Gen GPU Architecture Kernel Driver: from r53p0 before r54p0.",HIGH,7.8,CWE-416,2025
CVE-2025-0074,"In process_service_attr_rsp of sdp_discovery.cc, there is a possible way to execute arbitrary code due to a use after free. This could lead to remote code execution with no additional execution privileges needed. User interaction is not needed for exploitation.",CRITICAL,9.8,CWE-416,2025
CVE-2025-0075,"In process_service_search_attr_req of sdp_server.cc, there is a possible way to execute arbitrary code due to a use after free. This could lead to remote code execution with no additional execution privileges needed. User interaction is not needed for exploitation.",CRITICAL,9.8,CWE-416,2025
CVE-2025-0076,"In multiple locations, there is a possible way to view icons belonging to another user due to a missing permission check. This could lead to local information disclosure with no additional execution privileges needed. User interaction is not needed for exploitation.",LOW,3.3,CWE-862,2025
CVE-2025-0077,"In multiple functions of UserController.java, there is a possible lock screen bypass due to a race condition. This could lead to local escalation of privilege with no additional execution privileges needed. User interaction is not needed for exploitation.",MEDIUM,4.0,CWE-1223,2025
CVE-2025-0078,"In main of main.cpp, there is a possible way to bypass SELinux due to a logic error in the code. This could lead to local escalation of privilege with no additional execution privileges needed. User interaction is not needed for exploitation.",HIGH,8.8,CWE-250,2025
CVE-2025-0079,"In multiple locations, there is a possible way that avdtp and avctp channels could be unencrypted due to a logic error in the code. This could lead to local escalation of privilege with User execution privileges needed. User interaction is not needed for exploitation.",HIGH,7.8,CWE-250,2025
CVE-2025-0080,"In multiple locations, there is a possible way to overlay the installation confirmation dialog due to a tapjacking/overlay attack. This could lead to local escalation of privilege with no additional execution privileges needed. User interaction is not needed for exploitation.",HIGH,7.8,CWE-250,2025
CVE-2025-0081,"In dng_lossless_decoder::HuffDecode of dng_lossless_jpeg.cpp, there is a possible way to cause a crash due to uninitialized data. This could lead to remote denial of service with no additional execution privileges needed. User interaction is not needed for exploitation.",HIGH,7.5,CWE-457,2025
CVE-2025-0082,"In multiple functions of StatusHint.java and TelecomServiceImpl.java, there is a possible way to reveal images across users due to a confused deputy. This could lead to local information disclosure with no additional execution privileges needed. User interaction is needed for exploitation.",MEDIUM,5.5,CWE-610,2025
CVE-2025-0083,"In multiple locations, there is a possible way to access content across user profiles due to URI double encoding. This could lead to local information disclosure with no additional execution privileges needed. User interaction is not needed for exploitation.",MEDIUM,4.0,CWE-116,2025
CVE-2025-0084,"In multiple locations, there is a possible out of bounds write due to a use after free. This could lead to remote code execution over Bluetooth, if HFP support is enabled, with no additional execution privileges needed. User interaction is not needed for exploitation.",HIGH,8.8,CWE-416,2025
CVE-2025-0086,"In onResult of AccountManagerService.java, there is a possible way to overwrite auth token due to a missing permission check. This could lead to local information disclosure with no additional execution privileges needed. User interaction is not needed for exploitation.",MEDIUM,6.2,CWE-862,2025
CVE-2025-0087,"In onCreate of UninstallerActivity.java, there is a possible way to uninstall a different user's app due to a missing permission check. This could lead to local escalation of privilege with no additional execution privileges needed. User interaction is not needed for exploitation.",MEDIUM,5.1,CWE-689,2025
CVE-2025-0089,"In multiple locations, there is a possible way to hijack the Launcher app due to a logic error in the code. This could lead to local escalation of privilege with no additional execution privileges needed. User interaction is not needed for exploitation.",HIGH,7.8,CWE-693,2025
CVE-2025-0092,"In handleBondStateChanged of AdapterService.java, there is a possible permission bypass due to misleading or insufficient UI. This could lead to remote (proximal/adjacent) information disclosure with no additional execution privileges needed. User interaction is needed for exploitation.",MEDIUM,6.5,CWE-345,2025
CVE-2025-0093,"In handleBondStateChanged of AdapterService.java, there is a possible unapproved data access due to a missing permission check. This could lead to remote information disclosure with no additional execution privileges needed. User interaction is needed for exploitation.",HIGH,7.5,CWE-732,2025
CVE-2025-0101,A low privileged user can set the date of the devices to the 19th of January 2038 an therefore exceed the 32-Bit time limit. This causes some functions to work unexpected or stop working at all. Both during runtime and after a restart.,MEDIUM,6.5,CWE-190,2025
CVE-2025-0108,"An authentication bypass in the Palo Alto Networks PAN-OS software enables an unauthenticated attacker with network access to the management web interface to bypass the authentication otherwise required by the PAN-OS management web interface and invoke certain PHP scripts. While invoking these PHP scripts does not enable remote code execution, it can negatively impact integrity and confidentiality of PAN-OS.

You can greatly reduce the risk of this issue by restricting access to the management web interface to only trusted internal IP addresses according to our recommended  best practices deployment guidelines https://live.paloaltonetworks.com/t5/community-blogs/tips-amp-tricks-how-to-secure-the-management-access-of-your-palo/ba-p/464431 .

This issue does not affect Cloud NGFW or Prisma Access software.",CRITICAL,9.1,CWE-306,2025
CVE-2025-0111,"An authenticated file read vulnerability in the Palo Alto Networks PAN-OS software enables an authenticated attacker with network access to the management web interface to read files on the PAN-OS filesystem that are readable by the “nobody” user.

You can greatly reduce the risk of this issue by restricting access to the management web interface to only trusted internal IP addresses according to our recommended  best practices deployment guidelines https://live.paloaltonetworks.com/t5/community-blogs/tips-amp-tricks-how-to-secure-the-management-access-of-your-palo/ba-p/464431 .



This issue does not affect Cloud NGFW or Prisma Access software.",MEDIUM,6.5,CWE-73,2025
CVE-2025-0118,"A vulnerability in the Palo Alto Networks GlobalProtect app on Windows allows a remote attacker to run ActiveX controls within the context of an authenticated Windows user. This enables the attacker to run commands as if they are a legitimate authenticated user. However, to exploit this vulnerability, the authenticated user must navigate to a malicious page during the GlobalProtect SAML login process on a Windows device.

This issue does not apply to the GlobalProtect app on other (non-Windows) platforms.",HIGH,8.0,CWE-618,2025
CVE-2025-0120,"A vulnerability with a privilege management mechanism in the Palo Alto Networks GlobalProtect™ app on Windows devices allows a locally authenticated non-administrative Windows user to escalate their privileges to NT AUTHORITY\SYSTEM. However, execution requires that the local user can also successfully exploit a race condition, which makes this vulnerability difficult to exploit.",HIGH,7.0,CWE-250,2025
CVE-2025-0124,"An authenticated file deletion vulnerability in the Palo Alto Networks PAN-OS® software enables an authenticated attacker with network access to the management web interface to delete certain files as the “nobody” user; this includes limited logs and configuration files but does not include system files.

The attacker must have network access to the management web interface to exploit this issue. You greatly reduce the risk of this issue by restricting access to the management web interface to only trusted internal IP addresses according to our recommended  critical deployment guidelines https://live.paloaltonetworks.com/t5/community-blogs/tips-amp-tricks-how-to-secure-the-management-access-of-your-palo/ba-p/464431 .

This issue affects Cloud NGFW. However, this issue does not affect Prisma® Access software.",LOW,3.8,CWE-73,2025
CVE-2025-0130,"A missing exception check in Palo Alto Networks PAN-OS® software with the web proxy feature enabled allows an unauthenticated attacker to send a burst of maliciously crafted packets that causes the firewall to become unresponsive and eventually reboot. Repeated successful attempts to trigger this condition will cause the firewall to enter maintenance mode.

This issue does not affect Cloud NGFW or Prisma Access.",HIGH,7.5,CWE-754,2025
CVE-2025-0135,"An incorrect privilege assignment vulnerability in the Palo Alto Networks GlobalProtect™ App on macOS devices enables a locally authenticated non administrative user to disable the app.

The GlobalProtect app on Windows, Linux, iOS, Android, Chrome OS and GlobalProtect UWP app are not affected.",LOW,3.3,CWE-266,2025
CVE-2025-0142,Cleartext storage of sensitive information in the Zoom Jenkins Marketplace plugin before version 1.4 may allow an authenticated user to conduct a disclosure of information via network access.,MEDIUM,4.3,CWE-312,2025
CVE-2025-0143,Out-of-bounds write in the Zoom Workplace App for Linux before version 6.2.5 may allow an unauthorized user to conduct a denial of service via network access.,MEDIUM,4.3,CWE-787,2025
CVE-2025-0144,Out-of-bounds write in some Zoom Workplace Apps may allow an authorized user to conduct a loss of integrity via network access.,LOW,3.1,CWE-787,2025
CVE-2025-0145,Untrusted search path in the installer for some Zoom Workplace Apps for Windows may allow an authorized user to conduct an escalation of privilege via local access.,MEDIUM,4.6,CWE-426,2025
CVE-2025-0146,Symlink following in the installer for Zoom Workplace App for macOS before 6.2.10 may allow an authenticated user to conduct a denial of service via local access.,LOW,3.9,CWE-59,2025
CVE-2025-0147,Type confusion in the Zoom Workplace App for Linux before 6.2.10 may allow an authorized user to conduct an escalation of privilege via network access.,HIGH,8.8,CWE-843,2025
CVE-2025-0148,Missing password field masking in the Zoom Jenkins Marketplace plugin before version 1.6 may allow an unauthenticated user to conduct a disclosure of information via adjacent network access.,LOW,2.6,CWE-549,2025
CVE-2025-0149,Insufficient verification of data authenticity in some Zoom Workplace Apps may allow an unprivileged user to conduct a denial of service via network access.,MEDIUM,6.5,CWE-345,2025
CVE-2025-0150,Incorrect behavior order in some Zoom Workplace Apps for iOS before version 6.3.0 may allow an authenticated user to conduct a denial of service via network access.,HIGH,7.1,CWE-696,2025
CVE-2025-0151,Use after free in some Zoom Workplace Apps may allow an authenticated user to conduct an escalation of privilege via network access.,HIGH,8.5,CWE-416,2025
CVE-2025-0154,IBM TXSeries for Multiplatforms 9.1 and 11.1 could disclose sensitive information to a remote attacker due to improper neutralization of HTTP headers.,MEDIUM,5.3,CWE-644,2025
CVE-2025-0158,IBM EntireX 11.1 could allow a local user to cause a denial of service due to an unhandled error and fault isolation.,MEDIUM,5.5,CWE-248,2025
CVE-2025-0159,"IBM FlashSystem (IBM Storage Virtualize (8.5.0.0 through 8.5.0.13, 8.5.1.0, 8.5.2.0 through 8.5.2.3, 8.5.3.0 through 8.5.3.1, 8.5.4.0, 8.6.0.0 through 8.6.0.5, 8.6.1.0, 8.6.2.0 through 8.6.2.1, 8.6.3.0, 8.7.0.0 through 8.7.0.2, 8.7.1.0, 8.7.2.0 through 8.7.2.1) could allow a remote attacker to bypass RPCAdapter endpoint authentication by sending a specifically crafted HTTP request.",CRITICAL,9.1,CWE-288,2025
CVE-2025-0160,"IBM FlashSystem (IBM Storage Virtualize (8.5.0.0 through 8.5.0.13, 8.5.1.0, 8.5.2.0 through 8.5.2.3, 8.5.3.0 through 8.5.3.1, 8.5.4.0, 8.6.0.0 through 8.6.0.5, 8.6.1.0, 8.6.2.0 through 8.6.2.1, 8.6.3.0, 8.7.0.0 through 8.7.0.2, 8.7.1.0, 8.7.2.0 through 8.7.2.1)  could allow a remote attacker with access to the system to execute arbitrary Java code due to improper restrictions in the RPCAdapter service.",HIGH,8.1,CWE-114,2025
CVE-2025-0161,IBM Security Verify Access Appliance 10.0.0.0 through 10.0.0.9 and 11.0.0.0 could allow a local user to execute arbitrary code due to improper restrictions on code generation.,HIGH,7.8,CWE-94,2025
CVE-2025-0162,IBM Aspera Shares 1.9.9 through 1.10.0 PL7 is vulnerable to an XML external entity injection (XXE) attack when processing XML data. A remote authenticated attacker could exploit this vulnerability to expose sensitive information or consume memory resources.,HIGH,7.1,CWE-611,2025
CVE-2025-0163,IBM Security Verify Access Appliance and Docker 10.0 through 10.0.8 could allow a remote attacker to enumerate usernames due to an observable response discrepancy of disabled accounts.,MEDIUM,5.3,CWE-204,2025
CVE-2025-0164,IBM QRadar SIEM 7.5 through 7.5 Update Pack 13 Independent Fix 01 could allow a local privileged user to perform unauthorized actions on configuration files due to improper permission assignment.,LOW,2.3,CWE-732,2025
CVE-2025-0165,"IBM watsonx Orchestrate Cartridge for IBM Cloud Pak for Data 4.8.4, 4.8.5, and 5.0.0 through 5.2.0 is vulnerable to SQL injection. A remote attacker could send specially crafted SQL statements, which could allow the attacker to view, add, modify, or delete information in the back-end database.",HIGH,7.6,CWE-89,2025
CVE-2025-0167,"When asked to use a `.netrc` file for credentials **and** to follow HTTP
redirects, curl could leak the password used for the first host to the
followed-to host under certain circumstances.

This flaw only manifests itself if the netrc file has a `default` entry that
omits both login and password. A rare circumstance.",LOW,3.4,NVD-CWE-noinfo,2025
CVE-2025-0168,A vulnerability classified as critical has been found in code-projects Job Recruitment 1.0. This affects an unknown part of the file /_parse/_feedback_system.php. The manipulation of the argument person leads to sql injection. It is possible to initiate the attack remotely. The exploit has been disclosed to the public and may be used.,MEDIUM,6.3,CWE-74,2025
CVE-2025-0169,"The DWT - Directory & Listing WordPress Theme is vulnerable to Stored Cross-Site Scripting via shortcodes in versions up to, and including, 3.3.4 due to insufficient input sanitization and output escaping on user supplied attributes. This makes it possible for authenticated attackers with contributor-level and above permissions to inject arbitrary web scripts in pages that will execute whenever a user accesses an injected page.",MEDIUM,6.4,CWE-79,2025
CVE-2025-0170,"The DWT - Directory & Listing WordPress Theme is vulnerable to Reflected Cross-Site Scripting in versions up to, and including, 3.3.3 due to insufficient input sanitization and output escaping on the 'sort_by' and 'token' parameters. This makes it possible for unauthenticated attackers to inject arbitrary web scripts in pages that execute if they can successfully trick a user into performing an action such as clicking on a link.",MEDIUM,6.1,CWE-79,2025
CVE-2025-0171,"A vulnerability, which was classified as critical, was found in code-projects Chat System 1.0. Affected is an unknown function of the file /admin/deleteuser.php. The manipulation of the argument id leads to sql injection. It is possible to launch the attack remotely. The exploit has been disclosed to the public and may be used.",MEDIUM,6.3,CWE-74,2025
CVE-2025-0172,A vulnerability has been found in code-projects Chat System 1.0 and classified as critical. Affected by this vulnerability is an unknown functionality of the file /admin/deleteroom.php. The manipulation of the argument id leads to sql injection. The attack can be launched remotely. The exploit has been disclosed to the public and may be used.,MEDIUM,6.3,CWE-74,2025
CVE-2025-0173,A vulnerability was found in SourceCodester Online Eyewear Shop 1.0 and classified as critical. Affected by this issue is some unknown functionality of the file /orders/view_order.php. The manipulation of the argument id leads to sql injection. The attack may be launched remotely. The exploit has been disclosed to the public and may be used.,MEDIUM,6.3,CWE-74,2025
CVE-2025-0174,A vulnerability was found in code-projects Point of Sales and Inventory Management System 1.0. It has been classified as critical. This affects an unknown part of the file /user/search_result2.php of the component Parameter Handler. The manipulation of the argument search leads to sql injection. It is possible to initiate the attack remotely. The exploit has been disclosed to the public and may be used.,MEDIUM,6.3,CWE-74,2025
CVE-2025-0175,A vulnerability was found in code-projects Online Shop 1.0. It has been declared as problematic. This vulnerability affects unknown code of the file /view.php. The manipulation of the argument name/details leads to cross site scripting. The attack can be initiated remotely. The exploit has been disclosed to the public and may be used.,LOW,3.5,CWE-79,2025
CVE-2025-0176,A vulnerability was found in code-projects Point of Sales and Inventory Management System 1.0. It has been rated as critical. This issue affects some unknown processing of the file /user/add_cart.php. The manipulation of the argument id/qty leads to sql injection. The attack may be initiated remotely. The exploit has been disclosed to the public and may be used.,MEDIUM,6.3,CWE-74,2025
CVE-2025-0177,"The Javo Core plugin for WordPress is vulnerable to privilege escalation in all versions up to, and including, 3.0.0.080. This is due to the plugin allowing users who are registering new accounts to set their own role. This makes it possible for unauthenticated attackers to gain elevated privileges by creating an account with the administrator role.",CRITICAL,9.8,CWE-269,2025
CVE-2025-0180,"The WP Foodbakery plugin for WordPress is vulnerable to privilege escalation in all versions up to, and including, 3.3. This is due to the plugin not properly restricting what user meta can be updated during profile registration. This makes it possible for unauthenticated attackers to register on the site as an administrator.",CRITICAL,9.8,CWE-269,2025
CVE-2025-0181,"The WP Foodbakery plugin for WordPress is vulnerable to privilege escalation via account takeover in all versions up to, and including, 4.7. This is due to the plugin not properly validating a user's identity prior to setting the current user and their authentication cookie. This makes it possible for unauthenticated attackers to gain access to a target user's (e.g. administrators) account.",CRITICAL,9.8,CWE-288,2025
CVE-2025-0185,"A vulnerability in the Dify Tools' Vanna module of the langgenius/dify repository allows for a Pandas Query Injection in the latest version. The vulnerability occurs in the function `vn.get_training_plan_generic(df_information_schema)`, which does not properly sanitize user inputs before executing queries using the Pandas library. This can potentially lead to Remote Code Execution (RCE) if exploited.",HIGH,8.8,CWE-94,2025
CVE-2025-0189,"In version 3.25.0 of aimhubio/aim, the tracking server is vulnerable to a denial of service attack. The server overrides the maximum size for websocket messages, allowing very large images to be tracked. This causes the server to become unresponsive to other requests while processing the large image, leading to a denial of service condition.",HIGH,7.5,CWE-400,2025
CVE-2025-0190,"In version 3.25.0 of aimhubio/aim, a denial of service vulnerability exists. By tracking a large number of `Text` objects and then querying them simultaneously through the web API, the Aim web server becomes unresponsive to other requests for an extended period while processing and returning these objects. This vulnerability can be exploited repeatedly, leading to a complete denial of service.",HIGH,7.5,CWE-1049,2025
CVE-2025-0194,"An issue was discovered in GitLab CE/EE affecting all versions starting from 17.4 prior to 17.5.5, starting from 17.6 prior to 17.6.3, and starting from 17.7 prior to 17.7.1. Under certain conditions, access tokens may have been logged when API requests were made in a specific manner.",MEDIUM,6.5,CWE-538,2025
CVE-2025-0195,A vulnerability was found in code-projects Point of Sales and Inventory Management System 1.0. It has been rated as critical. Affected by this issue is some unknown functionality of the file /user/del_product.php. The manipulation of the argument id leads to sql injection. The attack may be launched remotely. The exploit has been disclosed to the public and may be used.,MEDIUM,6.3,CWE-74,2025
CVE-2025-0196,A vulnerability classified as critical has been found in code-projects Point of Sales and Inventory Management System 1.0. This affects an unknown part of the file /user/plist.php. The manipulation of the argument cat leads to sql injection. It is possible to initiate the attack remotely. The exploit has been disclosed to the public and may be used.,MEDIUM,6.3,CWE-74,2025
CVE-2025-0197,A vulnerability classified as critical was found in code-projects Point of Sales and Inventory Management System 1.0. This vulnerability affects unknown code of the file /user/search.php. The manipulation of the argument name leads to sql injection. The attack can be initiated remotely. The exploit has been disclosed to the public and may be used.,MEDIUM,6.3,CWE-74,2025
CVE-2025-0198,"A vulnerability, which was classified as critical, has been found in code-projects Point of Sales and Inventory Management System 1.0. This issue affects some unknown processing of the file /user/search_result.php. The manipulation of the argument id leads to sql injection. The attack may be initiated remotely. The exploit has been disclosed to the public and may be used.",MEDIUM,6.3,CWE-74,2025
CVE-2025-0199,"A vulnerability, which was classified as critical, was found in code-projects Point of Sales and Inventory Management System 1.0. Affected is an unknown function of the file /user/minus_cart.php. The manipulation of the argument id leads to sql injection. It is possible to launch the attack remotely. The exploit has been disclosed to the public and may be used.",MEDIUM,6.3,CWE-74,2025
CVE-2025-0200,A vulnerability has been found in code-projects Point of Sales and Inventory Management System 1.0 and classified as critical. Affected by this vulnerability is an unknown functionality of the file /user/search_num.php. The manipulation of the argument search leads to sql injection. The attack can be launched remotely. The exploit has been disclosed to the public and may be used.,MEDIUM,6.3,CWE-74,2025
CVE-2025-0201,A vulnerability was found in code-projects Point of Sales and Inventory Management System 1.0 and classified as critical. Affected by this issue is some unknown functionality of the file /user/update_account.php. The manipulation of the argument username leads to sql injection. The attack may be launched remotely. The exploit has been disclosed to the public and may be used.,MEDIUM,6.3,CWE-74,2025
CVE-2025-0202,A vulnerability was found in TCS BaNCS 10. It has been classified as problematic. This affects an unknown part of the file /REPORTS/REPORTS_SHOW_FILE.jsp. The manipulation of the argument FilePath leads to file inclusion. The real existence of this vulnerability is still doubted at the moment.,MEDIUM,5.5,CWE-73,2025
CVE-2025-0203,A vulnerability was found in code-projects Student Management System 1.0. It has been declared as critical. This vulnerability affects the function showSubject1 of the file /config/DbFunction.php. The manipulation of the argument sid leads to sql injection. The attack can be initiated remotely. The exploit has been disclosed to the public and may be used. Other parameters might be affected as well.,MEDIUM,6.3,CWE-74,2025
CVE-2025-0204,A vulnerability was found in code-projects Online Shoe Store 1.0. It has been rated as critical. This issue affects some unknown processing of the file /details.php. The manipulation of the argument id leads to sql injection. The attack may be initiated remotely. The exploit has been disclosed to the public and may be used.,MEDIUM,6.3,CWE-74,2025
CVE-2025-0205,A vulnerability classified as critical has been found in code-projects Online Shoe Store 1.0. Affected is an unknown function of the file /details2.php. The manipulation of the argument id leads to sql injection. It is possible to launch the attack remotely. The exploit has been disclosed to the public and may be used.,MEDIUM,6.3,CWE-74,2025
CVE-2025-0206,A vulnerability classified as critical was found in code-projects Online Shoe Store 1.0. Affected by this vulnerability is an unknown functionality of the file /admin/index.php. The manipulation leads to improper access controls. The attack can be launched remotely. The exploit has been disclosed to the public and may be used.,MEDIUM,5.3,CWE-266,2025
CVE-2025-0207,"A vulnerability, which was classified as critical, has been found in code-projects Online Shoe Store 1.0. Affected by this issue is some unknown functionality of the file /function/login.php. The manipulation of the argument password leads to sql injection. The attack may be launched remotely. The exploit has been disclosed to the public and may be used.",HIGH,7.3,CWE-74,2025
CVE-2025-0208,"A vulnerability, which was classified as critical, was found in code-projects Online Shoe Store 1.0. This affects an unknown part of the file /summary.php. The manipulation of the argument tid leads to sql injection. It is possible to initiate the attack remotely. The exploit has been disclosed to the public and may be used.",MEDIUM,6.3,CWE-74,2025
CVE-2025-0209,"A reflected cross-site scripting (XSS) vulnerability exists in the account registration flow of WSO2 Identity Server due to improper output encoding. A malicious actor can exploit this vulnerability by injecting a crafted payload that is reflected in the server response, enabling the execution of arbitrary JavaScript in the victim's browser.

This vulnerability could allow attackers to redirect users to malicious websites, modify the user interface, or exfiltrate data from the browser. However, session-related sensitive cookies are protected using the httpOnly flag, which mitigates the risk of session hijacking.",MEDIUM,6.1,CWE-79,2025
CVE-2025-0210,A vulnerability has been found in Campcodes School Faculty Scheduling System 1.0 and classified as critical. Affected by this vulnerability is an unknown functionality of the file /admin/ajax.php?action=login. The manipulation of the argument username leads to sql injection. The attack can be launched remotely. The exploit has been disclosed to the public and may be used.,HIGH,7.3,CWE-74,2025
CVE-2025-0211,A vulnerability was found in Campcodes School Faculty Scheduling System 1.0 and classified as critical. Affected by this issue is some unknown functionality of the file /admin/index.php. The manipulation of the argument page leads to file inclusion. The attack may be launched remotely. The exploit has been disclosed to the public and may be used.,MEDIUM,6.3,CWE-73,2025
CVE-2025-0212,A vulnerability was found in Campcodes Student Grading System 1.0. It has been classified as critical. This affects an unknown part of the file /view_students.php. The manipulation of the argument id leads to sql injection. It is possible to initiate the attack remotely. The exploit has been disclosed to the public and may be used.,MEDIUM,6.3,CWE-74,2025
CVE-2025-0213,A vulnerability was found in Campcodes Project Management System 1.0. It has been declared as critical. This vulnerability affects unknown code of the file /forms/update_forms.php?action=change_pic2&id=4. The manipulation of the argument file leads to unrestricted upload. The attack can be initiated remotely. The exploit has been disclosed to the public and may be used.,MEDIUM,6.3,CWE-284,2025
CVE-2025-0214,A vulnerability was found in TMD Custom Header Menu 4.0.0.1 on OpenCart. It has been rated as problematic. This issue affects some unknown processing of the file /admin/index.php. The manipulation of the argument headermenu_id leads to sql injection. The attack may be initiated remotely. The complexity of an attack is rather high. The exploitation is known to be difficult. The exploit has been disclosed to the public and may be used. It is recommended to upgrade the affected component.,MEDIUM,4.1,CWE-74,2025
CVE-2025-0215,"The UpdraftPlus: WP Backup & Migration Plugin plugin for WordPress is vulnerable to Reflected Cross-Site Scripting via the showdata and initiate_restore parameters in all versions up to, and including, 1.24.12 due to insufficient input sanitization and output escaping. This makes it possible for unauthenticated attackers to inject arbitrary web scripts in pages that execute if they can successfully trick an admin user into performing an action such as clicking on a link.",MEDIUM,6.1,CWE-79,2025
CVE-2025-0217,"BeyondTrust Privileged Remote Access (PRA) versions prior to 25.1 are vulnerable to a local authentication bypass. A local authenticated attacker can view the connection details of a ShellJump session that was initiated with external tools, allowing unauthorized access to connected sessions.",HIGH,7.8,CWE-287,2025
CVE-2025-0218,"When batch jobs are executed by pgAgent, a script is created in a temporary directory and then executed. In versions of pgAgent prior to 4.2.3, an insufficiently seeded random number generator is used when generating the directory name, leading to the possibility for a local attacker to pre-create the directory and thus prevent pgAgent from executing jobs, disrupting scheduled tasks.",MEDIUM,5.5,CWE-340,2025
CVE-2025-0219,"A vulnerability, which was classified as problematic, has been found in Trimble SPS851 488.01. Affected by this issue is some unknown functionality of the component Receiver Status Identity Tab. The manipulation of the argument System Name leads to cross site scripting. The attack may be launched remotely. The exploit has been disclosed to the public and may be used. The vendor was contacted early about this disclosure but did not respond in any way.",LOW,2.4,CWE-79,2025
CVE-2025-0220,"A vulnerability, which was classified as problematic, was found in Trimble SPS851 488.01. This affects an unknown part of the component Ethernet Configuration Menu. The manipulation of the argument Hostname leads to cross site scripting. It is possible to initiate the attack remotely. The exploit has been disclosed to the public and may be used. The vendor was contacted early about this disclosure but did not respond in any way.",LOW,2.4,CWE-79,2025
CVE-2025-0221,A vulnerability has been found in IOBit Protected Folder up to 1.3.0 and classified as problematic. This vulnerability affects the function 0x22200c in the library pffilter.sys of the component IOCTL Handler. The manipulation leads to null pointer dereference. The attack needs to be approached locally. The exploit has been disclosed to the public and may be used. The vendor was contacted early about this disclosure but did not respond in any way.,MEDIUM,5.5,CWE-404,2025
CVE-2025-0222,A vulnerability was found in IObit Protected Folder up to 13.6.0.5 and classified as problematic. This issue affects the function 0x8001E000/0x8001E004 in the library IUProcessFilter.sys of the component IOCTL Handler. The manipulation leads to null pointer dereference. An attack has to be approached locally. The exploit has been disclosed to the public and may be used. The vendor was contacted early about this disclosure but did not respond in any way.,MEDIUM,5.5,CWE-404,2025
CVE-2025-0223,A vulnerability was found in IObit Protected Folder up to 13.6.0.5. It has been classified as problematic. Affected is the function 0x8001E000/0x8001E00C/0x8001E004/0x8001E010 in the library IURegistryFilter.sys of the component IOCTL Handler. The manipulation leads to null pointer dereference. Local access is required to approach this attack. The exploit has been disclosed to the public and may be used. The vendor was contacted early about this disclosure but did not respond in any way.,MEDIUM,5.5,CWE-404,2025
CVE-2025-0224,"A vulnerability was found in Provision-ISR SH-4050A-2, SH-4100A-2L(MM), SH-8100A-2L(MM), SH-16200A-2(1U), SH-16200A-5(1U) and NVR5-8200PX up to 20241220. It has been declared as problematic. Affected by this vulnerability is an unknown functionality of the file /server.js. The manipulation leads to information disclosure. The attack can be launched remotely. The exploit has been disclosed to the public and may be used.",MEDIUM,5.3,CWE-200,2025
CVE-2025-0225,A vulnerability classified as problematic was found in Tsinghua Unigroup Electronic Archives System 3.2.210802(62532). Affected by this vulnerability is an unknown functionality of the file /setting/ClassFy/exampleDownload.html. The manipulation of the argument name leads to path traversal: '/../filedir'. The attack can be launched remotely. The exploit has been disclosed to the public and may be used.,MEDIUM,4.3,CWE-23,2025
CVE-2025-0226,"A vulnerability, which was classified as problematic, has been found in Tsinghua Unigroup Electronic Archives System 3.2.210802(62532). Affected by this issue is the function download of the file /collect/PortV4/downLoad.html. The manipulation of the argument path leads to information disclosure. The attack may be launched remotely. The exploit has been disclosed to the public and may be used.",MEDIUM,4.3,CWE-200,2025
CVE-2025-0227,"A vulnerability, which was classified as problematic, was found in Tsinghua Unigroup Electronic Archives System 3.2.210802(62532). This affects an unknown part of the file /Logs/Annals/downLoad.html. The manipulation of the argument path leads to information disclosure. It is possible to initiate the attack remotely. The exploit has been disclosed to the public and may be used.",MEDIUM,4.3,CWE-200,2025
CVE-2025-0228,A vulnerability has been found in code-projects Local Storage Todo App 1.0 and classified as problematic. This vulnerability affects unknown code of the file /js-todo-app/index.html. The manipulation of the argument Add leads to cross site scripting. The attack can be initiated remotely. The exploit has been disclosed to the public and may be used.,LOW,2.4,CWE-79,2025
CVE-2025-0229,"A vulnerability, which was classified as critical, has been found in code-projects Travel Management System 1.0. This issue affects some unknown processing of the file /enquiry.php. The manipulation of the argument pid/t1/t2/t3/t4/t5/t6/t7 leads to sql injection. The attack may be initiated remotely. The exploit has been disclosed to the public and may be used.",MEDIUM,6.3,CWE-74,2025
CVE-2025-0230,"A vulnerability, which was classified as critical, was found in code-projects Responsive Hotel Site 1.0. Affected is an unknown function of the file /admin/print.php. The manipulation of the argument pid leads to sql injection. It is possible to launch the attack remotely. The exploit has been disclosed to the public and may be used.",MEDIUM,6.3,CWE-74,2025
CVE-2025-0231,A vulnerability has been found in Codezips Gym Management System 1.0 and classified as critical. Affected by this vulnerability is an unknown functionality of the file /dashboard/admin/submit_payments.php. The manipulation of the argument m_id leads to sql injection. The attack can be launched remotely. The exploit has been disclosed to the public and may be used.,MEDIUM,6.3,CWE-74,2025
CVE-2025-0232,A vulnerability was found in Codezips Blood Bank Management System 1.0 and classified as critical. Affected by this issue is some unknown functionality of the file /successadmin.php. The manipulation of the argument psw leads to sql injection. The attack may be launched remotely. The exploit has been disclosed to the public and may be used.,MEDIUM,6.3,CWE-74,2025
CVE-2025-0233,A vulnerability was found in Codezips Project Management System 1.0. It has been classified as critical. This affects an unknown part of the file /pages/forms/course.php. The manipulation of the argument course_name leads to sql injection. It is possible to initiate the attack remotely. The exploit has been disclosed to the public and may be used.,HIGH,7.3,CWE-74,2025
CVE-2025-0234,Out-of-bounds vulnerability in curve segmentation processing of Generic PCL6 V4 Printer Driver / Generic UFR II V4 Printer Driver / Generic LIPSLX V4 Printer Driver.,MEDIUM,5.3,CWE-787,2025
CVE-2025-0235,Out-of-bounds vulnerability due to improper memory release during image rendering in Generic PCL6 V4 Printer Driver / Generic UFR II V4 Printer Driver / Generic LIPSLX V4 Printer Driver.,MEDIUM,5.3,CWE-787,2025
CVE-2025-0236,Out-of-bounds vulnerability in slope processing during curve rendering in Generic PCL6 V4 Printer Driver / Generic UFR II V4 Printer Driver / Generic LIPSLX V4 Printer Driver.,MEDIUM,5.3,CWE-787,2025
CVE-2025-0237,"The WebChannel API, which is used to transport various information across processes, did not check the sending principal but rather accepted the principal being sent. This could have led to privilege escalation attacks. This vulnerability affects Firefox < 134, Firefox ESR < 128.6, Thunderbird < 134, and Thunderbird < 128.6.",MEDIUM,5.4,CWE-863,2025
CVE-2025-0238,"Assuming a controlled failed memory allocation, an attacker could have caused a use-after-free, leading to a potentially exploitable crash. This vulnerability affects Firefox < 134, Firefox ESR < 128.6, Firefox ESR < 115.19, Thunderbird < 134, and Thunderbird < 128.6.",MEDIUM,5.3,CWE-416,2025
CVE-2025-0239,"When using Alt-Svc, ALPN did not properly validate certificates when the original server is redirecting to an insecure site. This vulnerability affects Firefox < 134, Firefox ESR < 128.6, Thunderbird < 134, and Thunderbird < 128.6.",MEDIUM,4.0,CWE-295,2025
CVE-2025-0240,"Parsing a JavaScript module as JSON could, under some circumstances, cause cross-compartment access, which may result in a use-after-free. This vulnerability affects Firefox < 134, Firefox ESR < 128.6, Thunderbird < 134, and Thunderbird < 128.6.",MEDIUM,4.0,CWE-416,2025
CVE-2025-0241,"When segmenting specially crafted text, segmentation would corrupt memory leading to a potentially exploitable crash. This vulnerability affects Firefox < 134, Firefox ESR < 128.6, Thunderbird < 134, and Thunderbird < 128.6.",HIGH,7.7,CWE-401,2025
CVE-2025-0242,"Memory safety bugs present in Firefox 133, Thunderbird 133, Firefox ESR 115.18, Firefox ESR 128.5, Thunderbird 115.18, and Thunderbird 128.5. Some of these bugs showed evidence of memory corruption and we presume that with enough effort some of these could have been exploited to run arbitrary code. This vulnerability affects Firefox < 134, Firefox ESR < 128.6, Firefox ESR < 115.19, Thunderbird < 134, and Thunderbird < 128.6.",MEDIUM,6.5,CWE-787,2025
CVE-2025-0243,"Memory safety bugs present in Firefox 133, Thunderbird 133, Firefox ESR 128.5, and Thunderbird 128.5. Some of these bugs showed evidence of memory corruption and we presume that with enough effort some of these could have been exploited to run arbitrary code. This vulnerability affects Firefox < 134, Firefox ESR < 128.6, Thunderbird < 134, and Thunderbird < 128.6.",MEDIUM,5.1,CWE-787,2025
CVE-2025-0244,"When redirecting to an invalid protocol scheme, an attacker could spoof the address bar. 
*Note: This issue only affected Android operating systems. Other operating systems are unaffected.* This vulnerability affects Firefox < 134.",MEDIUM,5.3,CWE-601,2025
CVE-2025-0245,"Under certain circumstances, a user opt-in setting that Focus should require authentication before use could have been be bypassed. This vulnerability affects Firefox < 134.",LOW,3.3,NVD-CWE-noinfo,2025
CVE-2025-0246,"When using an invalid protocol scheme, an attacker could spoof the address bar. 
*Note: This issue only affected Android operating systems. Other operating systems are unaffected.*
*Note: This issue is a different issue from CVE-2025-0244. This vulnerability affects Firefox < 134.",MEDIUM,6.5,NVD-CWE-noinfo,2025
CVE-2025-0247,Memory safety bugs present in Firefox 133 and Thunderbird 133. Some of these bugs showed evidence of memory corruption and we presume that with enough effort some of these could have been exploited to run arbitrary code. This vulnerability affects Firefox < 134 and Thunderbird < 134.,CRITICAL,9.8,CWE-787,2025
CVE-2025-0249,HCL IEM is affected by an improper invalidation of access or JWT token vulnerability.  A token was not invalidated which may allow attackers to access sensitive data without authorization.,LOW,3.3,CWE-287,2025
CVE-2025-0250,HCL IEM is affected by an authorization token sent in cookie vulnerability.  A token used for authentication and authorization is being handled in a manner that may increase its exposure to security risks.,LOW,2.2,CWE-319,2025
CVE-2025-0251,"HCL IEM is affected by a concurrent login vulnerability.  The application allows multiple concurrent sessions using the same user credentials, which may introduce security risks.",LOW,2.6,CWE-384,2025
CVE-2025-0252,"HCL IEM is affected by a password in cleartext vulnerability.  Sensitive information is transmitted without adequate protection, potentially exposing it to unauthorized access during transit.",LOW,2.6,CWE-319,2025
CVE-2025-0253,HCL IEM is affected by a cookie attribute not set vulnerability due to inconsistency of certain security-related configurations which could increase exposure to potential vulnerabilities.,LOW,2.0,CWE-384,2025
CVE-2025-0254,HCL Digital Experience components Ring API and dxclient may be vulnerable to man-in-the-middle (MitM) attacks prior to 9.5 CF226.  An attacker could intercept and potentially alter communication between two parties.,MEDIUM,5.9,CWE-295,2025
CVE-2025-0255,HCL DevOps Deploy / HCL Launch could allow a remote privileged authenticated attacker to execute arbitrary commands on the system by sending specially crafted input containing special elements.,HIGH,7.2,CWE-78,2025
CVE-2025-0256,HCL DevOps Deploy / HCL Launch could allow an authenticated user to obtain sensitive information about other users on the system due to missing authorization for a function.,MEDIUM,4.3,CWE-306,2025
CVE-2025-0257,HCL DevOps Deploy / HCL Launch could allow unauthorized access to other services or potential exposure of sensitive data due to missing authentication in its Agent Relay service.,MEDIUM,6.3,CWE-306,2025
CVE-2025-0272,HCL DevOps Deploy / HCL Launch is vulnerable to HTML injection. This vulnerability may allow a user to embed arbitrary HTML tags in the Web UI potentially leading to sensitive information disclosure.,MEDIUM,5.4,CWE-80,2025
CVE-2025-0273,HCL DevOps Deploy / HCL Launch stores potentially sensitive authentication token information in log files that could be read by a local user.,MEDIUM,5.5,CWE-532,2025
CVE-2025-0278,"HCL Traveler is affected by an internal path disclosure in a Windows application when the application inadvertently reveals internal file paths, in error messages, debug logs, or responses to user requests.",MEDIUM,4.3,CWE-497,2025
CVE-2025-0279,"HCL Traveler generates some error messages that provide detailed information about errors and failures, such as internal paths, file names, sensitive tokens, credentials, error codes, or stack traces.  Attackers could exploit this information to gain insights into the system's architecture and potentially launch targeted attacks.",MEDIUM,4.3,CWE-209,2025
CVE-2025-0280,A security vulnerability in HCL Compass can allow attacker to gain unauthorized database access.,HIGH,7.5,CWE-257,2025
CVE-2025-0281,"A stored cross-site scripting (XSS) vulnerability exists in lunary-ai/lunary versions 1.6.7 and earlier. An attacker can inject malicious JavaScript into the SAML IdP XML metadata, which is used to generate the SAML login redirect URL. This URL is then set as the value of `window.location.href` without proper validation or sanitization. This vulnerability allows the attacker to execute arbitrary JavaScript in the context of the user's browser, potentially leading to session hijacking, data theft, or other malicious actions. The issue is fixed in version 1.7.10.",MEDIUM,5.4,CWE-79,2025
CVE-2025-0282,"A stack-based buffer overflow in Ivanti Connect Secure before version 22.7R2.5, Ivanti Policy Secure before version 22.7R1.2, and Ivanti Neurons for ZTA gateways before version 22.7R2.3 allows a remote unauthenticated attacker to achieve remote code execution.",CRITICAL,9.0,CWE-121,2025
CVE-2025-0283,"A stack-based buffer overflow in Ivanti Connect Secure before version 22.7R2.5, Ivanti Policy Secure before version 22.7R1.2, and Ivanti Neurons for ZTA gateways before version 22.7R2.3 allows a local authenticated attacker to escalate their privileges.",HIGH,7.0,CWE-121,2025
CVE-2025-0285,"Various Paragon Software products contain an arbitrary kernel memory mapping vulnerability within biontdrv.sys that is caused by a failure to properly validate the length of user supplied data, which can allow an attacker to perform privilege escalation exploits.",HIGH,7.8,CWE-1284,2025
CVE-2025-0286,"Various Paragon Software products contain an arbitrary kernel memory write vulnerability within biontdrv.sys that is caused by a failure to properly validate the length of user supplied data, which can allow an attacker to execute arbitrary code on the victim machine.",HIGH,8.4,CWE-1284,2025
CVE-2025-0287,"Various Paragon Software products contain a null pointer dereference vulnerability within biontdrv.sys that is caused by a lack of a valid MasterLrp structure in the input buffer, allowing an attacker to execute arbitrary code in the kernel, facilitating privilege escalation.",MEDIUM,5.1,CWE-476,2025
CVE-2025-0288,"Various Paragon Software products contain an arbitrary kernel memory vulnerability within biontdrv.sys, facilitated by the memmove function, which does not validate or sanitize user controlled input, allowing an attacker the ability to write arbitrary kernel memory and perform privilege escalation.",HIGH,7.8,NVD-CWE-noinfo,2025
CVE-2025-0289,"Various Paragon Software products contain an insecure kernel resource access vulnerability facilitated by the driver not validating the MappedSystemVa pointer before passing it to HalReturnToFirmware, which can allows an attacker the ability to compromise the service.",HIGH,7.8,NVD-CWE-noinfo,2025
CVE-2025-0290,"An issue has been discovered in GitLab CE/EE affecting all versions starting from 15.0 prior to 17.5.5, from 17.6 prior to 17.6.3, and from 17.7 prior to 17.7.1. Under certain conditions, processing of CI artifacts metadata could cause background jobs to become unresponsive.",MEDIUM,4.3,CWE-835,2025
CVE-2025-0291,Type Confusion in V8 in Google Chrome prior to 131.0.6778.264 allowed a remote attacker to execute arbitrary code inside a sandbox via a crafted HTML page. (Chromium security severity: High),HIGH,8.8,CWE-843,2025
CVE-2025-0292,SSRF in Ivanti Connect Secure before version 22.7R2.8 and Ivanti Policy Secure before version 22.7R1.5 allows a remote authenticated attacker with admin rights to access internal network services.,MEDIUM,5.5,CWE-918,2025
CVE-2025-0293,CLRF injection in Ivanti Connect Secure before version 22.7R2.8 and Ivanti Policy Secure before version 22.7R1.5 allows a remote authenticated attacker with admin rights to write to a protected configuration file on disk.,MEDIUM,6.6,CWE-93,2025
CVE-2025-0294,A vulnerability has been found in SourceCodester Home Clean Services Management System 1.0 and classified as critical. Affected by this vulnerability is an unknown functionality of the file /public_html/admin/process.php. The manipulation of the argument type/length/business leads to sql injection. The attack can be launched remotely. The exploit has been disclosed to the public and may be used. Other parameters might be affected as well.,MEDIUM,4.7,CWE-74,2025
CVE-2025-0295,A vulnerability was found in code-projects Online Book Shop 1.0 and classified as problematic. Affected by this issue is some unknown functionality of the file /booklist.php?subcatid=1. The manipulation of the argument subcatnm leads to cross site scripting. The attack may be launched remotely. The exploit has been disclosed to the public and may be used.,LOW,3.5,CWE-79,2025
CVE-2025-0296,A vulnerability was found in code-projects Online Book Shop 1.0. It has been classified as critical. This affects an unknown part of the file /booklist.php. The manipulation of the argument subcatid leads to sql injection. It is possible to initiate the attack remotely. The exploit has been disclosed to the public and may be used.,MEDIUM,6.3,CWE-74,2025
CVE-2025-0297,A vulnerability was found in code-projects Online Book Shop 1.0. It has been declared as critical. This vulnerability affects unknown code of the file /detail.php. The manipulation of the argument id leads to sql injection. The attack can be initiated remotely. The exploit has been disclosed to the public and may be used.,MEDIUM,6.3,CWE-74,2025
CVE-2025-0298,A vulnerability was found in code-projects Online Book Shop 1.0. It has been rated as critical. This issue affects some unknown processing of the file /process_login.php. The manipulation of the argument usernm leads to sql injection. The attack may be initiated remotely. The exploit has been disclosed to the public and may be used.,MEDIUM,6.3,CWE-74,2025
CVE-2025-0299,A vulnerability classified as critical has been found in code-projects Online Book Shop 1.0. Affected is an unknown function of the file /search_result.php. The manipulation of the argument s leads to sql injection. It is possible to launch the attack remotely. The exploit has been disclosed to the public and may be used.,MEDIUM,6.3,CWE-74,2025
CVE-2025-0300,A vulnerability classified as critical was found in code-projects Online Book Shop 1.0. Affected by this vulnerability is an unknown functionality of the file /subcat.php. The manipulation of the argument cat leads to sql injection. The attack can be launched remotely. The exploit has been disclosed to the public and may be used.,MEDIUM,6.3,CWE-74,2025
CVE-2025-0301,"A vulnerability, which was classified as problematic, has been found in code-projects Online Book Shop 1.0. Affected by this issue is some unknown functionality of the file /subcat.php. The manipulation of the argument catnm leads to cross site scripting. The attack may be launched remotely. The exploit has been disclosed to the public and may be used.",LOW,3.5,CWE-79,2025
CVE-2025-0302,in OpenHarmony v4.1.2 and prior versions allow a local attacker cause DOS through integer overflow.,MEDIUM,5.5,CWE-190,2025
CVE-2025-0303,in OpenHarmony v4.1.2 and prior versions allow a local attacker cause the common permission is upgraded to root and sensitive information leak through buffer overflow.,HIGH,8.8,CWE-120,2025
CVE-2025-0304,in OpenHarmony v4.1.2 and prior versions allow a local attacker cause the common permission is upgraded to root and sensitive information leak through use after free.,HIGH,8.8,CWE-416,2025
CVE-2025-0306,A vulnerability was found in Ruby. The Ruby interpreter is vulnerable to the Marvin Attack. This attack allows the attacker to decrypt previously encrypted messages or forge signatures by exchanging a large number of messages with the vulnerable service.,HIGH,7.4,CWE-385,2025
CVE-2025-0308,"The Ultimate Member – User Profile, Registration, Login, Member Directory, Content Restriction & Membership Plugin plugin for WordPress is vulnerable to time-based SQL Injection via the search parameter in all versions up to, and including, 2.9.1 due to insufficient escaping on the user supplied parameter and lack of sufficient preparation on the existing SQL query.  This makes it possible for unauthenticated attackers to append additional SQL queries into already existing queries that can be used to extract sensitive information from the database.",HIGH,7.5,CWE-89,2025
CVE-2025-0311,"The Orbit Fox by ThemeIsle plugin for WordPress is vulnerable to Stored Cross-Site Scripting via the plugin's Pricing Table widget in all versions up to, and including, 2.10.43 due to insufficient input sanitization and output escaping on user supplied attributes. This makes it possible for authenticated attackers, with contributor-level access and above, to inject arbitrary web scripts in pages that will execute whenever a user accesses an injected page.",MEDIUM,6.4,CWE-79,2025
CVE-2025-0312,"A vulnerability in ollama/ollama versions <=0.3.14 allows a malicious user to create a customized GGUF model file that, when uploaded and created on the Ollama server, can cause a crash due to an unchecked null pointer dereference. This can lead to a Denial of Service (DoS) attack via remote network.",HIGH,7.5,CWE-476,2025
CVE-2025-0314,"An issue has been discovered in GitLab CE/EE affecting all versions from 17.2 before 17.6.4, 17.7 before 17.7.3, and 17.8 before 17.8.1. Improper rendering of certain file types lead to cross-site scripting.",HIGH,8.7,CWE-79,2025
CVE-2025-0315,"A vulnerability in ollama/ollama <=0.3.14 allows a malicious user to create a customized GGUF model file, upload it to the Ollama server, and create it. This can cause the server to allocate unlimited memory, leading to a Denial of Service (DoS) attack.",HIGH,7.5,CWE-770,2025
CVE-2025-0316,"The WP Directorybox Manager plugin for WordPress is vulnerable to authentication bypass in versions up to, and including, 2.5. This is due to incorrect authentication in the 'wp_dp_enquiry_agent_contact_form_submit_callback' function. This makes it possible for unauthenticated attackers to log in as any existing user on the site, such as an administrator, if they have access to the username.",CRITICAL,9.8,CWE-288,2025
CVE-2025-0317,"A vulnerability in ollama/ollama versions <=0.3.14 allows a malicious user to upload and create a customized GGUF model file on the Ollama server. This can lead to a division by zero error in the ggufPadding function, causing the server to crash and resulting in a Denial of Service (DoS) attack.",HIGH,7.5,CWE-369,2025
CVE-2025-0318,"The Ultimate Member – User Profile, Registration, Login, Member Directory, Content Restriction & Membership Plugin plugin for WordPress is vulnerable to Information Exposure in all versions up to, and including, 2.9.1 through different error messages in the responses. This makes it possible for unauthenticated attackers to exfiltrate data from wp_usermeta table.",MEDIUM,5.3,CWE-200,2025
CVE-2025-0320,Local Privilege escalation allows a low-privileged user to gain SYSTEM privileges in Citrix Secure Access Client for Windows,HIGH,7.8,CWE-269,2025
CVE-2025-0321,"The ElementsKit Pro plugin for WordPress is vulnerable to DOM-Based Stored Cross-Site Scripting via the ‘url’ parameter in all versions up to, and including, 3.7.8 due to insufficient input sanitization and output escaping. This makes it possible for authenticated attackers, with Contributor-level access and above, to inject arbitrary web scripts in pages that will execute whenever a user accesses an injected page.",MEDIUM,6.4,CWE-79,2025
CVE-2025-0324,"The VAPIX Device Configuration framework allowed a privilege escalation, enabling a lower-privileged user to gain administrator privileges.",CRITICAL,9.4,CWE-791,2025
CVE-2025-0325,"A Guard Tour VAPIX API parameter allowed the use of arbitrary values and can be incorrectly called, allowing an attacker to block access to the guard tour configuration page in the web interface of the Axis device.",MEDIUM,4.3,CWE-628,2025
CVE-2025-0327,"CWE-269: Improper Privilege Management vulnerability exists for two services (of which one managing audit
trail data and the other acting as server managing client request) that could cause a loss of Confidentiality,
Integrity and Availability of engineering workstation when an attacker with standard privilege modifies the
executable path of the windows services. To be exploited, services need to be restarted.",HIGH,7.8,CWE-269,2025
CVE-2025-0328,"A vulnerability, which was classified as critical, has been found in KaiYuanTong ECT Platform up to 2.0.0. Affected by this issue is some unknown functionality of the file /public/server/runCode.php of the component HTTP POST Request Handler. The manipulation of the argument code leads to command injection. The attack may be launched remotely. The exploit has been disclosed to the public and may be used. The vendor was contacted early about this disclosure but did not respond in any way.",HIGH,7.3,CWE-74,2025
CVE-2025-0329,"The AI ChatBot for WordPress  WordPress plugin before 6.2.4 does not sanitise and escape some of its settings, which could allow high privilege users such as admin to perform Stored Cross-Site Scripting attacks even when the unfiltered_html capability is disallowed (for example in multisite setup).",MEDIUM,4.8,CWE-79,2025
CVE-2025-0331,"A vulnerability, which was classified as critical, has been found in YunzMall up to 2.4.2. This issue affects the function changePwd of the file /app/platform/controllers/ResetpwdController.php of the component HTTP POST Request Handler. The manipulation of the argument pwd leads to weak password recovery. The attack may be initiated remotely. The exploit has been disclosed to the public and may be used. The vendor was contacted early about this disclosure but did not respond in any way.",MEDIUM,5.3,CWE-640,2025
CVE-2025-0332,"In Progress® Telerik® UI for WinForms, versions prior to 2025 Q1 (2025.1.211), using the improper limitation of a target path can lead to decompressing an archive's content into a restricted directory.",HIGH,7.8,CWE-22,2025
CVE-2025-0333,"A vulnerability, which was classified as critical, was found in leiyuxi cy-fast 1.0. Affected is the function listData of the file /sys/role/listData. The manipulation of the argument order leads to sql injection. It is possible to launch the attack remotely. The exploit has been disclosed to the public and may be used.",MEDIUM,6.3,CWE-74,2025
CVE-2025-0334,A vulnerability has been found in leiyuxi cy-fast 1.0 and classified as critical. Affected by this vulnerability is the function listData of the file /sys/user/listData. The manipulation of the argument order leads to sql injection. The attack can be launched remotely. The exploit has been disclosed to the public and may be used.,MEDIUM,6.3,CWE-74,2025
CVE-2025-0335,A vulnerability was found in code-projects Online Bike Rental System 1.0 and classified as critical. Affected by this issue is some unknown functionality of the component Change Image Handler. The manipulation leads to unrestricted upload. The attack may be launched remotely. The exploit has been disclosed to the public and may be used. Other endpoints might be affected as well.,MEDIUM,6.3,CWE-284,2025
CVE-2025-0336,A vulnerability was found in Codezips Project Management System 1.0. It has been classified as critical. This affects an unknown part of the file /pages/forms/teacher.php. The manipulation of the argument name leads to sql injection. It is possible to initiate the attack remotely. The exploit has been disclosed to the public and may be used.,MEDIUM,6.3,CWE-74,2025
CVE-2025-0337,"ServiceNow has addressed an authorization bypass vulnerability that was identified in the Washington release of the Now Platform. This vulnerability, if exploited, potentially could enable an authenticated user to access unauthorized data stored within the Now Platform that the user otherwise would not be entitled to access. 

This issue is addressed in the listed patches and family release, which have been made available to hosted and self-hosted customers, as well as partners.",MEDIUM,6.5,CWE-639,2025
CVE-2025-0339,A vulnerability classified as problematic has been found in code-projects Online Bike Rental 1.0. Affected is an unknown function of the file /vehical-details.php of the component HTTP GET Request Handler. The manipulation leads to cross site scripting. It is possible to launch the attack remotely.,LOW,3.5,CWE-79,2025
CVE-2025-0340,A vulnerability classified as critical was found in code-projects Cinema Seat Reservation System 1.0. Affected by this vulnerability is an unknown functionality of the file /admin/deleteBooking.php. The manipulation of the argument id leads to sql injection. The attack can be launched remotely. The exploit has been disclosed to the public and may be used.,HIGH,7.3,CWE-74,2025
CVE-2025-0341,"A vulnerability, which was classified as critical, has been found in CampCodes Computer Laboratory Management System 1.0. Affected by this issue is some unknown functionality of the file /class/edit/edit. The manipulation of the argument e_photo leads to unrestricted upload. The attack may be launched remotely. The exploit has been disclosed to the public and may be used.",MEDIUM,6.3,CWE-284,2025
CVE-2025-0342,"A vulnerability, which was classified as problematic, was found in CampCodes Computer Laboratory Management System 1.0. This affects an unknown part of the file /class/edit/edit. The manipulation of the argument s_lname leads to cross site scripting. It is possible to initiate the attack remotely. The exploit has been disclosed to the public and may be used. Other parameters might be affected as well.",LOW,3.5,CWE-79,2025
CVE-2025-0343,"Swift ASN.1 can be caused to crash when parsing certain BER/DER constructions. This crash is caused by a confusion in the ASN.1 library itself which assumes that certain objects can only be provided in either constructed or primitive forms, and will trigger a preconditionFailure if that constraint isn't met.

Importantly, these constraints are actually required to be true in DER, but that correctness wasn't enforced on the early node parser side so it was incorrect to rely on it later on in decoding, which is what the library did.

These crashes can be triggered when parsing any DER/BER format object. There is no memory-safety issue here: the crash is a graceful one from the Swift runtime. The impact of this is that it can be used as a denial-of-service vector when parsing BER/DER data from unknown sources, e.g. when parsing TLS certificates.",HIGH,7.5,CWE-228,2025
CVE-2025-0344,A vulnerability has been found in leiyuxi cy-fast 1.0 and classified as critical. Affected by this vulnerability is the function listData of the file /commpara/listData. The manipulation of the argument order leads to sql injection. The attack can be launched remotely. The exploit has been disclosed to the public and may be used.,MEDIUM,6.3,CWE-74,2025
CVE-2025-0345,A vulnerability was found in leiyuxi cy-fast 1.0 and classified as critical. Affected by this issue is the function listData of the file /sys/menu/listData. The manipulation of the argument order leads to sql injection. The attack may be launched remotely. The exploit has been disclosed to the public and may be used.,MEDIUM,6.3,CWE-74,2025
CVE-2025-0346,A vulnerability was found in code-projects Content Management System 1.0. It has been classified as critical. This affects an unknown part of the file /admin/publishnews.php of the component Publish News Page. The manipulation of the argument image leads to unrestricted upload. It is possible to initiate the attack remotely. The exploit has been disclosed to the public and may be used.,MEDIUM,4.7,CWE-284,2025
CVE-2025-0347,A vulnerability was found in code-projects Admission Management System 1.0. It has been declared as critical. This vulnerability affects unknown code of the file index.php of the component Login. The manipulation of the argument u_id leads to sql injection. The attack can be initiated remotely. The exploit has been disclosed to the public and may be used.,HIGH,7.3,CWE-74,2025
CVE-2025-0348,A vulnerability was found in CampCodes DepEd Equipment Inventory System 1.0. It has been rated as problematic. This issue affects some unknown processing of the file /data/add_employee.php. The manipulation of the argument data leads to cross site scripting. The attack may be initiated remotely. The exploit has been disclosed to the public and may be used.,LOW,3.5,CWE-79,2025
CVE-2025-0349,A vulnerability classified as critical has been found in Tenda AC6 15.03.05.16. Affected is the function GetParentControlInfo of the file /goform/GetParentControlInfo. The manipulation of the argument src/mac leads to stack-based buffer overflow. It is possible to launch the attack remotely. The exploit has been disclosed to the public and may be used. Other parameters might be affected as well.,HIGH,8.8,CWE-119,2025
CVE-2025-0350,"The Divi Carousel Maker – Image, Logo, Testimonial, Post Carousel & More plugin for WordPress is vulnerable to Stored Cross-Site Scripting via the plugin's Image Carousel and Logo Carousel in all versions up to, and including, 2.0.4 due to insufficient input sanitization and output escaping on user supplied attributes. This makes it possible for authenticated attackers, with contributor-level access and above, to inject arbitrary web scripts in pages that will execute whenever a user accesses an injected page.",MEDIUM,6.4,CWE-79,2025
CVE-2025-0352,"Rapid Response Monitoring My Security Account App utilizes an API that could be exploited by an attacker to modify request data, potentially causing the API to return information about other users.",HIGH,7.5,CWE-639,2025
CVE-2025-0353,"The Divi Torque Lite – Best Divi Addon, Extensions, Modules & Social Modules plugin for WordPress is vulnerable to Stored Cross-Site Scripting via several widgets in all versions up to, and including, 4.1.0 due to insufficient input sanitization and output escaping on user supplied attributes. This makes it possible for authenticated attackers, with contributor-level access and above, to inject arbitrary web scripts in pages that will execute whenever a user accesses an injected page.",MEDIUM,6.4,CWE-79,2025
CVE-2025-0354,"Cross-site scripting vulnerability in NEC Corporation Aterm WG2600HS Ver.1.7.2 and earlier, WG2600HP4 Ver.1.4.2 and earlier, WG2600HM4 Ver.1.4.2 and earlier, WG2600HS2 Ver.1.3.2 and earlier, WX3000HP Ver.2.4.2 and earlier and WX4200D5 Ver.1.2.4 and earlier allows a attacker to inject an arbitrary script via the network.",MEDIUM,4.8,CWE-79,2025
CVE-2025-0355,"Missing Authentication for Critical Function vulnerability in NEC Corporation Aterm WG2600HS Ver.1.7.2 and earlier, WF1200CRS Ver.1.6.0 and earlier, WG1200CRS Ver.1.5.0 and earlier, GB1200PE Ver.1.3.0 and earlier, WG2600HP4 Ver.1.4.2 and earlier, WG2600HM4 Ver.1.4.2 and earlier, WG2600HS2 Ver.1.3.2 and earlier, WX3000HP Ver.2.4.2 and earlier and WX4200D5 Ver.1.2.4 and earlier allows a attacker to get a Wi-Fi password via the network.",HIGH,7.5,CWE-306,2025
CVE-2025-0356,NEC Corporation Aterm WX1500HP Ver.1.4.2 and earlier and WX3600HP Ver.1.5.3 and earlier allows a attacker to execute arbitrary OS commands via the network.,HIGH,7.2,CWE-78,2025
CVE-2025-0357,"The WPBookit plugin for WordPress is vulnerable to arbitrary file uploads due to insufficient file type validation in the 'WPB_Profile_controller::handle_image_upload' function in versions up to, and including, 1.6.9. This makes it possible for unauthenticated attackers to upload arbitrary files on the affected site's server which may make remote code execution possible.",CRITICAL,9.8,CWE-434,2025
CVE-2025-0358,"During an annual penetration test conducted on behalf of Axis Communication, Truesec discovered a flaw in the VAPIX Device Configuration framework that allowed a privilege escalation, enabling a lower-privileged user to gain administrator privileges.",HIGH,8.8,CWE-269,2025
CVE-2025-0359,"During an annual penetration test conducted on behalf of Axis Communication, Truesec discovered a flaw in the ACAP Application framework that allowed applications to access restricted D-Bus methods within the framework. 
Axis has released patched AXIS OS versions for the highlighted flaw. Please refer to the Axis security advisory for more information and solution.",HIGH,8.5,CWE-863,2025
CVE-2025-0360,"During an annual penetration test conducted on behalf of Axis Communication, Truesec discovered a flaw in the VAPIX Device Configuration framework that could lead to an incorrect user privilege level in the VAPIX service account D-Bus API.",HIGH,7.8,CWE-863,2025
CVE-2025-0361,"During an annual penetration test conducted on behalf of Axis Communications, Truesec discovered a flaw in the VAPIX Device Configuration framework that allowed for unauthenticated username enumeration through the VAPIX Device Configuration SSH Management API.",MEDIUM,4.3,CWE-203,2025
CVE-2025-0362,"An issue has been discovered in GitLab CE/EE affecting all versions from 7.7 before 17.8.7, 17.9 before 17.9.6, and 17.10 before 17.10.4. Under certain conditions, an attacker could potentially trick users into unintentionally authorizing sensitive actions on their behalf.",MEDIUM,6.4,CWE-1021,2025
CVE-2025-0364,"BigAntSoft BigAnt Server, up to and including version 5.6.06, is vulnerable to unauthenticated remote code execution via account registration. An unauthenticated remote attacker can create an administrative user through the default exposed SaaS registration mechanism. Once an administrator, the attacker can upload and execute arbitrary PHP code using the ""Cloud Storage Addin,"" leading to unauthenticated code execution.",CRITICAL,9.8,CWE-288,2025
CVE-2025-0365,"The Jupiter X Core plugin for WordPress is vulnerable to Directory Traversal in all versions up to, and including, 4.8.7 via the inline SVG feature. This makes it possible for authenticated attackers, with Contributor-level access and above, to read the contents of arbitrary files on the server, which can contain sensitive information.",MEDIUM,6.5,CWE-22,2025
CVE-2025-0366,"The Jupiter X Core plugin for WordPress is vulnerable to Local File Inclusion to Remote Code Execution in all versions up to, and including, 4.8.7 via the get_svg() function. This makes it possible for authenticated attackers, with Contributor-level access and above, to include and execute arbitrary files on the server, allowing the execution of any PHP code in those files. This can be used to bypass access controls, obtain sensitive data, or achieve code execution. In this specific case,  an attacker can create a form that allows SVG uploads, upload an SVG file with malicious content and then include the SVG file in a post to achieve remote code execution. This means it is relatively easy to gain remote code execution as a contributor-level user and above by default.",HIGH,8.8,CWE-98,2025
CVE-2025-0367,"In versions 3.1.0 and lower of the Splunk Supporting Add-on for Active Directory, also known as SA-ldapsearch, a vulnerable regular expression pattern could lead to a Regular Expression Denial of Service (ReDoS) attack.",MEDIUM,6.5,CWE-1333,2025
CVE-2025-0368,"The Banner Garden Plugin for WordPress plugin through 0.1.3 does not sanitise and escape a parameter before outputting it back in the page, leading to a Reflected Cross-Site Scripting which could be used against high privilege users such as admin or unauthenticated users.",MEDIUM,6.1,CWE-79,2025
CVE-2025-0369,"The JetEngine plugin for WordPress is vulnerable to Stored Cross-Site Scripting via the ‘list_tag’ parameter in all versions up to, and including, 3.6.2 due to insufficient input sanitization and output escaping. This makes it possible for authenticated attackers, with Contributor-level access and above, to inject arbitrary web scripts in pages that will execute whenever a user accesses an injected page.",MEDIUM,6.4,CWE-79,2025
CVE-2025-0370,"The WP Shortcodes Plugin — Shortcodes Ultimate plugin for WordPress is vulnerable to Stored Cross-Site Scripting via the ‘src’ parameter in all versions up to, and including, 7.3.3 due to insufficient input sanitization and output escaping. This makes it possible for authenticated attackers, with Contributor-level access and above, to inject arbitrary web scripts in pages that will execute whenever a user accesses an injected page.",MEDIUM,6.4,CWE-79,2025
CVE-2025-0371,"The JetElements plugin for WordPress is vulnerable to Stored Cross-Site Scripting via several widgets in all versions up to, and including, 2.7.2.1 due to insufficient input sanitization and output escaping on user supplied attributes. This makes it possible for authenticated attackers, with contributor-level access and above, to inject arbitrary web scripts in pages that will execute whenever a user accesses an injected page.",MEDIUM,6.4,CWE-79,2025
CVE-2025-0373,"On 64-bit systems, the implementation of VOP_VPTOFH() in the cd9660, tarfs and ext2fs filesystems overflows the destination FID buffer by 4 bytes, a stack buffer overflow.

A NFS server that exports a cd9660, tarfs, or ext2fs file system can be made to panic by mounting and accessing the export with an NFS client.  Further exploitation (e.g., bypassing file permission checking or remote kernel code execution) is potentially possible, though this has not been demonstrated.  In particular, release kernels are compiled with stack protection enabled, and some instances of the overflow are caught by this mechanism, causing a panic.",MEDIUM,6.0,CWE-121,2025
CVE-2025-0374,"When etcupdate encounters conflicts while merging files, it saves a version containing conflict markers in /var/db/etcupdate/conflicts.  This version does not preserve the mode of the input file, and is world-readable.  This applies to files that would normally have restricted visibility, such as /etc/master.passwd.

An unprivileged local user may be able to read encrypted root and user passwords from the temporary master.passwd file created in /var/db/etcupdate/conflicts.  This is possible only when conflicts within the password file arise during an update, and the unprotected file is deleted when conflicts are resolved.",MEDIUM,6.5,CWE-732,2025
CVE-2025-0376,"An XSS vulnerability exists in GitLab CE/EE affecting all versions from 13.3 prior to 17.6.5, 17.7 prior to 17.7.4 and 17.8 prior to 17.8.2 that allows an attacker to execute unauthorized actions via a change page.",HIGH,8.7,CWE-79,2025
CVE-2025-0377,HashiCorp’s go-slug library is vulnerable to a zip-slip style attack when a non-existing user-provided path is extracted from the tar entry.,HIGH,7.5,CWE-59,2025
CVE-2025-0390,A vulnerability classified as critical was found in Guangzhou Huayi Intelligent Technology Jeewms up to 20241229. This vulnerability affects unknown code of the file /wmOmNoticeHController.do. The manipulation leads to path traversal: '../filedir'. The attack can be initiated remotely. The exploit has been disclosed to the public and may be used. Upgrading to version 20250101 is able to address this issue. It is recommended to upgrade the affected component.,MEDIUM,5.3,CWE-23,2025
CVE-2025-0391,"A vulnerability, which was classified as critical, has been found in Guangzhou Huayi Intelligent Technology Jeewms up to 20241229. This issue affects the function saveOrUpdate of the file org/jeecgframework/web/cgform/controller/build/CgFormBuildController. java. The manipulation leads to sql injection. The attack may be initiated remotely. The exploit has been disclosed to the public and may be used. Upgrading to version 20250101 is able to address this issue. It is recommended to upgrade the affected component.",MEDIUM,6.3,CWE-74,2025
CVE-2025-0392,"A vulnerability, which was classified as critical, was found in Guangzhou Huayi Intelligent Technology Jeewms up to 20241229. Affected is the function datagridGraph of the file /graphReportController.do. The manipulation of the argument store_code leads to sql injection. It is possible to launch the attack remotely. The exploit has been disclosed to the public and may be used. Upgrading to version 20250101 is able to address this issue. It is recommended to upgrade the affected component.",MEDIUM,6.3,CWE-74,2025
CVE-2025-0393,"The Royal Elementor Addons and Templates plugin for WordPress is vulnerable to Cross-Site Request Forgery in all versions up to, and including, 1.7.1006. This is due to missing or incorrect nonce validation on the wpr_filter_grid_posts() function. This makes it possible for unauthenticated attackers to inject malicious web scripts via a forged request granted they can trick a site administrator into performing an action such as clicking on a link.",MEDIUM,6.1,CWE-352,2025
CVE-2025-0394,"The WordPress CRM, Email & Marketing Automation for WordPress | Award Winner — Groundhogg plugin for WordPress is vulnerable to arbitrary file uploads due to missing file type validation in the gh_big_file_upload() function in all versions up to, and including, 3.7.3.5. This makes it possible for authenticated attackers, with Author-level access and above, to upload arbitrary files on the affected site's server which may make remote code execution possible.",HIGH,8.8,CWE-434,2025
CVE-2025-0395,"When the assert() function in the GNU C Library versions 2.13 to 2.40 fails, it does not allocate enough space for the assertion failure message string and size information, which may lead to a buffer overflow if the message string size aligns to page size.",HIGH,7.5,CWE-131,2025
CVE-2025-0396,"A vulnerability, which was classified as critical, has been found in exelban stats up to 2.11.21. This issue affects the function shouldAcceptNewConnection of the component XPC Service. The manipulation leads to command injection. It is possible to launch the attack on the local host. Upgrading to version 2.11.22 is able to address this issue. It is recommended to upgrade the affected component.",HIGH,7.8,CWE-74,2025
CVE-2025-0397,"A vulnerability, which was classified as problematic, was found in reckcn SPPanAdmin 1.0. Affected is an unknown function of the file /;/admin/role/edit. The manipulation of the argument name leads to cross site scripting. It is possible to launch the attack remotely. The exploit has been disclosed to the public and may be used. Other parameters might be affected as well. The vendor was contacted early about this disclosure but did not respond in any way.",LOW,3.5,CWE-79,2025
CVE-2025-0398,A vulnerability has been found in longpi1 warehouse 1.0 and classified as problematic. Affected by this vulnerability is an unknown functionality of the file /resources/..;/inport/updateInport of the component Backend. The manipulation of the argument remark leads to cross site scripting. The attack can be launched remotely. The exploit has been disclosed to the public and may be used.,LOW,2.4,CWE-79,2025
CVE-2025-0399,A vulnerability was found in StarSea99 starsea-mall 1.0. It has been declared as critical. This vulnerability affects the function UploadController of the file src/main/java/com/siro/mall/controller/common/uploadController.java. The manipulation of the argument file leads to unrestricted upload. The attack can be initiated remotely. The exploit has been disclosed to the public and may be used.,MEDIUM,4.7,CWE-284,2025
CVE-2025-0400,A vulnerability was found in StarSea99 starsea-mall 1.0. It has been rated as problematic. This issue affects some unknown processing of the file /admin/categories/update. The manipulation of the argument categoryName leads to cross site scripting. The attack may be initiated remotely. The exploit has been disclosed to the public and may be used.,LOW,2.4,CWE-79,2025
CVE-2025-0401,A vulnerability classified as critical has been found in 1902756969 reggie 1.0. Affected is the function download of the file src/main/java/com/itheima/reggie/controller/CommonController.java. The manipulation of the argument name leads to path traversal. It is possible to launch the attack remotely. The exploit has been disclosed to the public and may be used.,MEDIUM,5.3,CWE-22,2025
CVE-2025-0402,A vulnerability classified as critical was found in 1902756969 reggie 1.0. Affected by this vulnerability is the function upload of the file src/main/java/com/itheima/reggie/controller/CommonController.java. The manipulation of the argument file leads to unrestricted upload. The attack can be launched remotely. The exploit has been disclosed to the public and may be used.,MEDIUM,6.3,CWE-284,2025
CVE-2025-0403,"A vulnerability, which was classified as problematic, has been found in 1902756969 reggie 1.0. Affected by this issue is some unknown functionality of the file /user/sendMsg of the component Phone Number Validation Handler. The manipulation of the argument code leads to information disclosure. The attack may be launched remotely. The exploit has been disclosed to the public and may be used.",MEDIUM,5.3,CWE-200,2025
CVE-2025-0404,A vulnerability has been found in liujianview gymxmjpa 1.0 and classified as critical. This vulnerability affects the function CoachController of the file src/main/java/com/liujian/gymxmjpa/controller/CoachController.java. The manipulation of the argument coachName leads to sql injection. The attack can be initiated remotely. The exploit has been disclosed to the public and may be used.,MEDIUM,6.3,CWE-74,2025
CVE-2025-0405,A vulnerability was found in liujianview gymxmjpa 1.0 and classified as critical. This issue affects the function GoodsDaoImpl of the file src/main/java/com/liujian/gymxmjpa/controller/GoodsController.java. The manipulation of the argument goodsName leads to sql injection. The attack may be initiated remotely. The exploit has been disclosed to the public and may be used.,MEDIUM,6.3,CWE-74,2025
CVE-2025-0406,A vulnerability was found in liujianview gymxmjpa 1.0. It has been classified as critical. Affected is the function SubjectDaoImpl of the file src/main/java/com/liujian/gymxmjpa/controller/SubjectController.java. The manipulation of the argument subname leads to sql injection. It is possible to launch the attack remotely. The exploit has been disclosed to the public and may be used.,MEDIUM,6.3,CWE-74,2025
CVE-2025-0407,A vulnerability was found in liujianview gymxmjpa 1.0. It has been declared as critical. Affected by this vulnerability is the function EquipmentDaoImpl of the file src/main/java/com/liujian/gymxmjpa/controller/EquipmentController.java. The manipulation of the argument hyname leads to sql injection. The attack can be launched remotely. The exploit has been disclosed to the public and may be used.,MEDIUM,6.3,CWE-74,2025
CVE-2025-0408,A vulnerability was found in liujianview gymxmjpa 1.0. It has been rated as critical. Affected by this issue is the function LoosDaoImpl of the file src/main/java/com/liujian/gymxmjpa/controller/LoosController.java. The manipulation of the argument loosName leads to sql injection. The attack may be launched remotely. The exploit has been disclosed to the public and may be used.,MEDIUM,6.3,CWE-74,2025
CVE-2025-0409,A vulnerability classified as critical has been found in liujianview gymxmjpa 1.0. This affects the function MembertypeDaoImpl of the file src/main/java/com/liujian/gymxmjpa/controller/MembertypeController.java. The manipulation of the argument typeName leads to sql injection. It is possible to initiate the attack remotely. The exploit has been disclosed to the public and may be used.,MEDIUM,6.3,CWE-74,2025
CVE-2025-0410,A vulnerability classified as critical was found in liujianview gymxmjpa 1.0. This vulnerability affects the function MenberDaoInpl of the file src/main/java/com/liujian/gymxmjpa/controller/MenberConntroller.java. The manipulation of the argument hyname leads to sql injection. The attack can be initiated remotely. The exploit has been disclosed to the public and may be used.,MEDIUM,6.3,CWE-74,2025
CVE-2025-0411,"7-Zip Mark-of-the-Web Bypass Vulnerability. This vulnerability allows remote attackers to bypass the Mark-of-the-Web protection mechanism on affected installations of 7-Zip. User interaction is required to exploit this vulnerability in that the target must visit a malicious page or open a malicious file.

The specific flaw exists within the handling of archived files. When extracting files from a crafted archive that bears the Mark-of-the-Web, 7-Zip does not propagate the Mark-of-the-Web to the extracted files. An attacker can leverage this vulnerability to execute arbitrary code in the context of the current user. Was ZDI-CAN-25456.",HIGH,7.0,CWE-693,2025
CVE-2025-0419,Improper Neutralization of Input During Web Page Generation (XSS or 'Cross-site Scripting') vulnerability in Zirve Information Technologies Inc. Zirve Nova allows Cross-Site Scripting (XSS).This issue affects Zirve Nova: from 235 through 20250131.,MEDIUM,4.7,CWE-79,2025
CVE-2025-0420,Improper Neutralization of Input During Web Page Generation (XSS or 'Cross-site Scripting') vulnerability in Paraşüt Software Paraşüt allows Cross-Site Scripting (XSS).This issue affects Paraşüt: from 0.0.0.65efa44e through 20250204.,MEDIUM,4.7,CWE-79,2025
CVE-2025-0426,A security issue was discovered in Kubernetes where a large number of container checkpoint requests made to the unauthenticated kubelet read-only HTTP endpoint may cause a Node Denial of Service by filling the Node's disk.,MEDIUM,6.2,CWE-400,2025
CVE-2025-0427,"Use After Free vulnerability in Arm Ltd Bifrost GPU Kernel Driver, Arm Ltd Valhall GPU Kernel Driver, Arm Ltd Arm 5th Gen GPU Architecture Kernel Driver allows a local non-privileged user process to perform valid GPU processing operations to gain access to already freed memory.This issue affects Bifrost GPU Kernel Driver: from r8p0 through r49p3, from r50p0 through r51p0; Valhall GPU Kernel Driver: from r19p0 through r49p3, from r50p0 through r53p0; Arm 5th Gen GPU Architecture Kernel Driver: from r41p0 through r49p3, from r50p0 through r53p0.",HIGH,7.8,CWE-416,2025
CVE-2025-0428,"The ""AI Power: Complete AI Pack"" plugin for WordPress is vulnerable to PHP Object Injection in versions up to, and including, 1.8.96 via deserialization of untrusted input from the $form['post_content'] variable through the wpaicg_export_prompts function. This allows authenticated attackers, with administrative privileges, to inject a PHP Object. No POP chain is present in the vulnerable plugin. If a POP chain is present via an additional plugin or theme installed on the target system, it could allow the attacker to delete arbitrary files, retrieve sensitive data, or execute code.",HIGH,7.2,CWE-502,2025
CVE-2025-0429,"The ""AI Power: Complete AI Pack"" plugin for WordPress is vulnerable to PHP Object Injection in versions up to, and including, 1.8.96 via deserialization of untrusted input from the $form['post_content'] variable through the wpaicg_export_ai_forms() function. This allows authenticated attackers, with administrative privileges, to inject a PHP Object. No POP chain is present in the vulnerable plugin. If a POP chain is present via an additional plugin or theme installed on the target system, it could allow the attacker to delete arbitrary files, retrieve sensitive data, or execute code.",HIGH,7.2,CWE-502,2025
CVE-2025-0430,"Belledonne Communications Linphone-Desktop 
 is vulnerable to a NULL Dereference vulnerability, which could allow a remote attacker to create a denial-of-service condition.",HIGH,7.5,CWE-476,2025
CVE-2025-0431,"Enterprise Protection contains a vulnerability in URL rewriting that allows an unauthenticated remote attacker to send an email which bypasses URL protections impacting the integrity of recipient's email.  This occurs due to improper filtering of backslashes within URLs and affects all versions of 8.21, 8.20 and 8.18 prior to 8.21.0 patch 5115, 8.20.6 patch 5114 and 8.18.6 patch 5113 respectively.",MEDIUM,5.8,CWE-790,2025
CVE-2025-0432,"EWON Flexy 202 transmits user credentials in clear text with no encryption when a user is added, or user credentials are changed via its webpage.",MEDIUM,5.7,CWE-319,2025
CVE-2025-0433,"The Master Addons – Elementor Addons with White Label, Free Widgets, Hover Effects, Conditions, & Animations plugin for WordPress is vulnerable to Stored Cross-Site Scripting via the ‘id’ parameter in all versions up to, and including, 2.0.7.1 due to insufficient input sanitization and output escaping. This makes it possible for authenticated attackers, with Contributor-level access and above, to inject arbitrary web scripts in pages that will execute whenever a user accesses an injected page.",MEDIUM,6.4,CWE-79,2025
CVE-2025-0434,Out of bounds memory access in V8 in Google Chrome prior to 132.0.6834.83 allowed a remote attacker to potentially exploit heap corruption via a crafted HTML page. (Chromium security severity: High),HIGH,8.8,CWE-122,2025
CVE-2025-0435,Inappropriate implementation in Navigation in Google Chrome on Android prior to 132.0.6834.83 allowed a remote attacker to perform UI spoofing via a crafted HTML page. (Chromium security severity: High),MEDIUM,6.5,CWE-451,2025
CVE-2025-0436,Integer overflow in Skia in Google Chrome prior to 132.0.6834.83 allowed a remote attacker to potentially exploit heap corruption via a crafted HTML page. (Chromium security severity: High),HIGH,8.8,CWE-472,2025
CVE-2025-0437,Out of bounds read in Metrics in Google Chrome prior to 132.0.6834.83 allowed a remote attacker to potentially exploit heap corruption via a crafted HTML page. (Chromium security severity: High),HIGH,8.8,CWE-125,2025
CVE-2025-0438,Stack buffer overflow in Tracing in Google Chrome prior to 132.0.6834.83 allowed a remote attacker to potentially exploit stack corruption via a crafted HTML page. (Chromium security severity: High),HIGH,8.8,CWE-121,2025
CVE-2025-0439,Race in Frames in Google Chrome prior to 132.0.6834.83 allowed a remote attacker who convinced a user to engage in specific UI gestures to perform UI spoofing via a crafted HTML page. (Chromium security severity: Medium),MEDIUM,6.5,CWE-362,2025
CVE-2025-0440,Inappropriate implementation in Fullscreen in Google Chrome on Windows prior to 132.0.6834.83 allowed a remote attacker to perform UI spoofing via a crafted HTML page. (Chromium security severity: Medium),MEDIUM,6.5,CWE-290,2025
CVE-2025-0441,Inappropriate implementation in Fenced Frames in Google Chrome prior to 132.0.6834.83 allowed a remote attacker to obtain potentially sensitive information from the system via a crafted HTML page. (Chromium security severity: Medium),MEDIUM,6.5,CWE-200,2025
CVE-2025-0442,Inappropriate implementation in Payments in Google Chrome prior to 132.0.6834.83 allowed a remote attacker who convinced a user to engage in specific UI gestures to perform UI spoofing via a crafted HTML page. (Chromium security severity: Medium),MEDIUM,6.5,CWE-290,2025
CVE-2025-0443,Insufficient data validation in Extensions in Google Chrome prior to 132.0.6834.83 allowed a remote attacker who convinced a user to engage in specific UI gestures to perform privilege escalation via a crafted HTML page. (Chromium security severity: Medium),HIGH,8.8,CWE-79,2025
CVE-2025-0444,Use after free in Skia in Google Chrome prior to 133.0.6943.53 allowed a remote attacker to potentially exploit heap corruption via a crafted HTML page. (Chromium security severity: High),MEDIUM,6.3,CWE-416,2025
CVE-2025-0445,Use after free in V8 in Google Chrome prior to 133.0.6943.53 allowed a remote attacker to potentially exploit heap corruption via a crafted HTML page. (Chromium security severity: High),MEDIUM,5.4,CWE-416,2025
CVE-2025-0446,Inappropriate implementation in Extensions in Google Chrome prior to 132.0.6834.83 allowed a remote attacker who convinced a user to engage in specific UI gestures to perform UI spoofing via a crafted Chrome Extension. (Chromium security severity: Low),MEDIUM,4.3,CWE-451,2025
CVE-2025-0447,Inappropriate implementation in Navigation in Google Chrome prior to 132.0.6834.83 allowed a remote attacker to perform privilege escalation via a crafted HTML page. (Chromium security severity: Low),HIGH,8.8,CWE-79,2025
CVE-2025-0448,Inappropriate implementation in Compositing in Google Chrome prior to 132.0.6834.83 allowed a remote attacker to perform UI spoofing via a crafted HTML page. (Chromium security severity: Low),MEDIUM,4.3,CWE-79,2025
CVE-2025-0450,"The Betheme plugin for WordPress is vulnerable to Stored Cross-Site Scripting via the plugin's custom JS functionality in all versions up to, and including, 27.6.1 due to insufficient input sanitization and output escaping on user supplied attributes. This makes it possible for authenticated attackers, with contributor-level access and above, to inject arbitrary web scripts in pages that will execute whenever a user accesses an injected page.",MEDIUM,6.4,CWE-79,2025
CVE-2025-0451,Inappropriate implementation in Extensions API in Google Chrome prior to 133.0.6943.53 allowed a remote attacker who convinced a user to engage in specific UI gestures to perform UI spoofing via a crafted Chrome Extension. (Chromium security severity: Medium),MEDIUM,6.3,CWE-451,2025
CVE-2025-0453,"In mlflow/mlflow version 2.17.2, the `/graphql` endpoint is vulnerable to a denial of service attack. An attacker can create large batches of queries that repeatedly request all runs from a given experiment. This can tie up all the workers allocated by MLFlow, rendering the application unable to respond to other requests. This vulnerability is due to uncontrolled resource consumption.",HIGH,7.5,CWE-400,2025
CVE-2025-0454,"A Server-Side Request Forgery (SSRF) vulnerability was identified in the Requests utility of significant-gravitas/autogpt versions prior to v0.4.0. The vulnerability arises due to a hostname confusion between the `urlparse` function from the `urllib.parse` library and the `requests` library. A malicious user can exploit this by submitting a specially crafted URL, such as `http://localhost:\@google.com/../`, to bypass the SSRF check and perform an SSRF attack.",HIGH,7.5,CWE-918,2025
CVE-2025-0455,"The airPASS from NetVision Information has a SQL Injection vulnerability, allowing unauthenticated remote attackers to inject arbitrary SQL commands to read, modify, and delete database contents.",CRITICAL,9.8,CWE-89,2025
CVE-2025-0456,"The airPASS from NetVision Information has a Missing Authentication vulnerability, allowing unauthenticated remote attackers to access the specific administrative functionality to retrieve * all accounts and passwords.",CRITICAL,9.8,CWE-306,2025
CVE-2025-0457,"The airPASS from NetVision Information has an OS Command Injection vulnerability, allowing remote attackers with regular privileges to inject and execute arbitrary OS commands.",HIGH,8.8,CWE-78,2025
CVE-2025-0458,A vulnerability classified as problematic was found in Virtual Computer Vysual RH Solution 2024.12.1. Affected by this vulnerability is an unknown functionality of the file /index.php of the component Login Panel. The manipulation of the argument page leads to cross site scripting. The attack can be launched remotely. The exploit has been disclosed to the public and may be used. The vendor was contacted early about this disclosure but did not respond in any way.,MEDIUM,4.3,CWE-79,2025
CVE-2025-0459,"A vulnerability, which was classified as problematic, has been found in libretro RetroArch up to 1.19.1 on Windows. Affected by this issue is some unknown functionality in the library profapi.dll of the component Startup. The manipulation leads to untrusted search path. An attack has to be approached locally. The vendor was contacted early about this disclosure but did not respond in any way.",MEDIUM,5.3,CWE-426,2025
CVE-2025-0460,"A vulnerability, which was classified as critical, was found in Blog Botz for Journal Theme 1.0 on OpenCart. This affects an unknown part of the file /index.php?route=extension/module/blog_add. The manipulation of the argument image leads to unrestricted upload. It is possible to initiate the attack remotely. The exploit has been disclosed to the public and may be used. The vendor was contacted early about this disclosure but did not respond in any way.",HIGH,7.3,CWE-284,2025
CVE-2025-0461,A vulnerability has been found in Shanghai Lingdang Information Technology Lingdang CRM up to 8.6.0.0 and classified as problematic. This vulnerability affects unknown code of the file /crm/weixinmp/index.php?userid=123&module=Users&usid=1&action=UsersAjax&minipro_const_type=1&related_module=Singin. The manipulation of the argument pathfile leads to path traversal. The attack can be initiated remotely. The exploit has been disclosed to the public and may be used. The vendor was contacted early about this disclosure but did not respond in any way.,MEDIUM,4.3,CWE-22,2025
CVE-2025-0462,A vulnerability was found in Shanghai Lingdang Information Technology Lingdang CRM up to 8.6.0.0 and classified as critical. This issue affects some unknown processing of the file /crm/weixinmp/index.php?userid=123&module=Users&usid=1&action=UsersAjax&minipro_const_type=1. The manipulation of the argument searchcontent leads to sql injection. The attack may be initiated remotely. The exploit has been disclosed to the public and may be used. The vendor was contacted early about this disclosure but did not respond in any way.,MEDIUM,6.3,CWE-74,2025
CVE-2025-0463,A vulnerability was found in Shanghai Lingdang Information Technology Lingdang CRM up to 8.6.0.0. It has been classified as critical. Affected is an unknown function of the file /crm/weixinmp/index.php?userid=123&module=Users&usid=1&action=UsersAjax&minipro_const_type=1&related_module=Singin. The manipulation of the argument name leads to unrestricted upload. It is possible to launch the attack remotely. The exploit has been disclosed to the public and may be used. The vendor was contacted early about this disclosure but did not respond in any way.,MEDIUM,6.3,CWE-284,2025
CVE-2025-0464,A vulnerability was found in SourceCodester Task Reminder System 1.0. It has been declared as problematic. Affected by this vulnerability is an unknown functionality of the component Maintenance Section. The manipulation of the argument System Name leads to cross site scripting. The attack can be launched remotely. The exploit has been disclosed to the public and may be used.,LOW,2.4,CWE-79,2025
CVE-2025-0465,A vulnerability was found in AquilaCMS 1.412.13. It has been rated as critical. Affected by this issue is some unknown functionality of the file /api/v2/categories. The manipulation of the argument PostBody.populate leads to deserialization. The attack may be launched remotely. The exploit has been disclosed to the public and may be used. The vendor was contacted early about this disclosure but did not respond in any way.,HIGH,7.3,CWE-20,2025
CVE-2025-0466,"The Sensei LMS WordPress plugin before 4.24.4 does not properly protect some its REST API routes, allowing unauthenticated attackers to leak sensei_email and sensei_message Information.",MEDIUM,5.3,NVD-CWE-noinfo,2025
CVE-2025-0467,Kernel software installed and running inside a Guest VM may exploit memory shared with the GPU Firmware to write data outside the Guest's virtualised GPU memory.,HIGH,8.2,CWE-823,2025
CVE-2025-0468,"Software installed and run as a non-privileged user may conduct improper GPU system calls to subvert GPU HW to write to arbitrary physical memory pages.

Under certain circumstances this exploit could be used to corrupt data pages not allocated by the GPU driver but memory pages in use by the kernel and drivers running on the platform altering their behaviour.",HIGH,7.1,CWE-280,2025
CVE-2025-0469,"The Forminator Forms – Contact Form, Payment Form & Custom Form Builder plugin for WordPress is vulnerable to Stored Cross-Site Scripting via the slider template data in all versions up to, and including, 1.39.2 due to insufficient input sanitization and output escaping. This makes it possible for authenticated attackers, with Contributor-level access and above, to inject arbitrary web scripts in pages that will execute whenever a user accesses an injected page.",MEDIUM,6.4,CWE-79,2025
CVE-2025-0470,"The Forminator Forms – Contact Form, Payment Form & Custom Form Builder plugin for WordPress is vulnerable to Reflected Cross-Site Scripting via the title parameter in all versions up to, and including, 1.38.2 due to insufficient input sanitization and output escaping. This makes it possible for unauthenticated attackers to inject arbitrary web scripts in pages that execute if they can successfully trick a user into performing an action such as clicking on a link.",MEDIUM,6.1,CWE-79,2025
CVE-2025-0471,"Unrestricted file upload vulnerability in the PMB platform, affecting versions 4.0.10 and above. This vulnerability could allow an attacker to upload a file to gain remote access to the machine, being able to access, modify and execute commands freely.",CRITICAL,9.9,CWE-434,2025
CVE-2025-0472,Information exposure in the PMB platform affecting versions 4.2.13 and earlier. This vulnerability allows an attacker to upload a file to the environment and enumerate the internal files of a machine by looking at the request response.,HIGH,7.5,CWE-200,2025
CVE-2025-0473,"Vulnerability in the PMB platform that allows an attacker to persist temporary files on the server, affecting versions 4.0.10 and above. This vulnerability exists in the file upload functionality on the ‘/pmb/authorities/import/iimport_authorities’ endpoint. When a file is uploaded via this resource, the server will create a temporary file that will be deleted after the client sends a POST request to ‘/pmb/authorities/import/iimport_authorities’. This workflow is automated by the web client, however an attacker can trap and launch the second POST request to prevent the temporary file from being deleted.",MEDIUM,6.5,CWE-459,2025
CVE-2025-0474,"Invoice Ninja is vulnerable to authenticated Server-Side Request Forgery (SSRF) allowing for arbitrary file read and network resource requests as the application user.
This issue affects Invoice Ninja: from 5.8.56 through 5.11.23.",HIGH,7.7,CWE-918,2025
CVE-2025-0475,"An issue has been discovered in GitLab CE/EE affecting all versions from 15.10 prior to 17.7.6, 17.8 prior to 17.8.4, and 17.9 prior to 17.9.1. A proxy feature could potentially allow unintended content rendering leading to XSS under specific circumstances.",HIGH,8.7,CWE-79,2025
CVE-2025-0476,"Mattermost Mobile Apps versions <=2.22.0 fail to properly handle specially crafted attachment names, which allows an attacker to crash the mobile app for any user who opened a channel containing the specially crafted attachment",MEDIUM,4.3,CWE-1287,2025
CVE-2025-0478,"Software installed and run as a non-privileged user may conduct improper GPU system calls to issue reads and writes to arbitrary physical memory pages.

Under certain circumstances this exploit could be used to corrupt data pages not allocated by the GPU driver but memory pages in use by the kernel and drivers running on the platform, altering their behaviour.",HIGH,7.8,CWE-280,2025
CVE-2025-0480,A vulnerability classified as problematic has been found in wuzhicms 4.1.0. This affects the function test of the file coreframe/app/search/admin/config.php. The manipulation of the argument sphinxhost/sphinxport leads to server-side request forgery. It is possible to initiate the attack remotely. The exploit has been disclosed to the public and may be used.,MEDIUM,4.3,CWE-918,2025
CVE-2025-0481,A vulnerability classified as problematic has been found in D-Link DIR-878 1.03. Affected is an unknown function of the file /dllog.cgi of the component HTTP POST Request Handler. The manipulation leads to information disclosure. It is possible to launch the attack remotely. The exploit has been disclosed to the public and may be used.,MEDIUM,5.3,CWE-200,2025
CVE-2025-0482,"A vulnerability, which was classified as critical, was found in Fanli2012 native-php-cms 1.0. This affects an unknown part of the file /fladmin/user_recoverpwd.php. The manipulation leads to use of default credentials. It is possible to initiate the attack remotely. The exploit has been disclosed to the public and may be used.",HIGH,7.3,CWE-1392,2025
CVE-2025-0483,A vulnerability has been found in Fanli2012 native-php-cms 1.0 and classified as problematic. This vulnerability affects unknown code of the file /fladmin/jump.php. The manipulation of the argument message/error leads to cross site scripting. The attack can be initiated remotely. The exploit has been disclosed to the public and may be used.,LOW,3.5,CWE-79,2025
CVE-2025-0484,A vulnerability was found in Fanli2012 native-php-cms 1.0 and classified as critical. This issue affects some unknown processing of the file /fladmin/sysconfig_doedit.php of the component Backend. The manipulation leads to improper authorization. The attack may be initiated remotely. The exploit has been disclosed to the public and may be used.,HIGH,7.3,CWE-266,2025
CVE-2025-0485,A vulnerability was found in Fanli2012 native-php-cms 1.0. It has been classified as problematic. Affected is an unknown function of the file /fladmin/sysconfig_doedit.php. The manipulation of the argument info leads to cross site scripting. It is possible to launch the attack remotely. The exploit has been disclosed to the public and may be used.,LOW,3.5,CWE-79,2025
CVE-2025-0486,A vulnerability was found in Fanli2012 native-php-cms 1.0. It has been declared as critical. Affected by this vulnerability is an unknown functionality of the file /fladmin/login.php. The manipulation of the argument username leads to sql injection. The attack can be launched remotely. The exploit has been disclosed to the public and may be used.,HIGH,7.3,CWE-74,2025
CVE-2025-0487,A vulnerability was found in Fanli2012 native-php-cms 1.0. It has been rated as critical. Affected by this issue is some unknown functionality of the file /fladmin/cat_edit.php. The manipulation of the argument id leads to sql injection. The attack may be launched remotely. The exploit has been disclosed to the public and may be used.,MEDIUM,6.3,CWE-74,2025
CVE-2025-0488,A vulnerability classified as critical has been found in Fanli2012 native-php-cms 1.0. This affects an unknown part of the file product_list.php. The manipulation of the argument cat leads to sql injection. It is possible to initiate the attack remotely. The exploit has been disclosed to the public and may be used.,MEDIUM,6.3,CWE-74,2025
CVE-2025-0489,A vulnerability classified as critical was found in Fanli2012 native-php-cms 1.0. This vulnerability affects unknown code of the file /fladmin/friendlink_dodel.php. The manipulation of the argument id leads to sql injection. The attack can be initiated remotely. The exploit has been disclosed to the public and may be used.,MEDIUM,6.3,CWE-74,2025
CVE-2025-0490,"A vulnerability, which was classified as critical, has been found in Fanli2012 native-php-cms 1.0. This issue affects some unknown processing of the file /fladmin/article_dodel.php. The manipulation of the argument id leads to sql injection. The attack may be initiated remotely. The exploit has been disclosed to the public and may be used.",MEDIUM,6.3,CWE-74,2025
CVE-2025-0491,"A vulnerability, which was classified as critical, was found in Fanli2012 native-php-cms 1.0. Affected is an unknown function of the file /fladmin/cat_dodel.php. The manipulation of the argument id leads to sql injection. It is possible to launch the attack remotely. The exploit has been disclosed to the public and may be used.",MEDIUM,6.3,CWE-74,2025
CVE-2025-0492,A vulnerability has been found in D-Link DIR-823X 240126/240802 and classified as critical. Affected by this vulnerability is the function FUN_00412244. The manipulation leads to null pointer dereference. The attack can be launched remotely. The exploit has been disclosed to the public and may be used.,HIGH,7.5,CWE-404,2025
CVE-2025-0493,"The MultiVendorX – The Ultimate WooCommerce Multivendor Marketplace Solution plugin for WordPress is vulnerable to Limited  Local File Inclusion in all versions up to, and including, 4.2.14 via the tabname parameter. This makes it possible for unauthenticated attackers to include PHP files on the server, allowing the execution of any PHP code in those files. This can be used to bypass access controls, obtain sensitive data, or achieve code execution in cases where PHP files can be uploaded and included",CRITICAL,9.8,CWE-22,2025
CVE-2025-0500,"An issue in the native clients for Amazon WorkSpaces (when running Amazon DCV protocol), Amazon AppStream 2.0, and Amazon DCV Clients may allow an attacker to access remote sessions via man-in-the-middle.",HIGH,7.5,CWE-295,2025
